filename,gender,nudenet_labels
000887a56e3a20774f9681291cd06de0.jpg,female_soft,ARMPITS_EXPOSED|FACE_FEMALE
00531e34a8ace1219e2b301ffb4ea802.jpg,female_soft,ARMPITS_EXPOSED|BELLY_EXPOSED|FACE_FEMALE|FEMALE_BREAST_COVERED
00c0a6e4280248b9630edccee0abe3e3.jpg,female_soft,FACE_FEMALE
00c49bccaedb3745cb6647716c069e65.jpg,none,BUTTOCKS_EXPOSED|FEET_COVERED
00e1b67540da7bbf01fd34ac488e0b54.jpg,female_soft,FACE_FEMALE|FEMALE_BREAST_COVERED
00fdc38b34d085d43070b2ac57096719.jpg,none,BELLY_EXPOSED|FEMALE_BREAST_COVERED
01158600a27e864e8f8975f91c6f7f1b.jpg,none,ARMPITS_EXPOSED|BUTTOCKS_EXPOSED|FEET_COVERED
0116ff1b1bd42c10290a8d238fcf1a83.jpg,female_soft,ARMPITS_EXPOSED|BELLY_EXPOSED|FACE_FEMALE|FEMALE_BREAST_COVERED|FEMALE_GENITALIA_COVERED
012d087c4de1e7471732a6360cb322e1.jpg,none,ARMPITS_EXPOSED|BELLY_EXPOSED|FEET_EXPOSED|FEMALE_BREAST_COVERED|FEMALE_GENITALIA_COVERED
015f1719b791730c54ce73450bc0ca56.jpg,female_soft,ARMPITS_EXPOSED|BELLY_EXPOSED|FACE_FEMALE|FEMALE_BREAST_COVERED|FEMALE_GENITALIA_COVERED
01bf06285d2cfaa1d5d64393ddcd1a99.jpg,female,BELLY_EXPOSED|FACE_FEMALE|FEMALE_BREAST_COVERED|FEMALE_BREAST_EXPOSED
01c098b0c45f7c3f78b497e2f259fe0a.jpg,none,FEET_EXPOSED
01f31803fb8e27aeb19b9987e497882b.jpg,female_soft,ARMPITS_EXPOSED|FACE_FEMALE|FEMALE_BREAST_COVERED
01fbe65aee20ac4c921837143e935d64.jpg,female,ARMPITS_EXPOSED|FACE_FEMALE|FEET_EXPOSED|FEMALE_BREAST_EXPOSED
0200152d2e6135c6f177d4f5a7b423c0.jpg,none,FEET_COVERED|FEMALE_BREAST_COVERED
022f8305cd53b4e65902b588393ba6d6.jpg,female,FEMALE_BREAST_EXPOSED
02ea6aa9729f80a42579669c73d88cd2.jpg,female_soft,ARMPITS_EXPOSED|BELLY_COVERED|FACE_FEMALE|FEMALE_BREAST_COVERED|FEMALE_GENITALIA_COVERED
02f1f8076abe84f0d4754591d3f8064f.jpg,female,BELLY_EXPOSED|FEMALE_BREAST_COVERED|FEMALE_GENITALIA_COVERED|FEMALE_GENITALIA_EXPOSED
02fc80ace57fdd19bbb7693316b3c266.jpg,none,BUTTOCKS_EXPOSED
03407f1f42ef2c2dc83c6da0ff071311.jpg,none,
0358476128e4eaa2f4cc33f497a9139d.jpg,none,FEMALE_GENITALIA_COVERED
0370acc36ea3533becea347b8437b971.jpg,none,
037c4ca841865587616c2f76cd84ee45.jpg,female_soft,ARMPITS_EXPOSED|BELLY_EXPOSED|FACE_FEMALE|FEMALE_BREAST_COVERED
039ef25c3182b83647363f92101802b0.jpg,none,
03a041d67a3c7c3016671bfb79e501e0.jpg,female,ARMPITS_EXPOSED|FEMALE_BREAST_EXPOSED
03b455ceb51fa72e76792c269d4b89e1.jpg,none,FEMALE_BREAST_COVERED
03d374a9fbab8943818c8e73add7d8e3.jpg,both_soft,ARMPITS_EXPOSED|BELLY_EXPOSED|FACE_FEMALE|FACE_MALE|FEMALE_BREAST_COVERED|FEMALE_GENITALIA_COVERED
03da5bd9ff306287b3588c9a928e0d43.png,none,
03da67265dfad952320bfc78bd147014.jpg,female_soft,ARMPITS_EXPOSED|FACE_FEMALE|FEMALE_BREAST_COVERED
03e0fea09685826241f0a27310b72b20.jpg,female_soft,ARMPITS_EXPOSED|BELLY_EXPOSED|FACE_FEMALE|FEMALE_BREAST_COVERED|FEMALE_GENITALIA_COVERED
0405cf28287d7efe7175ef7a2040341e.jpg,female_soft,FACE_FEMALE|FEMALE_BREAST_COVERED
04316c0bc918c8256363ffb89e7e3af0.jpg,none,ARMPITS_EXPOSED|FEET_COVERED
047fd968c6cac469c0ab7b455dbae5b3.jpg,none,BUTTOCKS_EXPOSED
04b490e2a05a631e6c06d4ca21714d2f.jpg,none,ARMPITS_EXPOSED
04ba083ebf7501dcfc2a495d58780d8a.jpg,female_soft,BELLY_COVERED|FACE_FEMALE|FEMALE_BREAST_COVERED|FEMALE_GENITALIA_COVERED
04e48b146ef845020acac2873b49f80d.jpg,none,
04eff78eded42431ec48b5a5602a46c2.jpg,female_soft,FACE_FEMALE
051e66143082dd82fee939ee63e16c5b.jpg,none,FEET_EXPOSED
053e7f536ab1d764041c7b321b5bd354.jpg,none,ARMPITS_EXPOSED|BUTTOCKS_EXPOSED
0542374581251025489aaf4e243ff39b.jpg,none,BUTTOCKS_COVERED
057f93ca633b5de0ff7abc40753b670f.jpg,female_soft,BELLY_COVERED|FACE_FEMALE|FEMALE_BREAST_COVERED
060c5dfde079422dfe899b342e785552.jpg,female_soft,ARMPITS_EXPOSED|BUTTOCKS_COVERED|FACE_FEMALE|FEET_COVERED
060f3cfe200b169e9c5ff759f8ae9345.jpg,female_soft,BELLY_COVERED|FACE_FEMALE|FEMALE_BREAST_COVERED|FEMALE_GENITALIA_COVERED
0631d01e19e2c99635c80554a711d9cc.jpg,female_soft,BELLY_COVERED|FACE_FEMALE|FEMALE_BREAST_COVERED
065dd0622e9c39f350b71aa6f3cab515.jpg,female,ARMPITS_EXPOSED|BELLY_EXPOSED|FACE_FEMALE|FEMALE_BREAST_EXPOSED
06a57429456a2b06f9cc1d300b7e1663.jpg,female_soft,FACE_FEMALE
06a92e2836c7b2286d0dc133266f729e.jpg,none,BELLY_COVERED|FEMALE_BREAST_COVERED
06c0a30dfaccb9ea04aba7020b46dd82.jpg,female_soft,FACE_FEMALE|FEMALE_BREAST_COVERED
06c998a02c5a9da6f0fb2f861192a180.jpg,female_soft,FACE_FEMALE
06de899dee942e1286b60a7ebb619ae8.jpg,female_soft,FACE_FEMALE|FEMALE_BREAST_COVERED
06df17336b8524aff46e34f96e4bd086.jpg,female_soft,FACE_FEMALE|FEMALE_BREAST_COVERED
070340ceec927bed2d9aa73d08ced26e.jpg,none,BELLY_EXPOSED|FEET_EXPOSED
0704909bf9df7cdc0e863d695d4552f1.jpg,female_soft,ARMPITS_EXPOSED|BUTTOCKS_COVERED|FACE_FEMALE|FEMALE_BREAST_COVERED
073aab9063a94bde3567a6b20ee617db.jpg,female_soft,BUTTOCKS_COVERED|FACE_FEMALE|FEMALE_BREAST_COVERED
07487ee0c0f8c73a630557b2a4645591.jpg,female,BELLY_EXPOSED|FEMALE_BREAST_COVERED|FEMALE_BREAST_EXPOSED|FEMALE_GENITALIA_COVERED
0754264b4c3319233bbdee8fcab85578.jpg,female_soft,FACE_FEMALE|FEET_EXPOSED|FEMALE_BREAST_COVERED|FEMALE_GENITALIA_COVERED
077fd3c7213dcde753e4712ee7fa32b2.jpg,female_soft,BELLY_EXPOSED|FACE_FEMALE|FEET_EXPOSED|FEMALE_BREAST_COVERED|FEMALE_GENITALIA_COVERED
07c972f5317b9b31ac80fa0c857f9627.jpg,none,FEMALE_BREAST_COVERED
07da2696b408f442c1a8e6f523740301.jpg,none,FEET_COVERED
08026240849266d5927052f0fc189836.jpg,female,FACE_FEMALE|FEMALE_BREAST_EXPOSED|FEMALE_GENITALIA_COVERED
081ccb40d6e3bc7f503626a241b23cdf.jpg,female_soft,FACE_FEMALE|FEMALE_BREAST_COVERED
0849b3681b379699921f16f72b914ea1.jpg,none,BUTTOCKS_COVERED
0884951a820619bcb3578d709a14f3ba.jpg,none,
088eb6eae2068c907473b535f8f03c82.jpg,female_soft,BUTTOCKS_COVERED|FACE_FEMALE|FEET_COVERED
0895c76a852db071e04e19ba54806ca8.jpg,none,
089a6023708f8724f7356cbcce20753d.jpg,female,BUTTOCKS_EXPOSED|FEMALE_GENITALIA_EXPOSED
08a0edda3f7c752b6dfcae92807c52c3.jpg,female_soft,FACE_FEMALE|FEET_EXPOSED
08c65d088210fef996ea026de79513e3.jpg,none,BELLY_EXPOSED
08eae63d66202a22ccf6ce796e9c537c.jpg,female_soft,BELLY_EXPOSED|FACE_FEMALE|FEMALE_BREAST_COVERED|FEMALE_GENITALIA_COVERED
09275668825a3f7db11c6d1028a9e527.jpg,none,BUTTOCKS_COVERED
092a76376c9e6b939cc5c299bfee5b12.jpg,female_soft,ARMPITS_EXPOSED|BELLY_EXPOSED|FACE_FEMALE|FEMALE_BREAST_COVERED
0947de97c80e4962980d5dabc349d86c.jpg,none,ARMPITS_EXPOSED
095e33a64f90ca4c3d7a5a6cc22962e8.jpg,none,BUTTOCKS_EXPOSED
0962cc2922c39c6f468cbc89646e5f2e.jpg,female,ARMPITS_EXPOSED|FACE_FEMALE|FEMALE_BREAST_EXPOSED
09cd69016e4d22fd29881a22a434cd02.jpg,female_soft,ARMPITS_EXPOSED|FACE_FEMALE|FEMALE_BREAST_COVERED
09fa76e682dcf54fbf33bfbfc4cdf476.jpg,female_soft,ARMPITS_EXPOSED|FACE_FEMALE
0a5f54b41ca9966c56bb287bbb174f17.jpg,female_soft,BELLY_EXPOSED|FACE_FEMALE|FEMALE_BREAST_COVERED
0a61e0d203ef1c65cd4fbf1766659752.jpg,none,
0a750f5d43e8c66c0513781355f9a017.jpg,female_soft,BELLY_COVERED|FACE_FEMALE|FEMALE_BREAST_COVERED
0aa37ddd999b19c3b49fec9dbce9f7f3.jpg,female_soft,BUTTOCKS_COVERED|FACE_FEMALE|FEMALE_BREAST_COVERED
0aa3e5648212ee08a3ecdf8ccfef978c.jpg,female_soft,FACE_FEMALE|FEMALE_BREAST_COVERED
0ad5962300d3f2b8b71b1ef73d8bfc79.jpg,female_soft,BELLY_COVERED|FACE_FEMALE|FEMALE_BREAST_COVERED
0aea82ac38366efb47ef0ba539bb7195.jpg,female_soft,FACE_FEMALE
0aefa554aa9831c14234436b9e5cc1c0.jpg,none,
0af4d4ed9f7a214d6dc2130949987a4b.jpg,female,BELLY_EXPOSED|FACE_FEMALE|FEMALE_BREAST_EXPOSED
0b20988487b2eeae032f3068810aee82.jpg,none,FEMALE_BREAST_COVERED
0b28525fc0d2ef308013aa6750d0e0de.jpg,none,
0b2a8194c32a864c0283fb72f7f83df2.jpg,female_soft,ARMPITS_EXPOSED|BUTTOCKS_COVERED|FACE_FEMALE|FEMALE_BREAST_COVERED|FEMALE_GENITALIA_COVERED
0b6b8817275299beaa94da7d0ccf3c8d.jpg,female_soft,ARMPITS_EXPOSED|BELLY_COVERED|FACE_FEMALE|FEMALE_BREAST_COVERED
0bc56b5456f21d20cdc63fc625497c2a.jpg,both_soft,ARMPITS_EXPOSED|FACE_FEMALE|FACE_MALE|FEMALE_BREAST_COVERED
0bde1f2fe0b3e19928810c2753d777a2.jpg,none,BUTTOCKS_EXPOSED|FEET_EXPOSED
0c07063ac0453911ff41fbe38f5f23d2.jpg,female_soft,ARMPITS_EXPOSED|FACE_FEMALE|FEMALE_BREAST_COVERED
0c2d3d76d9be1c41ec1838dfaab358ef.jpg,none,FEMALE_BREAST_COVERED
0c3128f4349c7cf9bd1c89f5f215dec9.jpg,male_soft,BELLY_EXPOSED|MALE_BREAST_EXPOSED
0c6bfac7ce1f2d5597d01b319b2f05d0.jpg,female,BELLY_EXPOSED|FEMALE_BREAST_COVERED|FEMALE_BREAST_EXPOSED|FEMALE_GENITALIA_COVERED
0c8316705186bdf8bc97042a87a4921a.jpg,female,FACE_FEMALE|FEET_COVERED|FEMALE_BREAST_COVERED|FEMALE_BREAST_EXPOSED
0d087b5692c6d329b376ab87f8394dc7.jpg,none,
0d18dd6eb1b9863d3bb06f6511da04a1.jpg,none,BUTTOCKS_EXPOSED|FEET_EXPOSED
0d2d1e65bd87dfe5715e0f3c4886baaa.jpg,female_soft,BELLY_EXPOSED|FACE_FEMALE|FEET_COVERED|FEET_EXPOSED|FEMALE_BREAST_COVERED|FEMALE_GENITALIA_COVERED
0d308230849487481583d41443cf63bb.jpg,female_soft,FACE_FEMALE
0d434057f2235ef9b2d665af28f92383.jpg,none,ARMPITS_EXPOSED|FEET_COVERED|FEMALE_BREAST_COVERED
0d520aaa8cc16a67395af49e48164f03.jpg,female,ARMPITS_EXPOSED|BELLY_EXPOSED|FACE_FEMALE|FEMALE_BREAST_EXPOSED|FEMALE_GENITALIA_EXPOSED
0d76e75f03bcae34931a1caa420fbe05.jpg,female_soft,FACE_FEMALE
0d898e1a355bfa9a95e5315ea0729a42.jpg,none,BUTTOCKS_COVERED
0dbfeee2a1624202c7e43c8ea966c47f.jpg,none,ARMPITS_EXPOSED|BELLY_EXPOSED|FEMALE_BREAST_COVERED
0dc5f634c2c584e1aa758768e1ca19f2.jpg,female_soft,FACE_FEMALE|FEMALE_BREAST_COVERED
0dc86dee2e799b9911fea927d1b02970.jpg,none,FEMALE_BREAST_COVERED
0dfbde4993da6a8cbec39bddfebbfb1a.jpg,none,
0e1dbb987710fe1c7957de524db7232b.jpg,female,FACE_FEMALE|FACE_MALE|FEMALE_BREAST_COVERED|FEMALE_BREAST_EXPOSED
0e1e50043809fcd43671e73e998b06f9.jpg,none,
0e3b871ad5b783aae70bb376d3163068.jpg,none,BELLY_EXPOSED|FEET_EXPOSED|FEMALE_GENITALIA_COVERED
0e86031aa2f58bdd92e0e9e0318d670a.jpg,female,BELLY_EXPOSED|FACE_FEMALE|FEMALE_BREAST_COVERED|FEMALE_BREAST_EXPOSED
0eb1d600ac3e751956dd11031541f0be.jpg,none,
0eb424869ae628201eb112bdf508c393.jpg,none,
0ed26e4adff6f34d0bd326b42ead8833.jpg,none,BUTTOCKS_EXPOSED
0ed2ffaa4fe6f583ad6ab2fef6bd6e17.jpg,female_soft,FACE_FEMALE|FEMALE_BREAST_COVERED
0ed4873ae7da01d15ed5f0c70a68b436.jpg,female_soft,FACE_FEMALE
0ee83a038a815e2191b4bf1dc490322a.jpg,female_soft,FACE_FEMALE|FEMALE_BREAST_COVERED
0f09c6b2dddb5820d72746b1832a175b.jpg,female_soft,FACE_FEMALE|FEMALE_BREAST_COVERED
0f3e94e0b88ac568f28c29852a384d14.jpg,female,BUTTOCKS_EXPOSED|FEMALE_GENITALIA_EXPOSED
0f4906af2162f9575bc7b91440f54a8c.jpg,none,FEMALE_BREAST_COVERED
0f4ff5a21895d837ed9a045144d79f21.jpg,none,ARMPITS_EXPOSED|FEMALE_BREAST_COVERED
0f60444281323d22703a849c074c2d7a.jpg,none,FEET_EXPOSED
0f64f45ee3327655a0b729f1edfbf08e.jpg,none,
0f8ae4cbcaf0fe1bf17f5ba59930f615.jpg,none,ARMPITS_EXPOSED
0f99a81f1db7aa5a6ef67ce8e94c441b.jpg,female_soft,BELLY_EXPOSED|FACE_FEMALE|FEMALE_BREAST_COVERED|FEMALE_GENITALIA_COVERED
0fbdd4d333d22450bdc02989b6b4eea5.jpg,female,FACE_MALE|FEET_COVERED|FEMALE_BREAST_EXPOSED
0fda81c14ed74c1cf90239251f1ee5f4.jpg,female_soft,FACE_FEMALE|FEET_COVERED
0ffc1a824563582cd0ab5c445900c2fd.jpg,female,ARMPITS_EXPOSED|BELLY_EXPOSED|BUTTOCKS_EXPOSED|FACE_FEMALE|FEET_EXPOSED|FEMALE_BREAST_EXPOSED|FEMALE_GENITALIA_COVERED|FEMALE_GENITALIA_EXPOSED
100633aa58ddf5e4e1e7d78248e28387.jpg,female_soft,FACE_FEMALE|FEMALE_BREAST_COVERED
103a8b250fec8d134f14437da0e84a96.jpg,female_soft,ARMPITS_EXPOSED|FACE_FEMALE|FEET_COVERED|FEMALE_BREAST_COVERED
103ca398f8a7a03a7b901b5195b678a7.jpg,none,BUTTOCKS_EXPOSED
104e2fff8da8b389fb4e70f565dbbd5d.jpg,female,ARMPITS_EXPOSED|BELLY_EXPOSED|FEET_COVERED|FEMALE_BREAST_EXPOSED|FEMALE_GENITALIA_COVERED
105af0316bce38c74a927d35df590d6f.jpg,female,BELLY_EXPOSED|FACE_FEMALE|FEMALE_BREAST_COVERED|FEMALE_GENITALIA_EXPOSED
106b85747a263eef77ed62ab72dac1ad.jpg,none,BUTTOCKS_EXPOSED
106b85d34c55176d3dff8c018911776a.jpg,none,FEMALE_BREAST_COVERED
10c2c83781ff181ec440b09b82815ea3.jpg,none,BELLY_EXPOSED
10dfa6873c87efa6d4b588ec9750d224.jpg,none,FEET_COVERED
111eedbe3afe28e202f862adb8094d49.jpg,female_soft,ARMPITS_EXPOSED|FACE_FEMALE|FEMALE_BREAST_COVERED
113625bfd1c10b73955a31f6f490ee6c.jpg,female_soft,FACE_FEMALE|FEMALE_BREAST_COVERED
113980a9a1fe4ab8df85faae19442f0d.jpg,none,ARMPITS_EXPOSED|BELLY_EXPOSED|FEMALE_BREAST_COVERED
11449e6c31f255ff8e9e360dd7033135.jpg,none,BUTTOCKS_EXPOSED
11460d0b33b2e74f30124e9db8d5f446.jpg,female_soft,FACE_FEMALE|FEMALE_BREAST_COVERED
1151ca937cb474991afe10cb46943424.jpg,none,BELLY_EXPOSED|FEMALE_BREAST_COVERED|FEMALE_GENITALIA_COVERED
116e1897c56d7e63cf7dcfff63d0c016.jpg,female,BUTTOCKS_EXPOSED|FEET_EXPOSED|FEMALE_GENITALIA_EXPOSED
11a07a242bba5357281ce219dfed8b42.jpg,female_soft,FACE_FEMALE|FEMALE_BREAST_COVERED|FEMALE_GENITALIA_COVERED
11b1c2a5ef818ef7fad76dc8704dcad5.jpg,female_soft,ARMPITS_EXPOSED|FACE_FEMALE
1201e27e7dd1d042c60bc4762a897b64.jpg,none,
12077f55b82f57ba53408bd302a0e790.jpg,female_soft,FACE_FEMALE|FEMALE_BREAST_COVERED
120f08aec862b2975ec74cc25cb10eae.jpg,female,ARMPITS_EXPOSED|FEMALE_BREAST_EXPOSED|FEMALE_GENITALIA_COVERED
121755b45bf4fd21f5a1bbe945844f9a.jpg,female_soft,FACE_FEMALE
1241c97c3e3db1df01a0c2a304f32191.jpg,female_soft,BELLY_EXPOSED|FACE_FEMALE|FEET_COVERED|FEMALE_BREAST_COVERED
1244b864e156c55754082c232e4b3304.jpg,none,BUTTOCKS_EXPOSED
1248fbedd6db25608e1a01ebd038a800.jpg,female_soft,BELLY_EXPOSED|FACE_FEMALE|FEMALE_BREAST_COVERED|FEMALE_GENITALIA_COVERED
1291bfbbc7ba428680b36a56f4ae6afe.jpg,female,FACE_FEMALE|FEMALE_BREAST_EXPOSED
129fd758f6770f8fb368108a5a0ddb7c.jpg,female,ARMPITS_EXPOSED|BELLY_EXPOSED|FEMALE_BREAST_EXPOSED
12d049acce92acacc292ef9f3f038996.jpg,female,FACE_FEMALE|FEMALE_BREAST_EXPOSED
12d6de16005ea0ad2d08d968954a420d.jpg,none,
12e66a087f13385205e2e4749842c782.jpg,female_soft,BELLY_EXPOSED|FACE_FEMALE|FEMALE_BREAST_COVERED|FEMALE_GENITALIA_COVERED
12e9b75a8247696c1d30d52fce3a4e75.jpg,female_soft,FACE_FEMALE
12ef3d33781c9576333c0071fd38a8d9.jpg,none,BELLY_EXPOSED|FEMALE_GENITALIA_COVERED
12fc34580967af1d52fa416a41505002.jpg,none,
130c1b0aea0578f9158a56ef2eb788a2.jpg,none,BELLY_COVERED|FEMALE_BREAST_COVERED
131f40fda9fda26f9939667edd8d3f88.jpg,female_soft,FACE_FEMALE|FEMALE_BREAST_COVERED
137384b31d8945fbce2bfad80476472c.jpg,female_soft,ARMPITS_EXPOSED|BELLY_EXPOSED|FACE_FEMALE|FEET_COVERED|FEMALE_BREAST_COVERED|FEMALE_GENITALIA_COVERED
137b072faa18f1f11341ef6d82898afa.jpg,none,ARMPITS_EXPOSED|BUTTOCKS_EXPOSED|FEET_COVERED
137d8a840e4657e5a8b1fcc2a4c1d9a2.jpg,none,BUTTOCKS_COVERED|FEET_EXPOSED
13a01405d4fda66b22860bee4221fcef.jpg,female,BELLY_EXPOSED|FACE_FEMALE|FEMALE_BREAST_EXPOSED
13aeb60478d5e0f17d0981724ead8ca0.jpg,male_soft,BELLY_EXPOSED|MALE_BREAST_EXPOSED
13db03f4b7a88f5226551fdbce3144e9.jpg,female_soft,FACE_FEMALE|FEMALE_BREAST_COVERED
1415315243ca7236c6c47b2d40378ac5.jpg,female_soft,FACE_FEMALE|FEMALE_BREAST_COVERED
14169ecd4bbf44c4a4db752c8fbe0abc.jpg,none,
14210f3f4c80a66ce3abb5f8434fffcd.jpg,none,ARMPITS_EXPOSED|BUTTOCKS_EXPOSED|FEET_EXPOSED
1421b6a0bcddff0535e8c8f9942ad205.jpg,female,FACE_FEMALE|FEMALE_BREAST_EXPOSED
144dd0be344813feaad52727970f8c8a.jpg,none,
14691093b23a1b0524a9a62728e02141.jpg,none,
148192c1776b34f2cd072b4e510dd789.png,none,
148ad1a5bb77dfab42c6228cd0124348.jpg,female,FACE_FEMALE|FEMALE_BREAST_EXPOSED
149a8acad42cda1d1581eaa5d68b44fd.jpg,female_soft,FACE_FEMALE
14a1e09fac9881186fc3a6f2bcd7f6ac.jpg,none,ARMPITS_EXPOSED
14a5acacf5a9edc30375d192e53c4dc7.jpg,none,
14d1c1e1e7588f287f0f40198e657d44.jpg,female_soft,ARMPITS_EXPOSED|BELLY_EXPOSED|FACE_FEMALE|FEMALE_BREAST_COVERED
14e25390879d07b684316a30f92cd011.jpg,none,FEET_EXPOSED
14f1922e9e6bfa16bef73694f47d995b.jpg,female_soft,FACE_FEMALE|FEMALE_BREAST_COVERED
14f5030bd3c1785f57b5f36100b9b1de.jpg,female_soft,FACE_FEMALE|FEET_COVERED|FEET_EXPOSED|FEMALE_BREAST_COVERED
1501e568c6b0bfff245a6ba02e3607e2.jpg,none,FEMALE_BREAST_COVERED
150aa4572f956cb644468c2d11a1ea49.jpg,male,FACE_FEMALE|MALE_GENITALIA_EXPOSED
15273f52c319bbd3cf96ab38dcb94a85.jpg,female,ARMPITS_EXPOSED|BELLY_EXPOSED|FACE_FEMALE|FEMALE_BREAST_EXPOSED
1547c12de9a1d9fe3532fd23bcacef65.jpg,female_soft,FACE_FEMALE
15624c802a3b74ea1d930934636cb99f.jpg,female_soft,BUTTOCKS_COVERED|FACE_FEMALE
15867ae5ce112926a64d03c5536ecbd7.jpg,female_soft,BUTTOCKS_EXPOSED|FACE_FEMALE
15a9aefcb22330e8da31c18a2514de7b.jpg,female_soft,ARMPITS_EXPOSED|FACE_FEMALE
15becc56cf8815da6fd036faf5f7bdb6.jpg,none,BUTTOCKS_EXPOSED
15d3d3c92789c432dfb744ca0710a42e.jpg,none,ARMPITS_EXPOSED|FEMALE_BREAST_COVERED
15e5aedfbcc9f331709a459ee25ff945.jpg,female_soft,BELLY_COVERED|FACE_FEMALE|FEMALE_BREAST_COVERED
15eff29b43734a496cf38a09ab5a7868.jpg,none,BELLY_EXPOSED|FEMALE_BREAST_COVERED
1612adf69c3f29e876dce636c9ddf3db.jpg,none,BUTTOCKS_EXPOSED
162831cd8d9101fb5bf2b69b56e6efbf.jpg,none,
164f9aef6a8ed506bdf2adfac9b516f4.jpg,none,ARMPITS_EXPOSED|BUTTOCKS_EXPOSED|FEET_EXPOSED
165d08a83dddd8b93279e39c4040fb62.jpg,none,BUTTOCKS_EXPOSED
167b43510eb4bb3dc7a3bdbd432d3079.jpg,none,BUTTOCKS_EXPOSED
1682f66b3a3d35443bdd4563bc78fdec.jpg,none,FEET_COVERED
16a67b22108120cce79b6e7ad7b34f5d.jpg,none,BUTTOCKS_EXPOSED|FEET_COVERED
16d02bfdb97578c7e0117332403758b9.jpg,female,ARMPITS_EXPOSED|BELLY_EXPOSED|FACE_FEMALE|FEMALE_BREAST_COVERED|FEMALE_BREAST_EXPOSED
16e8cbfa7fb5f643efe8ae325c29c1ad.jpg,none,ARMPITS_EXPOSED|BUTTOCKS_EXPOSED|FEET_EXPOSED|FEMALE_BREAST_COVERED
1736ed3fa3b4e1acd43a64fad10a2fc3.jpg,female_soft,ARMPITS_EXPOSED|BUTTOCKS_COVERED|FACE_FEMALE
175a745e1e141e60da6e9fe1b8ad21d2.jpg,female_soft,ARMPITS_EXPOSED|BELLY_EXPOSED|FACE_FEMALE|FEMALE_BREAST_COVERED|FEMALE_GENITALIA_COVERED
177f83ec3db9deea580aa27cda2817df.jpg,none,BUTTOCKS_COVERED
178e91d6b4fb5782dd111760765a5dff.jpg,none,
17b9bc384df91bbf048bf10180e402e1.jpg,male_soft,ARMPITS_EXPOSED|FACE_MALE
17c07c0090b73b991237ea08e51cf69d.jpg,none,
17c4f1d5835dee0a8ee37f5eee7700de.jpg,female_soft,FACE_FEMALE|FEMALE_BREAST_COVERED
17e28ad868dbdecfeb3c95daddd0a602.jpg,none,
17ef8fe914027b0da00a06378e7ce205.jpg,none,FEMALE_GENITALIA_COVERED
181d319afd407028b957dcac5182fe27.jpg,none,BUTTOCKS_EXPOSED|FEMALE_GENITALIA_COVERED
182b4501deb679c67ec71f82117b3bfa.jpg,female_soft,FACE_FEMALE|FEMALE_BREAST_COVERED
18566b8e7167a5622f7b3513d159d23b.jpg,female_soft,FACE_FEMALE
187916cb925d0dc7137e6573917248af.jpg,female_soft,FACE_FEMALE
188003fb7cde72dbe6fee53231d239d9.jpg,female_soft,ARMPITS_EXPOSED|FACE_FEMALE|FEMALE_BREAST_COVERED
1893fd173f429e186c5f4d4ca6c094ec.jpg,none,FEMALE_BREAST_COVERED
18bbf3c9fe89f26ddf73da11f0dd3dd8.jpg,female_soft,FACE_FEMALE
18efcdde05eaf34f007dc5e91b92f98e.jpg,female_soft,BELLY_COVERED|FACE_FEMALE|FEMALE_BREAST_COVERED
1901e72665cc5f3ddf15059e6e2349eb.jpg,female_soft,FACE_FEMALE|FEMALE_BREAST_COVERED
190541df936497c25640eecbfa09a050.jpg,female_soft,BELLY_EXPOSED|FACE_FEMALE|FEMALE_BREAST_COVERED|FEMALE_GENITALIA_COVERED
19071d268e2429712a23142635fcafa7.jpg,female_soft,FACE_FEMALE
1946f8999dd7bf1a6ac46413ed3aa998.jpg,none,BUTTOCKS_COVERED
194948801e3eb7604c23511929a20123.jpg,female_soft,FACE_FEMALE|FEMALE_BREAST_COVERED
194bcc5842be8ed783091802b59fa58d.jpg,none,ARMPITS_EXPOSED|BUTTOCKS_EXPOSED
196a4bea7f31bf4e2adcb11be2eeb949.jpg,female_soft,BELLY_EXPOSED|FACE_FEMALE|FEMALE_BREAST_COVERED
1971ab0eaa447e160e9e0de5020e6fe5.jpg,female_soft,ARMPITS_EXPOSED|FACE_FEMALE
197468824916d717e4dde46c9079249d.jpg,none,FEMALE_BREAST_COVERED
19e428056ab1d6eb184ba207569236a2.jpg,none,BUTTOCKS_EXPOSED
19fe4b7c78e13584b5644a17793670e9.jpg,female,ARMPITS_EXPOSED|FACE_FEMALE|FEMALE_BREAST_EXPOSED
1a1e88aea731665c86582618bb0dcbf2.jpg,none,BELLY_EXPOSED|FEMALE_BREAST_COVERED|FEMALE_GENITALIA_COVERED
1a23465c7c497841e46787a5c8409e65.jpg,female_soft,ARMPITS_EXPOSED|BELLY_EXPOSED|FACE_FEMALE|FEET_EXPOSED|FEMALE_BREAST_COVERED|FEMALE_GENITALIA_COVERED
1a236e5d48acda2fa04c3307ce04a459.jpg,none,BELLY_EXPOSED|FEMALE_GENITALIA_COVERED
1a33b811605160a38bd2c4e55e45a037.jpg,female_soft,BELLY_EXPOSED|FACE_FEMALE|FEMALE_BREAST_COVERED
1a4f462ca2e5c088a98cf0a1835d125a.jpg,none,ARMPITS_EXPOSED|BUTTOCKS_EXPOSED|FEET_COVERED
1a5e0bb68fde7721a6ef0b88bd836ed0.jpg,female_soft,BELLY_COVERED|FACE_FEMALE|FEMALE_BREAST_COVERED|FEMALE_GENITALIA_COVERED
1a65a587d71a96c98ea12f68be04b8d7.jpg,female_soft,FACE_FEMALE
1a7073bbd6a5e50f6f8ad7249134799f.jpg,female,BELLY_EXPOSED|FEMALE_BREAST_EXPOSED
1a9156d33a474a45e502abab769ebbd9.jpg,none,FEMALE_BREAST_COVERED
1a93b3374c2612b5cf2e750feb3bc6d4.jpg,none,
1aa75f7e36284df54cc263b2edd34c33.jpg,none,BUTTOCKS_EXPOSED|FEET_EXPOSED
1ab4e61fcbd134687f000b9752b57461.jpg,none,
1ac2d33be377f114ebbcc4b5da2a793b.jpg,female_soft,ARMPITS_EXPOSED|BELLY_EXPOSED|FACE_FEMALE|FEMALE_BREAST_COVERED|FEMALE_GENITALIA_COVERED
1ae5e32988c71c75b68c1ad974c91bab.jpg,female_soft,FACE_FEMALE|FEMALE_BREAST_COVERED
1b1924a0e106fd9fb9630e7896943ec1.jpg,none,BUTTOCKS_COVERED|FEET_COVERED
1b5d37f1c202582774d0ba88dceb5518.jpg,none,ARMPITS_EXPOSED|BUTTOCKS_COVERED|FEMALE_BREAST_COVERED
1b6c60bde1b46e5da6085afebc2169d5.jpg,female_soft,FACE_FEMALE|FEMALE_BREAST_COVERED
1b76ce35bcc10f4022f8441245f5f2ac.jpg,female_soft,FACE_FEMALE|FEMALE_BREAST_COVERED
1ba73abc70e09c165d2a7b97c2b5a51c.jpg,female,ARMPITS_EXPOSED|BELLY_EXPOSED|FACE_FEMALE|FEMALE_BREAST_EXPOSED|FEMALE_GENITALIA_EXPOSED
1bb92a4b3291846160800cf91694759f.jpg,none,
1bc07acc743567940f873a0f5faeeb78.jpg,none,BELLY_EXPOSED|BUTTOCKS_COVERED
1bc5b483405f8f860398d49e61cf4936.jpg,female_soft,FACE_FEMALE|FEMALE_BREAST_COVERED
1bda2ecaccd7a3f6d89cc83f8bd0adba.jpg,none,
1bf47a8678e6bc678fc3b39264667835.jpg,female_soft,ARMPITS_EXPOSED|BELLY_EXPOSED|FACE_FEMALE|FEMALE_BREAST_COVERED|FEMALE_GENITALIA_COVERED
1c219004dc1e7f23f9becfec9be191fb.jpg,none,BUTTOCKS_COVERED|BUTTOCKS_EXPOSED
1c457c81c9bf05022b13a6177ddf89fe.jpg,none,BUTTOCKS_COVERED
1c48506b587ddafad96aa59da47112ea.jpg,none,BUTTOCKS_COVERED|FEET_COVERED
1c7886b012068525b3ef4f99a584da7d.jpg,none,
1c8971fd77564ae58b2353bbbfd9b28f.jpg,female,ARMPITS_EXPOSED|BUTTOCKS_COVERED|FACE_FEMALE|FEMALE_BREAST_EXPOSED
1c98989cc573d3de11af7a71afa7f298.jpg,female,FEMALE_GENITALIA_EXPOSED
1cd108578e74eaa6600135e54a5c2793.jpg,female,ARMPITS_EXPOSED|BELLY_EXPOSED|FACE_FEMALE|FEMALE_BREAST_COVERED|FEMALE_BREAST_EXPOSED|FEMALE_GENITALIA_COVERED
1ce2167ecac30d1a702c56535cf5f97b.jpg,none,BELLY_EXPOSED|FEMALE_BREAST_COVERED
1ce909ccbb483d205122e1232662b114.jpg,female_soft,FACE_FEMALE|FEET_EXPOSED|FEMALE_BREAST_COVERED
1cea6b767b2324a1c02d175863448de2.jpg,female_soft,FACE_FEMALE|FEMALE_BREAST_COVERED
1d46e9a8d140e463904363e53c3eb50d.jpg,female_soft,ARMPITS_EXPOSED|BELLY_COVERED|FACE_FEMALE|FEMALE_BREAST_COVERED
1d4b89bfe456819aabce59976057a9fd.jpg,female_soft,FACE_FEMALE
1d4f8e67f468144011c57c279b67dab1.jpg,none,
1d75201e805b301735f4ae4c29f45c3f.jpg,female,FACE_FEMALE|FACE_MALE|FEMALE_BREAST_COVERED|FEMALE_BREAST_EXPOSED
1d956f383a90f3466f98d9515e970462.jpg,none,FEMALE_BREAST_COVERED
1d95c2fe8360d334afa875334a7363ac.jpg,none,ARMPITS_EXPOSED|BUTTOCKS_COVERED
1e01603ee74eabe1ba592d4a87efefe4.jpg,female_soft,ARMPITS_EXPOSED|BELLY_EXPOSED|FACE_FEMALE|FEMALE_BREAST_COVERED
1e04c365fc07c95458952f84fa6473c4.jpg,female_soft,ARMPITS_EXPOSED|FACE_FEMALE|FEMALE_BREAST_COVERED
1e0b7fd8adbd0f412a3b4053316b277d.jpg,none,BELLY_EXPOSED
1e2036c48e7a8ba372ece5390fb84c78.jpg,none,BELLY_EXPOSED|FEMALE_BREAST_COVERED
1e4b491618266457d43889f15ce10c8d.jpg,none,FEMALE_BREAST_COVERED
1e60ea2c81589604d1df741ebccb00ae.jpg,female_soft,ARMPITS_EXPOSED|FACE_FEMALE|FEMALE_BREAST_COVERED
1e887a104651f46f97fb387eae0ba950.jpg,female_soft,FACE_FEMALE
1ec391e94260898465760357d4ac8167.jpg,female_soft,FACE_FEMALE
1ee8696c737be679544702256ff1ca83.jpg,female_soft,ARMPITS_EXPOSED|BUTTOCKS_EXPOSED|FACE_FEMALE
1ef608a7dd0bb852a4764d10583c1e74.jpg,female_soft,FACE_FEMALE
1ef94c9e2adf9ba708fa85615e189a77.jpg,none,
1f0250e9777a4c34f3310dc701654421.jpg,none,ARMPITS_EXPOSED|BELLY_EXPOSED|FEET_COVERED|FEMALE_BREAST_COVERED|FEMALE_GENITALIA_COVERED
1f25b16fef0697cbbf887f0d65ca2aaf.jpg,none,BUTTOCKS_EXPOSED
1f2aa5a324eb5b5a25f2b2644a960283.jpg,female_soft,FACE_FEMALE|FEMALE_BREAST_COVERED
1f3c8447fdd457ac36c795e0b9ca05dd.jpg,none,ARMPITS_EXPOSED|BUTTOCKS_EXPOSED
1f5316cc06f961993991b6530413cfc4.jpg,female_soft,BELLY_COVERED|FACE_FEMALE|FEMALE_BREAST_COVERED|FEMALE_GENITALIA_COVERED
1f659bb6f87588a327bd3365a2c46fa8.jpg,none,BELLY_EXPOSED
1f7639821a6d07d2e250b70b3424cab7.jpg,none,FEMALE_BREAST_COVERED
1f79324f8ee347a0bf4431c329229dfc.jpg,none,FEMALE_GENITALIA_COVERED
1f9316efe76f5d7fa8642a36d708a133.jpg,female_soft,FACE_FEMALE
1fcaff3e190b994c6d5cbccb1979dcff.jpg,none,
1fcf19d07d84fa84fa36d4e6e2098360.jpg,none,BUTTOCKS_EXPOSED
1fd5a4e11eb486b9a74fdd0261986d92.jpg,female,ARMPITS_EXPOSED|BELLY_COVERED|FACE_FEMALE|FEMALE_BREAST_EXPOSED|FEMALE_GENITALIA_COVERED
2009d9ef2e14d61436d800b23f379219.jpg,female_soft,ARMPITS_EXPOSED|BELLY_EXPOSED|FACE_FEMALE|FEMALE_BREAST_COVERED
202c15c77c27783e320c51eb10cddf0d.jpg,none,
20553edb15a480eb7d27eebbc19adbe4.jpg,female_soft,FACE_FEMALE|FEMALE_BREAST_COVERED
20820d17ad1da88995a0f7cdcd60683c.jpg,female,FACE_FEMALE|FEMALE_BREAST_COVERED|FEMALE_BREAST_EXPOSED
208b9ea68400ef2dbbcd8fcbc53e952c.jpg,female_soft,BELLY_EXPOSED|FACE_FEMALE|FEMALE_BREAST_COVERED|FEMALE_GENITALIA_COVERED
20a750b8cfb773f4ce464184e92a8906.jpg,female_soft,ARMPITS_EXPOSED|FACE_FEMALE|FEMALE_BREAST_COVERED
20ce43bb4089f15171db9f356b012e95.jpg,female_soft,FACE_FEMALE|FEMALE_BREAST_COVERED
20d1edd3367a115fbe826e253bf65d59.jpg,none,
20d900ee13021470c303ccd3faf035b8.jpg,none,BUTTOCKS_EXPOSED
210f9a87d72504ce47987e888fef8578.jpg,none,
212a4a74807b1730b178badab5fa4acb.jpg,female_soft,BELLY_COVERED|FACE_FEMALE|FEMALE_BREAST_COVERED
217de627c05c12ce178ddcb089e996a3.jpg,both_soft,ARMPITS_EXPOSED|BELLY_EXPOSED|FACE_FEMALE|FACE_MALE|FEMALE_BREAST_COVERED
219f914862b9c079c3f154afbbbbda60.jpg,female_soft,BUTTOCKS_COVERED|FACE_FEMALE|FEMALE_BREAST_COVERED
21bbadb72e0f5ce63c47f38f1324ccde.jpg,female_soft,FACE_FEMALE|FEMALE_BREAST_COVERED
21ef513f948a198d3bb89c9854392a7d.jpg,female,BELLY_EXPOSED|FACE_FEMALE|FEMALE_BREAST_EXPOSED
21f6b48dc3f1cfd006bfcd822db5c727.jpg,female_soft,FACE_FEMALE|FEMALE_BREAST_COVERED
220e4b23af086ef60d0ba945676cc542.jpg,female_soft,BUTTOCKS_COVERED|FACE_FEMALE|FEET_COVERED|FEMALE_BREAST_COVERED
222d4021c9f5b11b8fb2d091923f0574.jpg,female_soft,ARMPITS_EXPOSED|BUTTOCKS_EXPOSED|FACE_FEMALE
2239b9369d8e153ac0e548f39b58efbd.jpg,none,ARMPITS_EXPOSED|BUTTOCKS_EXPOSED|FEMALE_BREAST_COVERED
2249e2a87e1dfac09e06de96d5254476.jpg,none,
22581acec52565cdd4991d394f6ea88f.jpg,none,
226dfba7bcbed1a876e2da8d725aa9b7.jpg,female_soft,ARMPITS_EXPOSED|BELLY_EXPOSED|BUTTOCKS_COVERED|FACE_FEMALE|FEET_COVERED|FEET_EXPOSED|FEMALE_BREAST_COVERED
226e0d69e688bd71e8f707d19fba629b.jpg,female_soft,BELLY_EXPOSED|FACE_FEMALE|FEET_COVERED|FEET_EXPOSED|FEMALE_BREAST_COVERED|FEMALE_GENITALIA_COVERED
2298ff6c5656dad7a9b45e785ee061d4.jpg,female_soft,ARMPITS_EXPOSED|BELLY_EXPOSED|FACE_FEMALE|FEMALE_BREAST_COVERED
22ab223438ede8fa6cf2af43581f7f54.jpg,female_soft,BELLY_EXPOSED|FACE_FEMALE|FEMALE_BREAST_COVERED
22b9f543f7903ba43fc8200ad6102265.jpg,none,BELLY_EXPOSED
233d33e55a9086ef8bcb1aeadafdc343.jpg,none,FEET_EXPOSED
234a8bb9a104fbbbb1550974560f82b2.jpg,male_soft,ARMPITS_EXPOSED|BELLY_EXPOSED|FEMALE_GENITALIA_COVERED|MALE_BREAST_EXPOSED
23727067f9930397448dc8b50a4df335.jpg,none,BELLY_EXPOSED
2384e4a638c89c98463e0159a5eb21ab.jpg,female_soft,ARMPITS_EXPOSED|BELLY_EXPOSED|FACE_FEMALE|FEMALE_BREAST_COVERED
23b462994141df2334e1f4dab4c09e2e.jpg,none,FEET_EXPOSED|FEMALE_BREAST_COVERED
23c4da5611b04d7637edf73ac828730d.jpg,none,BUTTOCKS_EXPOSED
23ce7bb595b3d888a42f6dac1d38e7f5.jpg,female_soft,FACE_FEMALE
23e654cbedb877e010f10254f25279cd.jpg,female,BELLY_EXPOSED|FACE_MALE|FEMALE_BREAST_EXPOSED
24036385f869a218a28ba07532f9cf4f.jpg,female_soft,FACE_FEMALE|FEMALE_BREAST_COVERED
240d97b97a47bfcf7ce516ba7074f349.jpg,female_soft,FACE_FEMALE|FEET_COVERED|FEMALE_BREAST_COVERED
240eff722e2dac1ac9a44131ac6a6c1d.jpg,female_soft,FACE_FEMALE|FEMALE_BREAST_COVERED
241c9d55aa28dc1cb59b48d3e254f688.jpg,female_soft,ARMPITS_EXPOSED|BUTTOCKS_EXPOSED|FACE_FEMALE|FEET_EXPOSED
242e88ee74c043178badbe8d7e230b2c.jpg,none,BUTTOCKS_COVERED
242fd25fad97d5557862326326c97671.jpg,female_soft,FACE_FEMALE
24380b2d19739ec376fa3d80064b179a.jpg,none,
245f0eb7f8b361b8604089231633b4a5.jpg,female_soft,ARMPITS_EXPOSED|FACE_FEMALE|FEMALE_BREAST_COVERED
249bcbd9cfb1797984291710483c7572.jpg,female_soft,BELLY_COVERED|FACE_FEMALE|FEMALE_GENITALIA_COVERED
24a3fa26f9ebc2a8d586915c792b0b15.jpg,female_soft,FACE_FEMALE|FEMALE_BREAST_COVERED
24d6b7d878882c9a6e3765368039bd70.jpg,female_soft,ARMPITS_EXPOSED|FACE_FEMALE|FEET_COVERED|FEMALE_BREAST_COVERED
24e5d5865df6a1427c9df8a74b9aabee.jpg,female,BUTTOCKS_EXPOSED|FEMALE_GENITALIA_EXPOSED
24fe71280e5d40482846f78cab4c08eb.jpg,female_soft,FACE_FEMALE|FEMALE_GENITALIA_COVERED
253297e0df947da4166946c7fe1535a3.jpg,none,
257956cdcfdccc1d4066c7a7588c6b18.jpg,female_soft,ARMPITS_EXPOSED|BELLY_EXPOSED|FACE_FEMALE|FEMALE_BREAST_COVERED|FEMALE_GENITALIA_COVERED
25a7d3ae1c1f967f7646dcfad8092495.jpg,female,FACE_FEMALE|FEMALE_BREAST_COVERED|FEMALE_BREAST_EXPOSED
25be15f5955d35e98d2955433fda61f2.jpg,female_soft,FACE_FEMALE
25e868a40ab6a0975dbd3ff024ae2053.jpg,female_soft,ARMPITS_EXPOSED|BUTTOCKS_COVERED|FACE_FEMALE|FEMALE_BREAST_COVERED
262dc8b088b1e34a5cc7698e12aaae45.jpg,none,BELLY_EXPOSED|FEMALE_BREAST_COVERED|FEMALE_GENITALIA_COVERED
26328fc629c9109c5c5f91709f49bae5.jpg,none,FEMALE_BREAST_COVERED
2643e21dd1aa7d195376e94b16d37db2.jpg,female,FEMALE_BREAST_EXPOSED
26872b8a80da56dde4fd76ab210b64ed.jpg,female_soft,BELLY_COVERED|FACE_FEMALE|FEET_COVERED|FEMALE_BREAST_COVERED
269baa6bd82e975051db4a2a63ae441b.jpg,none,BUTTOCKS_EXPOSED|FEET_EXPOSED
26dfafe79443c2d7a9beb8ad15002323.jpg,female_soft,BELLY_EXPOSED|FACE_FEMALE|FEMALE_BREAST_COVERED
278537e9dc4a7c688473607e503f9f45.jpg,female_soft,BUTTOCKS_EXPOSED|FACE_FEMALE
278d0a058d20ac8c87dbd2d43521b799.jpg,female_soft,FACE_FEMALE|FEMALE_BREAST_COVERED
27a41ef0863980f870d67ab1035c2eb0.jpg,female_soft,BELLY_EXPOSED|FACE_FEMALE|FEMALE_BREAST_COVERED|FEMALE_GENITALIA_COVERED
27afcb27f393d1162b1a7c42f463c54b.jpg,female_soft,BELLY_EXPOSED|FACE_FEMALE|FEMALE_BREAST_COVERED
27b438d5a65a3fce12edd4a8859498a6.jpg,none,
27b958d1bb905cf383dd0784c81c338f.jpg,female,BELLY_EXPOSED|FEMALE_BREAST_COVERED|FEMALE_BREAST_EXPOSED
27c5de429ea06a07389a0060ceed6cfc.jpg,none,FEET_COVERED|FEET_EXPOSED
27d1da9188f3f5987b251ff7490752d8.jpg,female,ARMPITS_EXPOSED|FACE_FEMALE|FEMALE_BREAST_EXPOSED
27d8ec64558a010d0f801e089f03ee4c.jpg,female_soft,ARMPITS_EXPOSED|BELLY_EXPOSED|FACE_FEMALE|FEMALE_BREAST_COVERED|FEMALE_GENITALIA_COVERED
2801f6b4f200c5dc5e4c23bc001b6e82.jpg,female_soft,ARMPITS_EXPOSED|BUTTOCKS_COVERED|FACE_FEMALE|FEMALE_BREAST_COVERED
281643b2b980a439bd0b13afa7546a64.jpg,female_soft,ARMPITS_EXPOSED|BELLY_EXPOSED|FACE_FEMALE|FEMALE_BREAST_COVERED|FEMALE_GENITALIA_COVERED
283963ad0b000f724b947a1748e907b2.jpg,none,BUTTOCKS_COVERED|FEET_COVERED
28493cb7fb056161fc6228f6236ad692.jpg,female_soft,ARMPITS_EXPOSED|BELLY_COVERED|FACE_FEMALE|FEMALE_BREAST_COVERED|FEMALE_GENITALIA_COVERED
2864bfd3e542917f6f7de107371c1b34.jpg,none,
288e6ed5509ee016d7d413bdd356152a.jpg,male_soft,MALE_BREAST_EXPOSED
2894782cdf6cbe94093ab2dea06ddb61.jpg,female,BELLY_EXPOSED|FEMALE_BREAST_EXPOSED|FEMALE_GENITALIA_COVERED
28b63f5f64c0ee11bb1dc491d31b0d6c.jpg,female,BUTTOCKS_EXPOSED|FEMALE_GENITALIA_EXPOSED
28cea41c4ea2c18a7467280f8348c0b5.jpg,none,
28d0d391a37eaca57bed3cc1e40af1bd.jpg,none,FEET_COVERED
28f9af77f09a4d5cea0c9ba1c21bc14c.jpg,none,
2913aff34f214b26e05489bd2ce96ee7.jpg,female_soft,FACE_FEMALE|FEMALE_BREAST_COVERED
2929751322525ca6c071eb29555362bf.png,female,FACE_FEMALE|FEET_EXPOSED|FEMALE_BREAST_EXPOSED
295f61cfd39fe4d5fffb7aa29a6351df.jpg,none,
2967942cd68dd7aac135d86a0c72691b.jpg,female_soft,BELLY_EXPOSED|FACE_FEMALE|FEMALE_GENITALIA_COVERED
2985928321b84e7548beb4c2d317e6cc.jpg,none,
2986b6c62386b10c2dd9babdd0813ec0.jpg,none,
29b00fcfb2c2bb75cd7a250ca4149ec7.jpg,female_soft,BELLY_EXPOSED|FACE_FEMALE|FEMALE_BREAST_COVERED|FEMALE_GENITALIA_COVERED
29b4d6fe4f9790c5f3fb69a2b1052982.jpg,female_soft,FACE_FEMALE|FEMALE_BREAST_COVERED
29d4c1e6117042cf9b52ab1c9aefa992.jpg,female,BUTTOCKS_EXPOSED|FACE_FEMALE|FEMALE_BREAST_EXPOSED
29df259edc0879b971e63fb6697aa217.jpg,female_soft,ARMPITS_EXPOSED|FACE_FEMALE|FEMALE_BREAST_COVERED
29df8594146cecc18e935cdc5c31e1ca.jpg,none,BUTTOCKS_COVERED
29e389216cc69bcfe1f3d44d3b4007c8.jpg,female_soft,FACE_FEMALE
29edce6b301103bc32c87ccf0cc74d28.jpg,female,BELLY_EXPOSED|FEMALE_BREAST_EXPOSED
29f52d5ce9a6c24f603bc9a971a9b203.jpg,female_soft,BELLY_EXPOSED|FACE_FEMALE|FEMALE_BREAST_COVERED
2a350c8dfb425bcfdb55b3026b5ca6e7.jpg,none,FEET_COVERED
2a383793d0a9720be7b7b3642b0190b0.jpg,none,BUTTOCKS_EXPOSED
2a457eb5931e18e9ba2e3de1bfce5698.jpg,female_soft,ARMPITS_EXPOSED|FACE_FEMALE|FEET_EXPOSED|FEMALE_BREAST_COVERED
2a6bcb7bae50eaf79e8856254dee7fc2.jpg,none,
2a81ea7b9e520c6bc80387af0933deec.jpg,female_soft,FACE_FEMALE
2abb8acc6c4a0d9ac489e548bacdafc5.jpg,female_soft,ARMPITS_EXPOSED|FACE_FEMALE|FEMALE_BREAST_COVERED
2ae044bc68cd29c427836002c0fb7f90.jpg,none,BUTTOCKS_COVERED
2af0d6993b378ed1cfc09bf09a6c70ac.jpg,none,FEMALE_BREAST_COVERED
2afcd4fbc6cb07060c6dd7327e55b8c1.jpg,female_soft,ARMPITS_EXPOSED|FACE_FEMALE|FEMALE_BREAST_COVERED
2b3a54c8ecb6517e465edbc75273aaf7.jpg,female_soft,ARMPITS_EXPOSED|BUTTOCKS_EXPOSED|FACE_FEMALE|FEET_COVERED
2b3e4bcfcdf3079cc576f2d472ed7795.jpg,female_soft,FACE_FEMALE|FEMALE_BREAST_COVERED
2b5344ae2ecb083bf262e380ca14547e.jpg,none,
2b91cec4e96dc250205b6ed9d6dbf635.jpg,none,BUTTOCKS_EXPOSED
2bbc3dec993a802622169d1383ed5baf.jpg,none,FEMALE_BREAST_COVERED
2c38e2053970b89413935af195a2c241.jpg,male,FACE_FEMALE|MALE_GENITALIA_EXPOSED
2c3c4fd0b1df9b41311954cd79f1b434.jpg,female_soft,BELLY_COVERED|FACE_FEMALE|FEET_EXPOSED|FEMALE_BREAST_COVERED
2c6cd26bbc6d054d170b83b969dc20df.jpg,female_soft,ARMPITS_EXPOSED|BELLY_EXPOSED|FACE_FEMALE|FEMALE_BREAST_COVERED|FEMALE_GENITALIA_COVERED
2c91f5d57997ad1297e151e44c1237ca.jpg,none,FEET_EXPOSED
2c9750ac4364682035002685828a41a0.jpg,female_soft,BELLY_EXPOSED|FACE_FEMALE|FEET_COVERED|FEMALE_BREAST_COVERED|FEMALE_GENITALIA_COVERED
2cf6e177bd1b9ad1efb3c4b1011b3a80.jpg,none,BUTTOCKS_EXPOSED
2cfe47229ea8120f0a25e284f1354f28.jpg,none,
2d0f26f61aa08ca1a09f1cc85fcc36a2.jpg,none,
2d11a4d749c4603ff5375e2273ac2ec8.jpg,female_soft,FACE_FEMALE
2d171f915a5bf2b4d8fb8b3fb3a2a5bc.jpg,none,BUTTOCKS_EXPOSED
2d1beba5fb11f0a9379770073ef28472.jpg,none,BELLY_COVERED|FEET_COVERED|FEMALE_BREAST_COVERED|FEMALE_GENITALIA_COVERED
2d1f7f9979f4657076fee0ea1ab40a20.jpg,none,
2d59bda3bb8d90f822b028b734f1166f.jpg,none,BELLY_EXPOSED
2d7b0fd8fffdadc391c96833560bacc2.jpg,female_soft,FACE_FEMALE|FEMALE_BREAST_COVERED
2da7008ca14d43664c794b2c71d7c110.jpg,female_soft,FACE_FEMALE
2dcc5a1ecd0fbfc474d7f01fb47ec80c.jpg,female_soft,BELLY_COVERED|FACE_FEMALE
2dd9f2628077ca937ecb57ff846401a5.jpg,female_soft,ARMPITS_EXPOSED|BELLY_EXPOSED|FACE_FEMALE|FEMALE_BREAST_COVERED
2deacdbb1f9b90201322a9c39d2223b6.jpg,none,BELLY_EXPOSED|FEMALE_BREAST_COVERED
2defacf6e20ed8deaf0260b7261bd7b4.jpg,female_soft,FACE_FEMALE|FEET_COVERED|FEMALE_BREAST_COVERED
2df9f7b98767d60e5186c1e715b9c9f1.jpg,female,ARMPITS_EXPOSED|BELLY_EXPOSED|FACE_FEMALE|FEMALE_BREAST_COVERED|FEMALE_BREAST_EXPOSED
2e00340deef1122697e7532c1608f3a1.jpg,male,FACE_FEMALE|MALE_GENITALIA_EXPOSED
2e02df6da596b843680fdfc6b0fb36a2.jpg,female_soft,FACE_FEMALE|FEMALE_BREAST_COVERED
2e21bab31ee86333b1917f3e2b234505.jpg,none,BUTTOCKS_COVERED|BUTTOCKS_EXPOSED
2e2598e42bb34bb6a01bae34ebcb1d1c.jpg,male,BELLY_EXPOSED|FACE_FEMALE|FEMALE_BREAST_COVERED|MALE_GENITALIA_EXPOSED
2e2e0a2ff5ede9ee4577a8652ec7265d.jpg,female_soft,BELLY_EXPOSED|FACE_FEMALE|FEMALE_BREAST_COVERED
2e43bf02354ccd284f7d3209b40c4ca7.jpg,none,
2e531c4840d7112e19ba1dd2af8ea0ce.jpg,none,
2e5e2d41330ed57158659d5a9082672c.jpg,female_soft,ARMPITS_EXPOSED|FACE_FEMALE
2eb51f5b146afcce9b139c3631ca56a6.jpg,female_soft,FACE_FEMALE|FEMALE_BREAST_COVERED
2ec2e365d946f339edbb807f993a7a13.jpg,none,
2ecdf3e3d9ba8fd230cb283024c1e0d6.jpg,female_soft,FACE_FEMALE|FEMALE_BREAST_COVERED|FEMALE_GENITALIA_COVERED
2ede9731f59ad877b5c6ba5f2709fb16.jpg,female_soft,ARMPITS_EXPOSED|FACE_FEMALE
2eec9ebcd3270fd3b89b9ffafa84f174.jpg,none,BUTTOCKS_EXPOSED|FEET_COVERED
2ef05a8125c0ab3643de5e4765d8d26a.jpg,female_soft,BELLY_EXPOSED|FACE_FEMALE|FEMALE_BREAST_COVERED
2f0dc8be3d5aa0ea9a1be218435a7f05.jpg,female,ARMPITS_EXPOSED|FACE_FEMALE|FEMALE_BREAST_EXPOSED
2f1cfb6add1536c096e283cf2fa2aed0.jpg,female_soft,FACE_FEMALE|FEMALE_BREAST_COVERED
2f2900abe02eb596323953cf24bf7e29.jpg,female_soft,FACE_FEMALE|FEMALE_BREAST_COVERED
2f4abdf571e288341c67469f07eaa8f8.jpg,female_soft,FACE_FEMALE
2f55296a7973b6b27a2c839c17c6fd03.jpg,female,BELLY_EXPOSED|FACE_FEMALE|FEMALE_BREAST_EXPOSED
2f5874508138555c66f786443810ac93.jpg,female_soft,ARMPITS_EXPOSED|BELLY_EXPOSED|FACE_FEMALE|FEMALE_BREAST_COVERED
2f60c5faab652f5d8d9b1d5889b2c013.jpg,none,
2fa81b085262b484936ba1f4bbed129f.jpg,none,
2fbb12831eef5385eaadaeee125e5ffb.jpg,female_soft,ARMPITS_EXPOSED|BELLY_EXPOSED|FACE_FEMALE|FEET_COVERED|FEET_EXPOSED|FEMALE_BREAST_COVERED
2fbf86579d82bf0dd4d2fbc20e42174a.jpg,female_soft,BUTTOCKS_COVERED|FACE_FEMALE|FEMALE_BREAST_COVERED
2fc5f7021d5904558602d069e446e1ca.jpg,none,
2feab2f7cd3c46ad8f4f5cce98145983.jpg,female_soft,FACE_FEMALE|FEMALE_BREAST_COVERED
300eb46a8a80d56f1940d20d53b53ab8.jpg,female,ARMPITS_EXPOSED|FACE_FEMALE|FEMALE_BREAST_EXPOSED
30685427c701b92fc32051a0e3275f05.jpg,none,BUTTOCKS_EXPOSED|FEET_COVERED
308741bdca0f7b759d9ea30301be49d4.jpg,none,BUTTOCKS_EXPOSED|FEMALE_GENITALIA_COVERED
308a4b86166c57a91cd27eb338eeda23.jpg,female_soft,ARMPITS_EXPOSED|BUTTOCKS_COVERED|BUTTOCKS_EXPOSED|FACE_FEMALE|FEMALE_GENITALIA_COVERED
30961df9b23bddd21b0976b5fd4530d2.jpg,female,ARMPITS_EXPOSED|BELLY_EXPOSED|FACE_FEMALE|FEMALE_BREAST_EXPOSED|FEMALE_GENITALIA_EXPOSED
309a59815c4bde2ce7f6010332506898.jpg,none,
30a2c255264bb224685b27fc3ede7707.jpg,none,BUTTOCKS_EXPOSED
30de4417d64a08b80dc8cc3eb4f335a0.jpg,none,
30e71d1d7b293a6d24d5f35a901f530b.jpg,none,ARMPITS_EXPOSED|FEET_EXPOSED|FEMALE_BREAST_COVERED
30ef021d73adabc123f13c32f6d46b6b.jpg,female_soft,ARMPITS_EXPOSED|BELLY_EXPOSED|FACE_FEMALE|FEET_EXPOSED
30fd09a594e1eecbf4a5c3017a71b04b.jpg,none,BUTTOCKS_COVERED|BUTTOCKS_EXPOSED
310f4b31dc99c879955e9f6739745178.jpg,none,BUTTOCKS_EXPOSED
315d33d4967046daae4db7d92e53d212.png,none,
315ee430183fb6f68cdea852fb12b688.jpg,none,
316ffba5396c3a90a1f6244fc0804300.jpg,female_soft,FACE_FEMALE|FEMALE_BREAST_COVERED
3174e57c45238f7c8f453bfd74113b55.jpg,male_soft,MALE_BREAST_EXPOSED
3176515857c2854cc3e25fb5abbfc215.jpg,female_soft,FACE_FEMALE|FEMALE_BREAST_COVERED
317f09d6de143c093921aeda83c95e75.jpg,female_soft,ARMPITS_EXPOSED|FACE_FEMALE|FEMALE_BREAST_COVERED
319b1884530f8905e0ca7b024b31c9cb.jpg,female_soft,BELLY_COVERED|FACE_FEMALE|FEET_COVERED|FEMALE_BREAST_COVERED
31af3efd26ea58d18653b51fdeb02726.jpg,none,ARMPITS_EXPOSED|FEMALE_BREAST_COVERED
31e3fb13c78148d79476ea113f82fa81.jpg,none,BELLY_EXPOSED
32415c8880156112e3ea0ca27a1755d7.jpg,male_soft,ARMPITS_EXPOSED|BELLY_EXPOSED|FACE_MALE|FEET_COVERED|MALE_BREAST_EXPOSED
3245c0e5f514d77693af5980a267e848.jpg,female_soft,FACE_FEMALE|FEET_COVERED|FEMALE_BREAST_COVERED
324fdf862f723cd07aee34597c204f08.jpg,female_soft,FACE_FEMALE|FEMALE_BREAST_COVERED
3284a3440803f4965c07882f708302eb.jpg,none,
329e3a4f45a8cb1728ea8bc502016ebc.jpg,female_soft,ARMPITS_EXPOSED|BELLY_EXPOSED|FACE_FEMALE|FEMALE_BREAST_COVERED
32bf5a31c0006aefdb84edc68307758a.jpg,none,BUTTOCKS_EXPOSED
32bfa034bbd63e8b70e650d21b2bf343.jpg,none,
32c4163459c17437662ebcace90c7cfb.jpg,none,FEMALE_BREAST_COVERED
32ce268b4d5dcb0692cd09ade0ebc5a9.jpg,female_soft,ARMPITS_EXPOSED|BELLY_EXPOSED|FACE_FEMALE|FEMALE_BREAST_COVERED
32d6bacdf858fd5032bad82b0343aea5.jpg,female_soft,FACE_FEMALE
32f0aded9285e41cdbb488f753986ad4.jpg,female_soft,BUTTOCKS_EXPOSED|FACE_FEMALE|FEMALE_BREAST_COVERED
332deb3de560e3e3de4eaa2fa1fb96f2.jpg,female_soft,ARMPITS_EXPOSED|BELLY_EXPOSED|FACE_FEMALE|FEET_EXPOSED|FEMALE_BREAST_COVERED|FEMALE_GENITALIA_COVERED
33474683c048db23ade0d0b5df60fe9c.jpg,female_soft,BELLY_COVERED|FACE_FEMALE|FEMALE_BREAST_COVERED
335bd2fe4b2ad528e191e49633f5e4bf.jpg,none,ARMPITS_EXPOSED|BUTTOCKS_COVERED
3372ee094500660bb7c7c2e513454a6c.jpg,female_soft,FACE_FEMALE|FEET_COVERED
339e073d777900b27e0f448e85ecce70.jpg,none,FEET_COVERED
33d82d86bd50e9d1ba34534a7297ae75.jpg,female_soft,BUTTOCKS_EXPOSED|FACE_FEMALE
33e345d74bc5384eb5c874db7568b04c.jpg,female,FACE_FEMALE|FEMALE_BREAST_COVERED|FEMALE_BREAST_EXPOSED
33eafccfbf3bdf387a3e0a4eee2896c1.jpg,none,BUTTOCKS_EXPOSED
33f1725dbd09895ea344bf836d7be6e4.jpg,female,ARMPITS_EXPOSED|FACE_FEMALE|FACE_MALE|FEMALE_BREAST_COVERED|FEMALE_BREAST_EXPOSED
3410d1a7e039fa4f63959febf7b10f75.jpg,none,BUTTOCKS_EXPOSED
3412f09cf83612d26c681e1fc435b320.jpg,female,ARMPITS_EXPOSED|BELLY_EXPOSED|FACE_FEMALE|FEMALE_BREAST_EXPOSED
344cbc61ee6a00ed72ef9688ca7eecdc.jpg,none,FEET_COVERED|FEMALE_BREAST_COVERED
3475d9b1dd3ee51506758b4bea1d480e.jpg,female_soft,FACE_FEMALE|FEMALE_BREAST_COVERED
348d42f65fccf340f87cadb9d519aa95.jpg,female_soft,FACE_FEMALE|FEMALE_BREAST_COVERED
34a3f2a708c9616293c13b086ff9fd89.jpg,female_soft,ARMPITS_EXPOSED|BELLY_EXPOSED|FACE_FEMALE|FEET_EXPOSED|FEMALE_BREAST_COVERED|FEMALE_GENITALIA_COVERED
34b911da1d0d3a8b92a658f11c78cafb.jpg,female_soft,ARMPITS_EXPOSED|BELLY_EXPOSED|FACE_FEMALE|FEMALE_BREAST_COVERED
34bb4174f90d4ca7e1272a33b1bee5c0.jpg,none,
34d10eddd9e4dceef2d31ff42598cbec.jpg,none,
34d2fe8811c1559f4629c55ad8210455.jpg,female,FEMALE_GENITALIA_EXPOSED
34fa6862a6e77dd4adb88f0671619c8a.jpg,female_soft,BELLY_EXPOSED|FACE_FEMALE|FEMALE_BREAST_COVERED|FEMALE_GENITALIA_COVERED
3512a9953058d3b8ecc96598c60e91bc.jpg,female_soft,FACE_FEMALE
351d1d0b8c85724d36cc42497d543eb5.jpg,female_soft,ARMPITS_EXPOSED|FACE_FEMALE|FEMALE_BREAST_COVERED
3522c868eccfa9e9cc6244b557de1b39.jpg,female_soft,BELLY_EXPOSED|FACE_FEMALE|FEMALE_BREAST_COVERED
352eec82e0a2427198b184addd2c89de.jpg,female,ARMPITS_EXPOSED|BELLY_EXPOSED|FACE_FEMALE|FEMALE_BREAST_EXPOSED
35f2a395db75d5af3a79e48edf798c4f.jpg,female,BELLY_EXPOSED|FACE_FEMALE|FEMALE_BREAST_COVERED|FEMALE_BREAST_EXPOSED|FEMALE_GENITALIA_COVERED
3605ca021afff50849a1707f72e4c291.jpg,none,BUTTOCKS_EXPOSED
367516ff0c78a270f1391e425b1b24c5.jpg,female_soft,FACE_FEMALE
367a66681401ff5ef48627112bbcba90.jpg,female_soft,FACE_FEMALE
368a3335ab648d96809c3254699e1052.jpg,none,
368b5b4888a7733f73bc7a5764e6f610.jpg,female_soft,FACE_FEMALE
369e6f831e8788d95f846471ce4e2633.jpg,none,
36c64f3cfdd2301de1c74119af78e90f.jpg,none,BUTTOCKS_EXPOSED
36cf630aab4e7394600ccb5aab6a8575.jpg,none,
36d3585d584e76dbc98b39b676ad3e62.jpg,none,
36ffd9ff9482a952221cc6f10f073f50.jpg,female_soft,BELLY_EXPOSED|FACE_FEMALE|FEMALE_BREAST_COVERED|FEMALE_GENITALIA_COVERED
370ee0609fef4797927ef87ead8f735c.jpg,none,BUTTOCKS_EXPOSED
37288c8667f73efd2af16141660aede3.jpg,female_soft,BELLY_EXPOSED|FACE_FEMALE|FEMALE_BREAST_COVERED|FEMALE_GENITALIA_COVERED
374cc56c07a0948702c02c517c3fb7f0.jpg,none,
3774177f491aa35443ad1d3f75fb77ac.jpg,none,FEET_COVERED
377cdd05a8abeacde963fd9daf23813e.jpg,female_soft,ARMPITS_EXPOSED|BELLY_EXPOSED|FACE_FEMALE|FEMALE_BREAST_COVERED|FEMALE_GENITALIA_COVERED
378da2c4ec8567d3f93abe633fa46bff.jpg,none,FEMALE_GENITALIA_COVERED
37aa41fb9205478f30db3525ffbbc4a7.jpg,female_soft,FACE_FEMALE
37b7acedad73bd190be93563bb98db9f.jpg,female_soft,FACE_FEMALE|FEMALE_BREAST_COVERED
37ee618cdb17581eabb33a8009162c54.jpg,none,ARMPITS_EXPOSED|FEMALE_BREAST_COVERED
38426be0f6357f9cc4e96527241454d9.jpg,female_soft,FACE_FEMALE|FEMALE_BREAST_COVERED
386e08a9081292eb53e4ba8a56514c4c.jpg,female_soft,ARMPITS_EXPOSED|BELLY_EXPOSED|FACE_FEMALE|FEMALE_BREAST_COVERED|FEMALE_GENITALIA_COVERED
386ec2b2a1be72755aa1f24c358d16aa.jpg,female_soft,ARMPITS_EXPOSED|BUTTOCKS_COVERED|FACE_FEMALE|FEMALE_BREAST_COVERED
3890104c1b1bfcc378eee10322e09e89.jpg,none,
3890a1c9ec738c8a32f2c44349035bdb.jpg,female,BELLY_EXPOSED|FACE_FEMALE|FEMALE_BREAST_COVERED|FEMALE_BREAST_EXPOSED
3893a149065dfec2805669fa332a3030.jpg,female_soft,BELLY_EXPOSED|FACE_FEMALE|FEMALE_BREAST_COVERED
38a006793bec94689ea4c638bafb2a70.jpg,male_soft,ARMPITS_EXPOSED|FACE_MALE|MALE_BREAST_EXPOSED
38ad86e74eef2a711401262c8331dfe3.jpg,female_soft,ARMPITS_EXPOSED|BELLY_EXPOSED|FACE_FEMALE|FEMALE_BREAST_COVERED|FEMALE_GENITALIA_COVERED
38c226949221990092f429aa4026d4b3.jpg,female_soft,FACE_FEMALE|FEMALE_BREAST_COVERED
38dbf88cd0ad1a0ac3f4274d78735934.jpg,female,FACE_FEMALE|FEMALE_BREAST_EXPOSED|FEMALE_GENITALIA_COVERED
38ed578fc9b9d1981d2304d986b85590.jpg,female_soft,BELLY_EXPOSED|FACE_FEMALE|FEMALE_BREAST_COVERED
39168ac0abe66269da256b8eb1a32fa1.jpg,none,
391c7fa8457313c6147810f4a0cf0d1d.jpg,both_soft,ARMPITS_EXPOSED|BELLY_EXPOSED|FACE_FEMALE|FACE_MALE|FEMALE_BREAST_COVERED|FEMALE_GENITALIA_COVERED
3924a633701b909622cf9ce0d81d318f.jpg,female,ARMPITS_EXPOSED|BELLY_EXPOSED|FEMALE_BREAST_EXPOSED|FEMALE_GENITALIA_COVERED
393b9b6adf6327e547c6f9de0c4ff9e5.jpg,female_soft,BELLY_COVERED|FACE_FEMALE|FEMALE_BREAST_COVERED
395f57871b50f6c43fb5b8f87c0b1272.jpg,female,ARMPITS_EXPOSED|BELLY_EXPOSED|FACE_FEMALE|FEMALE_BREAST_EXPOSED
397a20d72e0b551c6878a39171831e48.jpg,female_soft,FACE_FEMALE
39bff869fcefb1b2f935af1a2b699cc4.jpg,female_soft,FACE_FEMALE|FEMALE_BREAST_COVERED
39d815d141434f220a99b63428472d06.jpg,female,FACE_FEMALE|FEMALE_BREAST_EXPOSED
3a16ba1f733005fd7e8e970113b98196.jpg,female_soft,FACE_FEMALE|FEMALE_BREAST_COVERED
3a29b0819bb79baeb1abee6745163710.jpg,none,BELLY_COVERED|FEMALE_BREAST_COVERED|FEMALE_GENITALIA_COVERED
3a5470f088db3314de5b5cea76f696a5.jpg,female,FACE_FEMALE|FEMALE_BREAST_COVERED|FEMALE_BREAST_EXPOSED
3a97fcb43d9f34f99a7f8d8b348eea79.jpg,none,
3ab674f666d5924858c986963c50d68c.jpg,none,BUTTOCKS_EXPOSED|FEET_EXPOSED
3ac4f162260a0fc7fbff762b7b2f6b80.jpg,female_soft,ARMPITS_EXPOSED|FACE_FEMALE|FEMALE_BREAST_COVERED
3ac763e527da193bb235f07323066a7a.jpg,both_soft,BELLY_EXPOSED|FACE_FEMALE|FACE_MALE|MALE_BREAST_EXPOSED
3ac91f1e7f5f6a9d1f1ea6d6a6d5c8f9.jpg,none,
3adc1373995a1173f4696a0d587c0377.jpg,both,FACE_FEMALE|FEMALE_BREAST_EXPOSED|MALE_GENITALIA_EXPOSED
3b1358713f153b224605318df06473d0.jpg,female_soft,BELLY_EXPOSED|FACE_FEMALE
3b158070251b4d77016cc965dcf2743f.jpg,none,FEET_EXPOSED
3b1d9719c04245284b641f90799cc47d.jpg,none,FEET_COVERED
3b824e05d5ce3ff8a758032dfcf8dab5.jpg,male,FACE_FEMALE|MALE_GENITALIA_EXPOSED
3b89d1b55a3c78934a30589af71ae8f6.jpg,none,BUTTOCKS_COVERED
3b96499a5eccec49444c4add1e29683e.jpg,none,BUTTOCKS_COVERED|BUTTOCKS_EXPOSED
3b9be7512af606bc3a0f209f0b5fca9f.jpg,female_soft,FACE_FEMALE|FEMALE_BREAST_COVERED
3ba1612dec5314492ff9e5c66f46b3ad.jpg,none,BUTTOCKS_EXPOSED|FEMALE_GENITALIA_COVERED
3c17514a0883394e2420980194e8d13c.jpg,female_soft,ARMPITS_EXPOSED|BELLY_EXPOSED|FACE_FEMALE|FEMALE_BREAST_COVERED
3c7416973d6ac9536c495b4925436983.jpg,none,
3ca9e41ba53b5862e3e340e56d6302cd.jpg,female_soft,BELLY_COVERED|FACE_FEMALE|FEET_EXPOSED|FEMALE_BREAST_COVERED|FEMALE_GENITALIA_COVERED
3cb5a34707d3199c6b5e450b4fb12602.jpg,none,
3cd03bd9ee48ee07ac7e0c7b5cb5253a.jpg,none,BELLY_EXPOSED|FEET_COVERED
3cec7137d3fd22101a0340c3faff6f2a.jpg,female_soft,FACE_FEMALE
3cfc8e2edd2ecb2d9ed2ee0da7603832.jpg,none,
3d19b61b970462e9b5c644365eb1ba9d.jpg,female_soft,BELLY_EXPOSED|FACE_FEMALE|FEMALE_BREAST_COVERED
3d20aad2dfbbee2572fae2d63b333e4a.jpg,none,
3d2acfe45d57c810d642072c1350db08.jpg,none,FEET_EXPOSED
3d3b5cd266b380f08a6b1a8a6bf40266.jpg,female_soft,ARMPITS_EXPOSED|BELLY_EXPOSED|BUTTOCKS_EXPOSED|FACE_FEMALE|FEMALE_BREAST_COVERED
3dabaf7dc7ef8424308aed97c3eb027a.jpg,female_soft,ARMPITS_EXPOSED|BELLY_EXPOSED|FACE_FEMALE|FEMALE_BREAST_COVERED|FEMALE_GENITALIA_COVERED
3de34cbc34f837d10847db819f22b62a.jpg,female_soft,FACE_FEMALE|FEET_COVERED
3e02a1253d7a6c4f850bbe1fd81f9295.jpg,none,
3e088532e9e4609728e693c451f4a651.jpg,female,FACE_FEMALE|FEMALE_BREAST_EXPOSED
3e2c178ea593b0b6afaa52e4454aca61.jpg,female_soft,BELLY_EXPOSED|FACE_FEMALE
3e32d1bdedaa62809fac20b318f6c4e1.jpg,female_soft,BELLY_EXPOSED|FACE_FEMALE|FEMALE_BREAST_COVERED|FEMALE_GENITALIA_COVERED
3e369ef4158571b4db709ab3d2e81051.jpg,none,BUTTOCKS_EXPOSED
3e371ace02323e933f963a9da65c0050.jpg,female_soft,BELLY_COVERED|BUTTOCKS_COVERED|FACE_FEMALE|FEMALE_BREAST_COVERED
3e76df08e2a5e43b947c2d15935f890b.jpg,female,ARMPITS_EXPOSED|BELLY_EXPOSED|FACE_FEMALE|FEMALE_BREAST_EXPOSED
3ea561ddac0af9c4de469da3c6719b6e.jpg,none,BELLY_EXPOSED
3eb1171e4fc148ffcadbe7867414f335.jpg,none,ARMPITS_EXPOSED|BELLY_EXPOSED|FEMALE_BREAST_COVERED|FEMALE_GENITALIA_COVERED
3ec58b8c0b8a5797c0f36879a62e1f49.jpg,none,
3ee851e2ced8a60b3eb5f85e976d2474.jpg,none,
3f28872bf4bdc02919766186dbe14724.jpg,female,ARMPITS_EXPOSED|FACE_FEMALE|FEMALE_BREAST_EXPOSED
3f71bf64bc63ccc55f8c377e4287cb62.jpg,female,ARMPITS_EXPOSED|FACE_FEMALE|FEMALE_BREAST_EXPOSED
3f86617c8e7efb6538ff1bd3274cdf08.jpg,female,BELLY_EXPOSED|FACE_FEMALE|FEMALE_BREAST_EXPOSED|FEMALE_GENITALIA_EXPOSED
3f8d49bd53821ad7794f973949501fec.jpg,female,ARMPITS_EXPOSED|BELLY_EXPOSED|FACE_FEMALE|FEMALE_BREAST_EXPOSED
3f9b9335ed6a396c6f4e8371cd4cdc73.jpg,none,
3ffb75c9316b69a9858a83d53402a606.jpg,none,BUTTOCKS_COVERED
3fffbf1d64f0eeb22808f95eabadc1fb.jpg,female,ARMPITS_EXPOSED|FACE_FEMALE|FEMALE_BREAST_EXPOSED
40005c45a9b6c1500717e091c1a7f9df.jpg,none,ARMPITS_EXPOSED|BUTTOCKS_EXPOSED
40125d265450f74fafa8385c3c426534.jpg,female_soft,ARMPITS_EXPOSED|FACE_FEMALE|FEMALE_BREAST_COVERED
4013cfb8a058583dd153f5bd877bfd9e.jpg,female_soft,ARMPITS_EXPOSED|FACE_FEMALE|FEMALE_BREAST_COVERED
4018f108f1627902f5cb581c9d813687.jpg,female_soft,BELLY_EXPOSED|FACE_FEMALE|FEMALE_BREAST_COVERED
402f071d2d52d3108216843e698cb5e7.jpg,female_soft,BELLY_EXPOSED|FACE_FEMALE|FEET_COVERED|FEMALE_BREAST_COVERED
4054370677e346de26f990e36f0c9915.jpg,female_soft,BUTTOCKS_EXPOSED|FACE_FEMALE
409d9360a1f95aba7e459cf20dc65bf6.jpg,none,BUTTOCKS_EXPOSED
40a18a24a0f029e6a7ffcdff153455ac.jpg,female_soft,FACE_FEMALE
40b76eda26f28b8bc98f960f18541672.jpg,none,
40c795cabc108cd702bf75e3ae9c62c9.jpg,none,FEMALE_BREAST_COVERED
40d81db6158306743ffa0cf193c46c3f.jpg,female,FEMALE_BREAST_EXPOSED
410f1ba37eca0f9d68263068dc2525b2.jpg,none,
411102ec13ed85e0b791cc2010ca286f.jpg,none,
412c7532258b7e42a632eefd0646b8e6.jpg,female_soft,FACE_FEMALE|FEMALE_BREAST_COVERED
414ec22958b45653677a91263bd166a6.jpg,female_soft,ARMPITS_EXPOSED|FACE_FEMALE
4163038000ff8ebab929dacc80565c17.jpg,none,BELLY_EXPOSED|FEMALE_BREAST_COVERED
416a7bf5ca0347030f2b8f96518f6981.jpg,none,
418684f106244a8e4cf3b2176b23005b.jpg,female_soft,FACE_FEMALE|FEMALE_BREAST_COVERED
4229a8dad5d91b4e8ddb22bf114a72c3.jpg,female,BELLY_EXPOSED|FACE_FEMALE|FEMALE_BREAST_EXPOSED|MALE_BREAST_EXPOSED
4229d6051fa2b2a7331a0ec455eb63bc.jpg,female_soft,ARMPITS_EXPOSED|FACE_FEMALE|FEMALE_BREAST_COVERED
422f353d5f7c22c055446f65a25702c7.jpg,female_soft,ARMPITS_EXPOSED|BELLY_EXPOSED|FACE_FEMALE|FEMALE_BREAST_COVERED|FEMALE_GENITALIA_COVERED
423fb29ec9bdc9c56c54f586200a2510.jpg,none,
425137af88757a3a18b0210e269fbe20.jpg,both_soft,FACE_FEMALE|FACE_MALE
427bceaa617274e8ef20ac895b83db27.jpg,female_soft,BUTTOCKS_COVERED|FACE_FEMALE
4294f59dac9025be8e2ef1fcd1784d03.jpg,none,FEMALE_BREAST_COVERED
429d67549dc0fe0862080dee8a15de29.jpg,none,FEMALE_BREAST_COVERED
42c0f36f60c870647f1a5c1d65f27338.jpg,female_soft,BELLY_EXPOSED|FACE_FEMALE|FEMALE_BREAST_COVERED|FEMALE_GENITALIA_COVERED
42c6be6e1ced75a4dfd495006d742e23.jpg,female,ARMPITS_EXPOSED|BELLY_EXPOSED|FEMALE_BREAST_EXPOSED|MALE_BREAST_EXPOSED
42d03a210ec5dfca5bcd49bbd82062a2.jpg,female_soft,BELLY_EXPOSED|FACE_FEMALE|FEMALE_BREAST_COVERED
42d9982073741252c3592f89c3ab8eb5.jpg,none,FEET_COVERED
42f1627f1512e27548379e04dd4bf772.jpg,female,BELLY_EXPOSED|FACE_FEMALE|FEMALE_BREAST_EXPOSED|FEMALE_GENITALIA_COVERED
4302db73caa8dda3133d08350a697a5e.jpg,female_soft,BELLY_COVERED|FACE_FEMALE|FEMALE_BREAST_COVERED|FEMALE_GENITALIA_COVERED
4330bea184d5e14d94d2cc13e0e833ff.jpg,female_soft,BELLY_EXPOSED|FACE_FEMALE|FEMALE_BREAST_COVERED
4339716937ea7bde0cf2690649280bf9.jpg,none,
435fd99bf6dc78ad8bf44903cdb9876b.jpg,female_soft,FACE_FEMALE|FEMALE_BREAST_COVERED
4368487a83a6a540ce8d64003bc2f923.jpg,none,
438cc13471f587e2d5220c218a8d4cf8.jpg,female_soft,ARMPITS_EXPOSED|FACE_FEMALE|FEMALE_BREAST_COVERED|FEMALE_GENITALIA_COVERED
43d13e545458e99401738eb1bab8115c.jpg,male,MALE_GENITALIA_EXPOSED
4402b669a428cac69264972e1e71b52d.jpg,female_soft,ARMPITS_EXPOSED|FACE_FEMALE|FEMALE_BREAST_COVERED
445c7b4f2416a6939b00f687d3319a20.jpg,none,BUTTOCKS_EXPOSED|FEET_EXPOSED
4486666c41ec7364417a50320172b0d1.jpg,none,BELLY_EXPOSED|FEMALE_BREAST_COVERED
449c98c42dbe3ea06c170d49124576be.jpg,none,
44ba9ee9a0fc0a56f99a5828bb8134ac.jpg,female_soft,BELLY_EXPOSED|FACE_FEMALE|FEMALE_BREAST_COVERED|FEMALE_GENITALIA_COVERED
44bf3a60f60b5dd9f7c88fa23ba5eaa1.jpg,female_soft,BELLY_COVERED|FACE_FEMALE|FEMALE_BREAST_COVERED
44c55815215352514579d17417b0bdfd.jpg,none,BELLY_EXPOSED|FEMALE_BREAST_COVERED|FEMALE_GENITALIA_COVERED
44ef9a3949bec9cd4e671010f14c91a1.jpg,none,BUTTOCKS_EXPOSED|FEET_COVERED
4501cae4ff8bb2577e75420d2c8b0772.jpg,female_soft,BELLY_EXPOSED|FACE_FEMALE|FEMALE_BREAST_COVERED|FEMALE_GENITALIA_COVERED
4504058443eb838ccf3be479957edfa1.jpg,none,FEMALE_BREAST_COVERED
45311be50aa17a27b75a1439def216a7.jpg,none,BUTTOCKS_EXPOSED
45693dc9ae83da9736ba0cedcb7247c4.jpg,female,FEMALE_BREAST_EXPOSED
45abd507cfdb298fece2d81e6c4a105b.jpg,female_soft,FACE_FEMALE|FEMALE_BREAST_COVERED
45e31b1e72a94005a61e488923af5d71.jpg,none,ARMPITS_EXPOSED|BUTTOCKS_COVERED
45f5d19cb3371b1a67e0d74be87bada3.jpg,none,BUTTOCKS_EXPOSED|FEMALE_GENITALIA_COVERED
45f6666d45e122a28d8ec9b5a1f3449a.jpg,none,BELLY_EXPOSED
45fae22fe5a09710843e9718c5a0b9d6.jpg,female_soft,ARMPITS_EXPOSED|FACE_FEMALE|FEET_EXPOSED
45fea82f5293a662095bc52b0b31cd48.jpg,none,
46041a7f61db7341cdf03326758ae184.jpg,female,FEET_COVERED|FEET_EXPOSED|FEMALE_BREAST_EXPOSED
4621d01bbdb5d87bf29fbcbba6ff7ee5.jpg,female,ARMPITS_EXPOSED|BELLY_EXPOSED|FEMALE_BREAST_EXPOSED
462e4cd4c29a69ddb69c223f86a1316e.jpg,female,ARMPITS_EXPOSED|FACE_FEMALE|FEMALE_BREAST_COVERED|FEMALE_BREAST_EXPOSED
465654e2ad93ffced70ea3cad02efd6d.jpg,none,
466858e7545922aa3311792fe97d3f15.jpg,none,
466ba1d9e6843bcce7a61da3e8e9a550.jpg,none,BUTTOCKS_COVERED|BUTTOCKS_EXPOSED
467a31fcf98be7e18b7ba3f58fb4a591.jpg,male,ARMPITS_EXPOSED|FACE_FEMALE|MALE_GENITALIA_EXPOSED
468a9d4447b408582e3a201383f88161.jpg,none,BELLY_EXPOSED|FEMALE_BREAST_COVERED|FEMALE_GENITALIA_COVERED
4698fd8eba29db4b78f86cb70a550511.jpg,female_soft,FACE_FEMALE
469f781ffeb2cf8892caff3e3a154176.jpg,female_soft,FACE_FEMALE|FEET_COVERED|FEMALE_BREAST_COVERED
46b606beb08148980fbdb72180e2efc6.jpg,none,
46bb6d4e5810f6d63c0f6e50fe3a1b47.jpg,male_soft,ARMPITS_EXPOSED|BELLY_EXPOSED|FEMALE_GENITALIA_COVERED|MALE_BREAST_EXPOSED
46bbbfa49d24274d4821e04297389331.jpg,female_soft,FACE_FEMALE
46dfce0eeb3df66b661e51e27a95d1b9.jpg,none,BUTTOCKS_EXPOSED
46f706fd7d2f89bddb085b47f1acbf5c.jpg,none,BUTTOCKS_COVERED
471f431546ccf112b06180f9e8b42437.jpg,both_soft,ARMPITS_EXPOSED|FACE_FEMALE|FACE_MALE
4730a47751b5e124d7de7218fecd8243.jpg,none,BUTTOCKS_EXPOSED
47462f896475cd8ef63af0645094412e.jpg,none,FEET_EXPOSED
476321419605a91884ab36993b1432de.jpg,none,BUTTOCKS_COVERED
476716f11e4825d7e57aa752cfc3a8b4.jpg,female_soft,BELLY_EXPOSED|FACE_FEMALE
47fd5a49c3b93ae59b2b19cb4881ea69.jpg,none,
483b7dd4295f31a98a6b6074f77287a8.jpg,female_soft,FACE_FEMALE|FEMALE_BREAST_COVERED
484013343ae71cd24ee256f2e71c942c.jpg,female_soft,FACE_FEMALE
486a902fa63209054342bc942d9afa7a.jpg,none,
4895e47c2303e0d6aae5b0398e6dba0b.jpg,female_soft,ARMPITS_EXPOSED|FACE_FEMALE|FEMALE_BREAST_COVERED
48a2278c01f9342176eb83d983dc2125.jpg,female_soft,BELLY_EXPOSED|FACE_FEMALE|FEMALE_BREAST_COVERED
48af062c4e71a5f2a593fd449324ae9b.jpg,none,
48be2eb92a5a173826537bf83f1281a4.jpg,none,
48c4d9b1249bfa0a833d0da5ef8cd0fa.jpg,none,BELLY_EXPOSED|FEMALE_BREAST_COVERED|FEMALE_GENITALIA_COVERED
491eb8ec370dee4801adf334bdafea91.jpg,none,
494ef9aa4b2df5c69c42dc37aa4c00cc.jpg,none,FEMALE_BREAST_COVERED
496ed93d9700fd5a711b5f5359044851.jpg,female_soft,BUTTOCKS_COVERED|FACE_FEMALE
497a43dcb504f7f9eb31d642cc1889c9.jpg,female,BELLY_EXPOSED|FEMALE_BREAST_EXPOSED
49b18a3347374f87c3c6a9d487762a3d.jpg,none,BELLY_EXPOSED|FEMALE_BREAST_COVERED
4a1970b7f9c16c855c78eb00dc67fab6.jpg,female_soft,ARMPITS_EXPOSED|FACE_FEMALE|FEMALE_BREAST_COVERED
4a397784f29c26f7c3bb9966a31b28c3.jpg,none,BUTTOCKS_EXPOSED
4a68119b5cd4d1cc7afbbe511154286a.jpg,female,ARMPITS_EXPOSED|BUTTOCKS_EXPOSED|FACE_FEMALE|FEMALE_BREAST_EXPOSED
4a8f4e11bc9da91dc506851e059ab997.jpg,female_soft,FACE_FEMALE|FEMALE_BREAST_COVERED
4a91dcbe73ce95f2dd2e986e207f996e.jpg,none,
4aba3f57e0b959e33a5f6afc73edc331.jpg,none,BUTTOCKS_EXPOSED
4b017d11580a94fcad937adb0e42949d.jpg,none,
4b0ebcb00f6d4b935ed469e55a65ca24.jpg,both,BELLY_EXPOSED|FACE_FEMALE|FEMALE_BREAST_EXPOSED|FEMALE_GENITALIA_EXPOSED|MALE_GENITALIA_EXPOSED
4b336c7a7fb18cb1e7ff3d8075cdc961.jpg,none,
4b468359d95781edf60b1c6ddad9ec20.jpg,none,BUTTOCKS_COVERED|FEET_EXPOSED
4b4adee1c03cc5244c91c37d774df1ad.jpg,none,BELLY_EXPOSED|FEMALE_GENITALIA_COVERED
4b6d69bf286b7228d955a8fa38012e3e.jpg,female,FEMALE_BREAST_EXPOSED
4b841cfc305533f4c4c95606e9d8e9ab.jpg,none,
4b8d56a8ef7a7e375a5480bd329948a5.jpg,none,FEMALE_BREAST_COVERED
4ba7d77b6f353106a87f979087cce71a.jpg,none,ARMPITS_EXPOSED|BUTTOCKS_EXPOSED|FEET_COVERED
4bc861650ee0fdc337b344f8483a96fd.jpg,female_soft,ARMPITS_EXPOSED|BUTTOCKS_COVERED|FACE_FEMALE|FEET_COVERED
4bc861b24c552a705a2b768ac4f10c7e.jpg,both_soft,BELLY_EXPOSED|FACE_FEMALE|FACE_MALE|FEET_COVERED
4c06c3e6e8c63a661f0eb9ba622681ca.jpg,none,FEMALE_BREAST_COVERED
4c3078bec702dfbe233778a70d6ee495.jpg,female_soft,FACE_FEMALE
4ccf8d3c5e0aa2ec8dce94534c6e1b74.jpg,none,
4ce8c07e227a24213a88db6694fcd7db.jpg,none,BUTTOCKS_EXPOSED
4cefdd97038b8fbe8fa5163415317633.jpg,female_soft,FACE_FEMALE
4cf1251592de7207f5f8670cf2e76db4.jpg,female_soft,FACE_FEMALE|FEET_COVERED|FEMALE_BREAST_COVERED
4cff0448cc07d7eac1ca8597410bffc8.jpg,none,FEMALE_BREAST_COVERED
4d2679698be0e6769b7312aecc56636e.jpg,female,ARMPITS_EXPOSED|BUTTOCKS_EXPOSED|FEET_COVERED|FEMALE_GENITALIA_EXPOSED
4d43eca51a44de080092316325ccf4a3.jpg,none,ARMPITS_EXPOSED|BELLY_EXPOSED|FEMALE_BREAST_COVERED
4d68319e2ed58dcb1f44dbbff258e723.jpg,female_soft,FACE_FEMALE
4d7880a3447f14d494b2e4696430500e.jpg,none,BUTTOCKS_COVERED
4d7df7c3632b2e8be220c6033082c0ff.jpg,female,FEMALE_GENITALIA_EXPOSED
4d90369f68542c1f27ebfe12966269bd.jpg,female,BELLY_EXPOSED|FACE_FEMALE|FEMALE_BREAST_EXPOSED|MALE_BREAST_EXPOSED
4d929a7deb8f90d591fe04ff56ad5bbd.jpg,female_soft,BUTTOCKS_COVERED|FACE_FEMALE
4e12b984bff7601af80570d336b350ca.jpg,none,
4e164f87bc27394178e3865536f5d608.jpg,none,BUTTOCKS_COVERED
4e22894dadef3809ffd51c9ec2f02b5c.jpg,none,BUTTOCKS_EXPOSED
4e6751b23fff4c6a700877ac808b850e.jpg,female_soft,FACE_FEMALE|FEMALE_BREAST_COVERED
4e767531de3f726335e943a49e36f1a4.jpg,none,BELLY_EXPOSED|FEMALE_BREAST_COVERED|FEMALE_GENITALIA_COVERED
4e8215f3efc8ff63c8e234dd93afebc6.jpg,female_soft,FACE_FEMALE
4e828d7f7bbedb7bb615b5201f4bc22e.jpg,none,BELLY_EXPOSED
4ebdf3b701fb71eef3bc55269242596f.jpg,none,BUTTOCKS_EXPOSED
4f0ca5c5242a4aaffd09a3ff31524dc5.jpg,female_soft,BUTTOCKS_COVERED|FACE_FEMALE|FEET_EXPOSED
4f58e34f15515176eba6ed19efd0d4ed.jpg,none,FEMALE_BREAST_COVERED
4f9a862f0e7f9ef1f8036ae05868f5ff.jpg,female_soft,FACE_FEMALE|FEMALE_BREAST_COVERED
4f9c1ef2a763ee73185ec6579bf3ddad.jpg,male,MALE_GENITALIA_EXPOSED
4fba430171d73c1e957b4b096c4badee.jpg,none,
4fbdfd0cfe5bae0d543226fe66fcecc8.jpg,none,BUTTOCKS_EXPOSED
4fcc04ea3c0dd7d1648531959566c7f1.jpg,female_soft,FACE_FEMALE|FEMALE_BREAST_COVERED
4ff75906e20ef6757e509a3beee1419d.jpg,female,ARMPITS_EXPOSED|BELLY_EXPOSED|FACE_FEMALE|FEMALE_BREAST_EXPOSED
5032c9aae34f726487eb626cbf0d746a.jpg,female_soft,FACE_FEMALE|FEMALE_BREAST_COVERED
503af9cf135ce1e6979a1232a626c92c.jpg,none,
505066a73cba359444124c9349b7529d.jpg,female_soft,FACE_FEMALE|FEMALE_BREAST_COVERED
505145bc29d4ee70c2ea52d59a43912f.jpg,none,BUTTOCKS_EXPOSED|FEET_EXPOSED
508909b190b410e40cae7a3cb748f730.jpg,male,ARMPITS_EXPOSED|BELLY_EXPOSED|FACE_FEMALE|FEMALE_BREAST_COVERED|MALE_GENITALIA_EXPOSED
509b538169195f3000733e6dff0e3790.jpg,none,
50aae4ef9ec099989fee25aaed1cccff.jpg,female_soft,ARMPITS_EXPOSED|BELLY_COVERED|FACE_FEMALE|FEMALE_BREAST_COVERED
50dd23f7c87b450bddf7cf8f262045f2.jpg,female_soft,BELLY_EXPOSED|BUTTOCKS_EXPOSED|FACE_FEMALE|FEET_EXPOSED|FEMALE_BREAST_COVERED
50e90b57a70d656a1bf77e2f0737b038.jpg,none,BUTTOCKS_EXPOSED
50ee1c9df66fba6124193ff3e587ee89.jpg,none,ARMPITS_EXPOSED|BELLY_COVERED|FEMALE_BREAST_COVERED|FEMALE_GENITALIA_COVERED
50f53324719c2fac1bfec0be04c4b468.jpg,female_soft,BUTTOCKS_EXPOSED|FACE_FEMALE|FEMALE_GENITALIA_COVERED
512eb717c59079527bfe666e209a3811.jpg,none,BUTTOCKS_EXPOSED
5150502138e1a392344d804c4406b043.jpg,female,ARMPITS_EXPOSED|FACE_FEMALE|FEMALE_BREAST_EXPOSED|MALE_BREAST_EXPOSED
516b198e8e912585e617c87940f7ad61.jpg,none,
51ede2ffc4467a39abb3404d74d647a3.jpg,female,ARMPITS_EXPOSED|FACE_FEMALE|FEMALE_BREAST_EXPOSED
51ef7790616d52a498713e668a81a388.jpg,female_soft,FACE_FEMALE|FEMALE_BREAST_COVERED
51f26716bbbf38f12ea5a2ed3ed389b5.jpg,female_soft,ARMPITS_EXPOSED|FACE_FEMALE|FEMALE_BREAST_COVERED
51f5f7f03c4a99c1f6497e69177bf64d.jpg,female_soft,FACE_FEMALE|FEMALE_BREAST_COVERED
51fa7f28af54009c23eccc9799eab605.jpg,none,FEMALE_BREAST_COVERED
525a81039da6e13599a3ed4e550aac3b.jpg,female_soft,FACE_FEMALE
52650117c10b7d18947b82ed5046e5cd.jpg,none,BUTTOCKS_EXPOSED
529d04e076c7d7077d99f4be57d97800.jpg,none,BUTTOCKS_COVERED
52d0e8db47f53fb5c49d42be40386dab.jpg,both_soft,ARMPITS_EXPOSED|BELLY_EXPOSED|FACE_FEMALE|FACE_MALE|FEMALE_BREAST_COVERED|FEMALE_GENITALIA_COVERED
5357a87046f2afffdfa33b434b1aecad.jpg,female_soft,BELLY_EXPOSED|FACE_FEMALE|FEMALE_BREAST_COVERED
536077734abef403294571bd6ecf7973.jpg,female_soft,FACE_FEMALE|FEMALE_BREAST_COVERED
5366eeb7091dda79b8a42f9bbd0200e8.jpg,female_soft,BUTTOCKS_COVERED|FACE_FEMALE|FEET_COVERED
536ceaa1891f9763af70077d4a104b67.jpg,female_soft,FACE_FEMALE|FEMALE_BREAST_COVERED|FEMALE_GENITALIA_COVERED
5371061d709508a63d6a70164235cb8b.jpg,none,FEMALE_BREAST_COVERED
539197a9f25ce504f231a3c763201c21.jpg,none,ARMPITS_EXPOSED|BELLY_EXPOSED|FEMALE_BREAST_COVERED
53934aa76043cbb6d195c34e0dff34b6.jpg,female_soft,BELLY_EXPOSED|FACE_FEMALE|FEMALE_BREAST_COVERED
53c292e5612691b8d9d3410574bf926d.jpg,female_soft,BUTTOCKS_EXPOSED|FACE_FEMALE
53e5ccf57c090cba87eb460153ca2386.jpg,female_soft,ARMPITS_EXPOSED|FACE_FEMALE|FEET_EXPOSED
53f18f9b42f770c48b584d5019d62dd8.jpg,none,BELLY_EXPOSED|FEET_EXPOSED|FEMALE_BREAST_COVERED|FEMALE_GENITALIA_COVERED
53f30b893b47cfc3297291748663ee5f.jpg,female_soft,FACE_FEMALE|FEMALE_BREAST_COVERED
541ed54f68a6b4781505bfde4b6795ef.jpg,none,ARMPITS_EXPOSED|BUTTOCKS_EXPOSED
5431b3eb9a74f0a08e2c9240d6ba5f53.jpg,female_soft,FACE_FEMALE
543ac7da91df3953a8ab95788a2fff3c.jpg,none,
5441d19b22e0543f12033c6992b5b322.jpg,none,
5448c18acfda3fdbd63c85db7a448c58.jpg,female_soft,FACE_FEMALE
5448dacc33fdbf30c5eacae5915f94c1.jpg,female,FEMALE_BREAST_EXPOSED
544e91eb2d1105caa3a07e3c40721541.jpg,female_soft,ARMPITS_EXPOSED|BELLY_EXPOSED|BUTTOCKS_EXPOSED|FACE_FEMALE|FEMALE_BREAST_COVERED|FEMALE_GENITALIA_COVERED
548a397482f1c3e4f862ffd7b4eb9bb2.jpg,female,ARMPITS_EXPOSED|BELLY_EXPOSED|FACE_FEMALE|FEMALE_BREAST_EXPOSED
54b0bca2a5a0784fc32ed1661b07995c.jpg,none,
54b4e6daf286892fb1a6a56cab4c06d8.jpg,none,FEET_COVERED|FEET_EXPOSED
54e3e8430b69d501729357a70d08f6b6.jpg,female_soft,ARMPITS_EXPOSED|FACE_FEMALE|FEMALE_BREAST_COVERED
5502e4aae15d0c12e573cb1c1734822b.jpg,none,
552461e0e5d121fc8ccbef12279c3076.jpg,female,FACE_FEMALE|FEMALE_BREAST_EXPOSED
5573b15f370b18c60082d404513a6904.jpg,none,BELLY_EXPOSED|FEMALE_BREAST_COVERED
55bee36aaff090e43987ff30921ef217.jpg,none,
55c1a3e6754a42cfa97c1ad72604cf9c.jpg,female_soft,ARMPITS_EXPOSED|FACE_FEMALE
560850fa433b05a167d0df9c817b1dae.jpg,none,
5627898ab1ee6e8d579d8fa6aabd4b8d.jpg,none,BUTTOCKS_EXPOSED
562d66b82071b201c960dfb3056fa450.jpg,female_soft,ARMPITS_EXPOSED|BELLY_EXPOSED|FACE_FEMALE|FEMALE_BREAST_COVERED
5635d1dd556773d59d083f180188cd5b.jpg,female_soft,BUTTOCKS_COVERED|FACE_FEMALE|FEET_COVERED
564cc49cdd3fc760744895c31ea1f63b.jpg,female_soft,FACE_FEMALE
5679a5df42021069933dd4bebc46396b.jpg,female_soft,ARMPITS_EXPOSED|FACE_FEMALE|FEMALE_BREAST_COVERED
569c6e4eee522d1ff044b139f4c9045e.jpg,none,FEET_COVERED
56a2359bb4b18b43749261e9f328442d.jpg,none,BUTTOCKS_EXPOSED
56bb91da4c22f9be63fe8839487fcf7c.jpg,female_soft,FACE_FEMALE
56c7c43e56c1baa0b75fab8ef83e42e5.jpg,female_soft,FACE_FEMALE|FEMALE_BREAST_COVERED
575b7d9f4ea87cb44f891ea76064a375.jpg,none,BUTTOCKS_EXPOSED|FEET_COVERED
577d0afc9968c25c5467318e7c58c2ff.jpg,female_soft,ARMPITS_EXPOSED|BUTTOCKS_COVERED|FACE_FEMALE
57c28bac85e60782264310291de29e3c.jpg,female_soft,FACE_FEMALE
57c4c12b3666929914093e6da0be671e.jpg,none,BUTTOCKS_EXPOSED
57c90527c92191b9b10853302c6a632f.jpg,female_soft,BELLY_EXPOSED|FACE_FEMALE|FEMALE_BREAST_COVERED|FEMALE_GENITALIA_COVERED
581820d3e278444f29ced8482594eaf9.jpg,none,BUTTOCKS_EXPOSED|FEMALE_GENITALIA_COVERED
5831de2de11ac635ff00d97d85b5d440.jpg,female_soft,BELLY_EXPOSED|FACE_FEMALE|FEMALE_BREAST_COVERED|FEMALE_GENITALIA_COVERED
58461edc5dbb0da329d9224c1afe9abe.jpg,female_soft,FACE_FEMALE|FEET_EXPOSED
5864931f642abdc8c93fd48500fda929.jpg,none,
586775e3ff657ca86113426ae41be234.jpg,none,FEMALE_BREAST_COVERED
587f8a6195bd48a8a61e1aba8e2626c8.jpg,female,BELLY_EXPOSED|FACE_FEMALE|FEMALE_BREAST_EXPOSED|FEMALE_GENITALIA_COVERED
58e98a1095424965dcbeec9bd9f7513b.jpg,none,ARMPITS_EXPOSED|FEMALE_BREAST_COVERED
58ef162c0204190b6bb273dba979ee8f.jpg,none,FEMALE_BREAST_COVERED
5918ecf5c6e48d6af7c70ea3a09c85d2.jpg,none,
592049b7e693e8dab618909986afd3dd.jpg,none,BUTTOCKS_EXPOSED|FEET_COVERED
59274378fb9a93fae51ff36b9571ee60.jpg,female_soft,BUTTOCKS_EXPOSED|FACE_FEMALE
5931b47223a1296a40dc9041ce3b556b.jpg,female_soft,FACE_FEMALE|FEMALE_BREAST_COVERED
5956a7b502804ac43dada432f8e642f1.jpg,none,BELLY_EXPOSED|FEMALE_BREAST_COVERED
5972ec863023bccab25999381455454b.jpg,female_soft,FACE_FEMALE|FEMALE_BREAST_COVERED
59b90f19242d352d70817286f5533d63.jpg,female_soft,BUTTOCKS_EXPOSED|FACE_FEMALE
59ebaa791a045b9c778532bd5b48916a.jpg,none,BUTTOCKS_EXPOSED
5a039e945c6218ac48577bc2166be2c9.jpg,none,
5a20e56495f96c45fbb21dc8a3affa7e.jpg,female_soft,ARMPITS_EXPOSED|FACE_FEMALE|FEMALE_BREAST_COVERED
5a2815436b7eba46c8c9ead63f945c51.jpg,none,BELLY_EXPOSED
5a400ebbcb9f338feeaf5ec1368ed092.jpg,female,ARMPITS_EXPOSED|BELLY_EXPOSED|FACE_FEMALE|FEMALE_BREAST_EXPOSED|FEMALE_GENITALIA_COVERED
5a40d7c36e8c8f6e9958238bcbf86d67.jpg,female_soft,ARMPITS_EXPOSED|BELLY_EXPOSED|FACE_FEMALE|FEMALE_BREAST_COVERED
5a41e1da11041630abc089f8d60d2e4e.jpg,female_soft,FACE_FEMALE|FEMALE_BREAST_COVERED
5a598c369c0e1ae09e04feda6c8508d8.jpg,male,FACE_FEMALE|FEET_EXPOSED|MALE_GENITALIA_EXPOSED
5a5b0ea12e47709270fe2ba7f173a17a.jpg,none,BUTTOCKS_EXPOSED|FEMALE_GENITALIA_COVERED
5a78c27185c648317b543fa49c7e751f.jpg,none,
5a7906fda008e1c56fdee668bb7b5060.jpg,female_soft,ARMPITS_EXPOSED|FACE_FEMALE|FEMALE_BREAST_COVERED
5a8e51356705f85e88e84584db8a3538.jpg,female_soft,FACE_FEMALE|FEMALE_BREAST_COVERED
5aade280951cd43258955e427439db10.jpg,none,BUTTOCKS_EXPOSED
5ab4ee311f591645c0699130fc19611a.jpg,none,
5abc40f175ec03dc7055b206ca7c9422.jpg,female_soft,ARMPITS_EXPOSED|FACE_FEMALE
5ada3a99a9bd230c8e018cf89654a0ca.jpg,female,BELLY_EXPOSED|FACE_FEMALE|FACE_MALE|FEMALE_BREAST_EXPOSED
5afc12200d7a316ad39dbe2993211b4b.jpg,none,FEMALE_BREAST_COVERED
5b1d3cf7bf97711b045c4f7382ff34a3.jpg,female_soft,ARMPITS_EXPOSED|FACE_FEMALE|FEMALE_BREAST_COVERED
5b2023139a18b259da672613563a6b0c.jpg,female_soft,BELLY_COVERED|FACE_FEMALE|FEET_COVERED|FEMALE_BREAST_COVERED
5b47a3a3988f00f85b0afba9b3ec4da8.jpg,none,BELLY_EXPOSED|BUTTOCKS_COVERED|FEET_EXPOSED|FEMALE_BREAST_COVERED
5b579e1943df45297b91c449d4dd8ce2.jpg,female_soft,FACE_FEMALE|FEMALE_BREAST_COVERED
5bc8dae350d88b126f36e4a53862437a.jpg,female_soft,FACE_FEMALE|FEMALE_BREAST_COVERED
5bd1a36692a615c4b681aa546cd14acc.jpg,female_soft,FACE_FEMALE|FEMALE_BREAST_COVERED
5bdfaa38ec8ecd02fe273718c35c208b.jpg,none,FEMALE_BREAST_COVERED
5c11bf1b8de904b5083ced57796903ff.jpg,none,BELLY_EXPOSED
5c1d28222ea5c0a4b8c0063ec2ae5647.jpg,none,FEMALE_BREAST_COVERED
5c4f092afbe20130c74b344b06c6089a.jpg,female_soft,ARMPITS_EXPOSED|FACE_FEMALE|FEMALE_BREAST_COVERED
5c8090b3dc0b1a37ebf76ba828e298af.jpg,none,BUTTOCKS_EXPOSED|FEET_COVERED
5cc5e48b1bfed009356ffd49ca7bcf75.jpg,none,BUTTOCKS_COVERED
5cd2a006bc7ed61aab4d422c4302f881.jpg,female_soft,BELLY_EXPOSED|FACE_FEMALE|FEMALE_BREAST_COVERED
5cd820eb4326cf9bb99c43be94d0eec2.jpg,male,FACE_FEMALE|MALE_GENITALIA_EXPOSED
5d0c71cc009b1e8c118353c467eac481.jpg,none,BUTTOCKS_EXPOSED|FEET_COVERED
5d21dc1fe8c838af50a091ecbf3527ee.jpg,female_soft,FACE_FEMALE
5d3a59783ba5db68c6083570899f2c8d.jpg,female_soft,ARMPITS_EXPOSED|BELLY_EXPOSED|FACE_FEMALE|FEMALE_BREAST_COVERED|FEMALE_GENITALIA_COVERED
5d4cf98826c37138fa01cf0574101995.jpg,female_soft,BELLY_COVERED|FACE_FEMALE|FEMALE_BREAST_COVERED
5d70260b71d93c58236908ada7f3349c.jpg,both_soft,ARMPITS_EXPOSED|BELLY_EXPOSED|FACE_FEMALE|FACE_MALE|MALE_BREAST_EXPOSED
5da06826c505bd3653c92e2ebc3f92cc.jpg,none,BUTTOCKS_COVERED
5daf322e73521403a59dd734d4057346.jpg,female_soft,BELLY_EXPOSED|FACE_FEMALE|FEMALE_BREAST_COVERED
5dc81498f3eba12845e4f100a36b4b2f.jpg,female_soft,ARMPITS_EXPOSED|BELLY_EXPOSED|FACE_FEMALE|FEMALE_BREAST_COVERED
5ddb6ebe2dd424bbb8fe575c25140a19.jpg,female_soft,ARMPITS_EXPOSED|FACE_FEMALE|FEMALE_BREAST_COVERED
5e3ed3dd5d55646257be29ae839202bc.jpg,female,FEMALE_BREAST_EXPOSED
5e439066e53d0e2992e48d2f8a0ee6b3.jpg,female,BELLY_EXPOSED|FACE_FEMALE|FACE_MALE|FEMALE_BREAST_EXPOSED|MALE_BREAST_EXPOSED
5e758eba0c9aa807c78ee5cc5ecd8bbb.jpg,female_soft,ARMPITS_EXPOSED|BELLY_EXPOSED|FACE_FEMALE|FEMALE_BREAST_COVERED
5e83568b5c3f5619cd7b408b2e55fd74.jpg,none,BUTTOCKS_COVERED
5e8ab0bbd75b76d375b8e36b030e5cfd.jpg,none,
5f3ae2f316a759f6fa15bcf87f989e88.jpg,female_soft,ARMPITS_EXPOSED|BELLY_EXPOSED|FACE_FEMALE|FEMALE_BREAST_COVERED
5f3e7d15c0bd386ba8e6de413debb7bb.jpg,none,ARMPITS_EXPOSED|FEMALE_BREAST_COVERED
5f4c86e95b8598be5f4f5d055112c440.jpg,none,BUTTOCKS_EXPOSED
5f4ca38f60340b88c0183864695bcfb9.jpg,none,BELLY_EXPOSED|FEMALE_BREAST_COVERED|FEMALE_GENITALIA_COVERED
5fa8df09d39745067580f0618576ec84.jpg,female_soft,FACE_FEMALE|FEET_COVERED|FEMALE_BREAST_COVERED
5fc17a22b9d9421490b7b6485c2ace64.jpg,female,BUTTOCKS_EXPOSED|FEMALE_BREAST_EXPOSED
5fdbffbe2ca68c63cf9e26e90a2c68d4.jpg,none,BELLY_EXPOSED|FEMALE_GENITALIA_COVERED
5fef3c1c4351be846dbdcba6e303944a.jpg,female,ARMPITS_EXPOSED|BELLY_EXPOSED|FACE_FEMALE|FEMALE_BREAST_EXPOSED|FEMALE_GENITALIA_COVERED
605bd45a03821a4b6e186a920595b817.jpg,none,FEMALE_BREAST_COVERED
6070d408fbee943310c73b2c2e926995.jpg,none,BUTTOCKS_COVERED
608a7aca94c7fdd9de99f9aba956db8e.jpg,none,
609c22699204d57df5aa801a3ad9ca73.jpg,none,FEET_EXPOSED
60a78164d217713a297348d5ac9cb303.jpg,female,FACE_FEMALE|FEMALE_BREAST_EXPOSED
60cb3b4e4964c4004c999d33892d94cd.jpg,female_soft,ARMPITS_EXPOSED|FACE_FEMALE|FEET_COVERED
60de55052af955f3dfb2bf730394df69.jpg,female_soft,FACE_FEMALE|FEMALE_BREAST_COVERED
6115dd13b5b8cf00c975f9f995a1c96c.jpg,none,
611fa765a0064edee83e9eacffdb2cb3.jpg,female_soft,FACE_FEMALE|FEMALE_BREAST_COVERED
6132e7be2ea422927f5b36068457686f.jpg,female_soft,BUTTOCKS_COVERED|FACE_FEMALE
6136532d10b94877ec922a520a227770.jpg,female_soft,ARMPITS_EXPOSED|FACE_FEMALE|FEMALE_BREAST_COVERED
614a71ec517cfd6ab1312b2b402cd925.jpg,none,BUTTOCKS_EXPOSED
615aa4d3466ac3b13b3743b818583120.jpg,female_soft,FACE_FEMALE
6172d89946328809ab49e34cb6e72d0a.jpg,female_soft,FACE_FEMALE|FEMALE_BREAST_COVERED
61d67646188f09664fe8ea1f31b7e788.jpg,none,
61da55fe0070404901beb4cb0fefcb66.jpg,none,FEMALE_BREAST_COVERED
6215f7a9d9434bafd4cd00851c0f5146.jpg,none,BUTTOCKS_COVERED
6218d4669e7bfced352999f30c961561.jpg,none,
623803a946d84c440b9a44e842461ec3.jpg,none,
6243105aae4c1f2ef33692a87351e4d8.jpg,both_soft,ARMPITS_EXPOSED|BELLY_EXPOSED|FACE_FEMALE|FACE_MALE|FEMALE_BREAST_COVERED|FEMALE_GENITALIA_COVERED
625f717b5657da0a048f82b0909921e9.jpg,none,
62628aa0a7ed7063708c635bfaf3e7b6.jpg,male_soft,BELLY_EXPOSED|MALE_BREAST_EXPOSED
627367883645f701ada66b520fdc49c5.jpg,none,
627d4a453607f2c733d9b18f8fb321e3.jpg,female_soft,BELLY_EXPOSED|FACE_FEMALE|FEMALE_BREAST_COVERED
627ddf887e9c68d0f9795dbb435c327f.jpg,none,
6291111b638676aead52a013f50b12ec.jpg,female_soft,BUTTOCKS_COVERED|BUTTOCKS_EXPOSED|FACE_FEMALE
6299262e7adbf0581f34539a4eae038a.jpg,female_soft,FACE_FEMALE
62a58b8087d7a912cef36fd91908e1f9.jpg,female_soft,ARMPITS_EXPOSED|FACE_FEMALE|FEMALE_BREAST_COVERED
62c2c1c98e69462336be6ae3df9bada7.jpg,female,FEMALE_BREAST_EXPOSED
62c44322b56ddfeaac8f77412e66787f.jpg,female,FEMALE_BREAST_EXPOSED
62d96352e5d056190f4fad5e05ada819.jpg,female,BELLY_EXPOSED|FACE_FEMALE|FEET_COVERED|FEMALE_BREAST_EXPOSED|FEMALE_GENITALIA_COVERED
62e107d1c63ad08ed2c1c6f06e5d6510.jpg,none,ARMPITS_EXPOSED|FEET_COVERED
62f3131f22645f33fbda5aae09d4e66c.jpg,none,BUTTOCKS_COVERED
631e482c53791fd751014a4bc5bab848.jpg,female_soft,FACE_FEMALE|FEMALE_BREAST_COVERED
634c53c694d2691e214ee790dab7ab5d.jpg,female_soft,ARMPITS_EXPOSED|FACE_FEMALE
634c8d6d05831c379bafcc2ec139aa44.jpg,female_soft,BUTTOCKS_EXPOSED|FACE_FEMALE|FEMALE_BREAST_COVERED
6395bc74c0de77075c59ace307e0b62e.jpg,none,BUTTOCKS_COVERED|BUTTOCKS_EXPOSED
63a3e9fb342a1e1c0d523687fcccf85a.jpg,none,
63c5131f75fae92f43bef51577fdac55.jpg,female_soft,FACE_FEMALE
63c66798a2e689514d1d340204d8dd4c.jpg,female_soft,ARMPITS_EXPOSED|BELLY_EXPOSED|FACE_FEMALE
63e359ded5e02fdf01f1748fd251ef94.jpg,female,ARMPITS_EXPOSED|BELLY_EXPOSED|FACE_FEMALE|FEMALE_BREAST_COVERED|FEMALE_BREAST_EXPOSED
63fac3aaf35810836016eb979e48b4fc.jpg,none,BUTTOCKS_COVERED|FEET_COVERED|FEMALE_BREAST_COVERED
6404b5978290dde8d7aaa8ba7c64e592.jpg,none,FEMALE_BREAST_COVERED
64dfcd58ebdbf24915fbb14bbbbbe7a4.jpg,none,
64e8f24b4c5858c74c24ef59be14f6d1.jpg,female,BELLY_EXPOSED|FACE_FEMALE|FEMALE_BREAST_EXPOSED|FEMALE_GENITALIA_COVERED
64ed96cbad0307ce1f2dd064e02e0c7d.jpg,none,
65309263baf6ba4dfc32eff676d30430.jpg,none,BUTTOCKS_COVERED
655b6243b44d0711cf2a00db9fcf2631.jpg,female_soft,ARMPITS_EXPOSED|FACE_FEMALE|FEMALE_BREAST_COVERED
656d621ff5c3fd2fff2a99cee3a2ecd1.jpg,female_soft,FACE_FEMALE
6578b9eec431d2051e5ffb91411ac1a5.jpg,none,
6594a32bbb8c88a9f589ebfc139cf4f8.jpg,none,BUTTOCKS_EXPOSED
65d8bc63413dd73c1b1d7b0aae25979b.jpg,none,FEMALE_BREAST_COVERED
65e6227b4912ab292dc193da0911811a.jpg,none,
65eabf9de5856e8940be8cb01ab7bfb8.jpg,female_soft,FACE_FEMALE
6627cd8ad4675e43d565996782a4263e.jpg,none,
662d8fe22827f5c537830a33476531e3.jpg,none,FEMALE_BREAST_COVERED|FEMALE_GENITALIA_COVERED
66554a27b1d8e1b698a50940e19a852c.jpg,none,ARMPITS_EXPOSED
667984a011453e9e24e8e5a2dc1ce677.jpg,none,ARMPITS_EXPOSED|BUTTOCKS_COVERED
6686ee537ebb24d3ebe29a06c66f1ae7.jpg,female_soft,FACE_FEMALE|FEMALE_BREAST_COVERED
66a29557c5dd53e1c1c732e903bdbdd1.jpg,female_soft,FACE_FEMALE
66aa9b78b50b7014e9b124f159fc61ca.jpg,female_soft,ARMPITS_EXPOSED|BELLY_EXPOSED|FACE_FEMALE|FEET_COVERED|FEET_EXPOSED|FEMALE_BREAST_COVERED|FEMALE_GENITALIA_COVERED
66ab156f2f29e96657b2123dcf0f0105.jpg,female_soft,FACE_FEMALE
66f02f4fa859faeb0e4e7ac6198b1cfc.jpg,female_soft,FACE_FEMALE
66fa1d6a555e0084fa8dc18f166263b0.jpg,female_soft,ARMPITS_EXPOSED|BELLY_EXPOSED|FACE_FEMALE|FEMALE_BREAST_COVERED|FEMALE_GENITALIA_COVERED
67173bcf278e82e541413a0b1a0404f6.jpg,female,BELLY_EXPOSED|FEMALE_BREAST_COVERED|FEMALE_BREAST_EXPOSED|FEMALE_GENITALIA_COVERED
67261767696bfa5a22987175ae0fe9d0.jpg,female_soft,FACE_FEMALE|FEET_EXPOSED|FEMALE_BREAST_COVERED
67421e5fde02676f562ed668794185c1.jpg,female_soft,FACE_FEMALE
674c9f480253e86c6b54c5e1b9645742.jpg,female_soft,ARMPITS_EXPOSED|FACE_FEMALE|FEET_COVERED
674d3dc4f6894c4219f589b7ada52177.jpg,female_soft,ARMPITS_EXPOSED|BELLY_EXPOSED|FACE_FEMALE
67544eb541a705931293584d00c06233.jpg,none,
675fb900251242cdfbc6c36c3472680e.jpg,none,ARMPITS_EXPOSED|BELLY_EXPOSED|FEMALE_BREAST_COVERED|FEMALE_GENITALIA_COVERED
676574c2dbb28c105d90493f2a902151.jpg,none,ARMPITS_EXPOSED
67742ff541998853a598c65294c40051.jpg,none,
67895a550076f321d8aa4dc92f4a017c.jpg,none,
67929bec77b35ea536e81a40c525385b.jpg,female_soft,BELLY_EXPOSED|FACE_FEMALE|FEMALE_BREAST_COVERED|FEMALE_GENITALIA_COVERED
679899f4bbcbf81fa9875e0481af1fe0.jpg,female_soft,ARMPITS_EXPOSED|FACE_FEMALE|FEMALE_BREAST_COVERED
67df0e2d69c1e40b89b70f104c927e0a.jpg,female_soft,FACE_FEMALE|FEMALE_BREAST_COVERED
67ec0c3ca6601ba89e48393b51403102.jpg,none,BELLY_EXPOSED|FEMALE_BREAST_COVERED
67f5c265468f6c8d9c389d717a9f4b9e.jpg,none,
67f5ffbe109787194eb29056b5a3dbf7.jpg,none,
68028252b147a280d651215499d822f8.jpg,female,ARMPITS_COVERED|FACE_FEMALE|FEMALE_BREAST_COVERED|FEMALE_BREAST_EXPOSED
681c01c11fa77d6b950372e7bd001182.jpg,female,FACE_FEMALE|FEMALE_BREAST_COVERED|FEMALE_BREAST_EXPOSED
68385bbd86a88e1208229ec78f036329.jpg,none,BUTTOCKS_EXPOSED
683aa80fae6c6bf266aea8adcfcaa60c.jpg,female,ARMPITS_EXPOSED|BELLY_EXPOSED|FACE_FEMALE|FEMALE_BREAST_EXPOSED
68465f1f8b290b9facc525597975d412.jpg,none,
687d4e7c91a3ddeea5042b13dfccaa86.jpg,none,BUTTOCKS_COVERED
6895db4883c26fb92426e9ae3e43888a.jpg,female_soft,ARMPITS_EXPOSED|BELLY_EXPOSED|FACE_FEMALE|FEMALE_BREAST_COVERED
6897192f233d341a08f47149341029f1.jpg,none,ARMPITS_EXPOSED|FEMALE_BREAST_COVERED
68d6736d91abd55b5b4f54a3ce5e716b.jpg,none,
68d85456e3d5938e879784a219c3c731.jpg,female_soft,ARMPITS_EXPOSED|BELLY_EXPOSED|FACE_FEMALE|FEMALE_BREAST_COVERED|FEMALE_GENITALIA_COVERED
68df57f8a5e4c56fadc46a46aa106bce.jpg,female_soft,BELLY_EXPOSED|FACE_FEMALE
691bcc469fb646e231fa0622628f60d1.jpg,none,BELLY_EXPOSED|BUTTOCKS_EXPOSED|FEMALE_BREAST_COVERED
691be1a859648db19e7742c701e1c2e4.jpg,female_soft,FACE_FEMALE|FEMALE_BREAST_COVERED
69388c752cda8383b34740e18841aa0f.jpg,female_soft,ARMPITS_EXPOSED|BELLY_EXPOSED|FACE_FEMALE|FEMALE_BREAST_COVERED|FEMALE_GENITALIA_COVERED
696d0d3e4785540fa7a6645bd21b6297.jpg,female,FEMALE_BREAST_EXPOSED
696d8fac0d8947060b7c7ba6586adc13.jpg,none,ARMPITS_EXPOSED|BUTTOCKS_EXPOSED
6974328ad1c2481ac5c3296d06c7b757.jpg,female_soft,FACE_FEMALE
699b03685d670313515ad97a2aa9b651.jpg,none,BUTTOCKS_EXPOSED
69cd132fa898fa14b32091e3e06484c2.jpg,none,
69f7a6c5f91377bb4f7944e8fdee5126.jpg,none,BUTTOCKS_EXPOSED
6a1e7acddba3efd28f88e26488e904d2.jpg,female,FEMALE_BREAST_EXPOSED
6a572c5ae079ae82389c52bd7b9a1fb3.jpg,none,ARMPITS_EXPOSED|BELLY_EXPOSED|FEMALE_BREAST_COVERED
6a64af36680dc591544bdb2afde317c5.jpg,none,FEMALE_BREAST_COVERED
6a828a9587ec7fe218c6fb4c1e51def1.jpg,none,FEMALE_BREAST_COVERED
6a828c9d801d7a09681a6a6d6b24f1f2.jpg,none,
6a8a6c672ca8bc68998e65188e6c5a94.jpg,female_soft,FACE_FEMALE
6a9aea9ce253f18769748d0fb24461dc.jpg,female,BELLY_EXPOSED|FACE_FEMALE|FEMALE_BREAST_EXPOSED|FEMALE_GENITALIA_EXPOSED
6ab888b4fa4483466a7507129855e6be.jpg,none,BUTTOCKS_EXPOSED
6acfbac0f113345d1e1c994b64b598aa.jpg,none,BELLY_EXPOSED|FEMALE_BREAST_COVERED
6b01a63d531a3da519527531dae4f774.jpg,female_soft,ARMPITS_EXPOSED|BELLY_EXPOSED|FACE_FEMALE|FEMALE_BREAST_COVERED|FEMALE_GENITALIA_COVERED
6b057c1d8deebf5cacf7ad1fc88737b5.jpg,none,ARMPITS_EXPOSED|BELLY_EXPOSED|BUTTOCKS_EXPOSED|FEET_EXPOSED
6b800dbd802f5010d3ca391c9707ef44.jpg,none,FEMALE_BREAST_COVERED
6b938395681dd07f356d2aaa394df559.jpg,female,ARMPITS_EXPOSED|BELLY_EXPOSED|FEMALE_BREAST_COVERED|FEMALE_BREAST_EXPOSED
6b94f36d54d8da03de89908fd9338fe8.jpg,female_soft,FACE_FEMALE|FEET_COVERED|FEMALE_BREAST_COVERED
6b95817394464d2cdabb18798adfb9e2.jpg,none,FEMALE_BREAST_COVERED
6b9de01c78c78c20e00304e26ff55785.jpg,female_soft,BELLY_EXPOSED|FACE_FEMALE|FEMALE_BREAST_COVERED|FEMALE_GENITALIA_COVERED
6bcaa44fd362fe1020125476c66b7d88.jpg,female,ARMPITS_EXPOSED|BELLY_EXPOSED|FACE_FEMALE|FEMALE_BREAST_COVERED|FEMALE_BREAST_EXPOSED
6bee476acb93bdbcda4daa447e9d8e8b.jpg,none,BELLY_EXPOSED|FEET_COVERED|FEMALE_BREAST_COVERED|FEMALE_GENITALIA_COVERED
6bf2e1c273236447145e8c036d59f5d9.jpg,none,BELLY_COVERED|FEMALE_GENITALIA_COVERED
6c1f7a54e39df18f38a297459f56ac44.jpg,none,
6c20d04a8c07fed6014444ac09e78e90.jpg,female_soft,FACE_FEMALE|FEET_EXPOSED|FEMALE_BREAST_COVERED
6c302bf13c7e3fc423021d49cf3e4c50.jpg,female_soft,ARMPITS_EXPOSED|BUTTOCKS_EXPOSED|FACE_FEMALE|FEET_COVERED
6c4d07b4764bcd0a37343bd7152fde16.jpg,none,ARMPITS_EXPOSED|BELLY_EXPOSED|FEMALE_BREAST_COVERED|FEMALE_GENITALIA_COVERED
6c5bef34b77db9fb24d50cdf6afe0936.jpg,female,BELLY_EXPOSED|FACE_FEMALE|FEMALE_BREAST_COVERED|FEMALE_BREAST_EXPOSED|FEMALE_GENITALIA_COVERED
6c5cda8cecb38992d35eb99d7bb61b02.jpg,none,BUTTOCKS_EXPOSED|FEET_COVERED
6c9eff7e6e2a76f06607a1579a81c6dd.jpg,female_soft,ARMPITS_EXPOSED|BELLY_COVERED|FACE_FEMALE|FEMALE_BREAST_COVERED
6cd2ddf80b7234990f28490ccf57e657.jpg,none,BUTTOCKS_EXPOSED
6ce025a9a2dfd7742c033f038fcd053a.jpg,female_soft,ARMPITS_EXPOSED|FACE_FEMALE|FEMALE_BREAST_COVERED
6ceccf3d8d075e3846853430dd4cba35.jpg,female_soft,ARMPITS_EXPOSED|FACE_FEMALE|FEET_EXPOSED|FEMALE_BREAST_COVERED
6d3cbeb377fba8cebf94b0d7f3c1323b.jpg,female_soft,ARMPITS_EXPOSED|FACE_FEMALE|FEMALE_BREAST_COVERED
6d554281672ec3cb95a59c1f08a984e2.jpg,female_soft,FACE_FEMALE
6d5776c5a4335aecd9d036b6f8740f14.jpg,none,
6d64a55a878bcbf362edcb7cafb5a645.jpg,female_soft,BELLY_EXPOSED|FACE_FEMALE|FEET_COVERED|FEMALE_BREAST_COVERED
6da8a0809cabbf4d028a936dc81ec409.jpg,none,
6dc22805b24b6d782b38d651d7bf8404.jpg,female_soft,FACE_FEMALE|FEMALE_BREAST_COVERED
6e10ae4aacf51eb5a7bae4e5dcd7f285.jpg,female_soft,FACE_FEMALE|FEMALE_BREAST_COVERED
6e19f50e5776c2e9f365f7e75dc493b5.jpg,none,BUTTOCKS_COVERED
6e4f872f4eb8e72cab16f540ebf5a4cf.jpg,female_soft,BELLY_COVERED|FACE_FEMALE|FEMALE_BREAST_COVERED
6e5c6a7deb2a0c8d96d266b8ddb115f2.jpg,female_soft,ARMPITS_EXPOSED|BELLY_EXPOSED|FACE_FEMALE|FEMALE_BREAST_COVERED
6e7fd40498c5982815ea202589643ccb.jpg,none,
6e997b9424a472539c821844ac329cfb.jpg,female_soft,ARMPITS_EXPOSED|BUTTOCKS_COVERED|FACE_FEMALE|FEMALE_BREAST_COVERED
6e9b0eb824df701a055a8bccd86ce754.jpg,female,BELLY_COVERED|FACE_FEMALE|FEMALE_BREAST_EXPOSED
6ea34dabe284df240274306e49e9a377.jpg,none,FEET_EXPOSED
6eb122f06b2d0fff3dbb7599e75eb8f0.jpg,female_soft,FACE_FEMALE
6eb5661aa3dfe6c1861c850de7b4125b.jpg,female_soft,FACE_FEMALE
6eb607a7d32ae869211481e1d829d531.jpg,none,
6ebea8e73b6fc68ba45d2292d5fd616f.jpg,female_soft,FACE_FEMALE
6ebf810608e66119dc604b66bc287180.jpg,none,
6ed899b9b01f71b21052a61f355a3748.jpg,none,BUTTOCKS_EXPOSED
6efe2f537cfd96c50fefa89d1287d565.jpg,none,
6f0a1938703ab37f4248ceb420ee4efa.jpg,none,BUTTOCKS_EXPOSED
6f11ad04eda5b66254449c922c5d0b92.jpg,female_soft,ARMPITS_EXPOSED|FACE_FEMALE
6f16dac77249c757e334f59f3f0e66a3.jpg,female,FACE_FEMALE|FEMALE_BREAST_EXPOSED
6f7b48fbdb37b315613e1383657a43c5.jpg,none,ARMPITS_EXPOSED|BELLY_EXPOSED|BUTTOCKS_EXPOSED|FEMALE_BREAST_COVERED
6f7b9b4f47e0d53efbfe3cb387ffa732.jpg,none,
6fa9440b11c95b40a328e4e4ca861c3a.jpg,female_soft,FACE_FEMALE|FEMALE_BREAST_COVERED
6faf37857159d5268f92bd73be618c7e.jpg,none,BUTTOCKS_EXPOSED
6fd93e268ee2257948bf63f098b33f60.jpg,female_soft,FACE_FEMALE
6fe7cf642e11ad41f9f7698cfa424b54.jpg,none,BUTTOCKS_EXPOSED
6ff0452d3dda814d80a69b91adf723f3.jpg,female_soft,FACE_FEMALE|FEMALE_BREAST_COVERED
6ff19fcc2909a66fd77fa4be7b286a83.jpg,none,BUTTOCKS_EXPOSED
7004508ca00f71a9ef79e31751345b57.jpg,female_soft,ARMPITS_EXPOSED|FACE_FEMALE|FEMALE_BREAST_COVERED
7006fcaef93ca5b5edc7f01600794985.jpg,none,ARMPITS_EXPOSED
70196ac9fd4f160e7cd5f8ba2122ea15.jpg,female_soft,FACE_FEMALE
7029d35b9ee21a0d4858878869a35714.jpg,female_soft,FACE_FEMALE|FEMALE_GENITALIA_COVERED
704cff18e243a95ea39583654209c14d.jpg,female_soft,ARMPITS_EXPOSED|BELLY_EXPOSED|FACE_FEMALE
70647ab68548876be7a0808af3c6da25.jpg,none,BUTTOCKS_EXPOSED
706d590795294b6dd24b596c3d2084b5.jpg,female_soft,BELLY_COVERED|FACE_FEMALE|FEET_COVERED|FEMALE_BREAST_COVERED
7094960045264ce0c2c03fbb81e92523.jpg,female_soft,ARMPITS_EXPOSED|FACE_FEMALE|FEMALE_BREAST_COVERED
709a08c670a14d86b0d3aa989394542e.jpg,male_soft,BELLY_EXPOSED|FACE_MALE|MALE_BREAST_EXPOSED
70db4510bac296d3b92f918764e18059.jpg,female_soft,ARMPITS_EXPOSED|FACE_FEMALE|FEMALE_BREAST_COVERED
70fb03323b294cd1fe7b37d8a5859d33.jpg,none,
71008d42eedad340dc53e5a01c43c88d.jpg,female_soft,BELLY_EXPOSED|FACE_FEMALE|FEMALE_BREAST_COVERED|FEMALE_GENITALIA_COVERED
7105314ddd1119b01920099e5ef30daf.jpg,female,ARMPITS_EXPOSED|BUTTOCKS_EXPOSED|FACE_FEMALE|FEET_COVERED|FEET_EXPOSED|FEMALE_BREAST_EXPOSED
71281cf64d9ea54df1ae140da2e6c40c.jpg,none,BELLY_EXPOSED
713a1045aea2f5d1880a5a26c8ab1f4d.jpg,female_soft,FACE_FEMALE|FEET_COVERED|FEET_EXPOSED|FEMALE_BREAST_COVERED
716c165de70b76fc5c4bb649b1b5dfc2.jpg,female_soft,ARMPITS_COVERED|FACE_FEMALE|FEMALE_BREAST_COVERED
716d5dc580a8211ef026220fcd2fa894.jpg,female_soft,BUTTOCKS_EXPOSED|FACE_FEMALE
72713d614526fda82eac5792e0a896d3.jpg,none,BELLY_EXPOSED|FEMALE_BREAST_COVERED|FEMALE_GENITALIA_COVERED
7284a61625bbe0482304dd6774ee669e.jpg,female,FEMALE_BREAST_COVERED|FEMALE_BREAST_EXPOSED
72b59b3866485faf109807651479c430.jpg,female,BELLY_EXPOSED|FACE_FEMALE|FEMALE_BREAST_EXPOSED|FEMALE_GENITALIA_COVERED
72c15bca4b2535b1f4943e5c51a9c6bf.jpg,none,
72cb8818fa603deabd266593c5cc333e.jpg,female_soft,FACE_FEMALE|FEMALE_BREAST_COVERED
72d4442a4aef48f4df4e79145ec68c71.jpg,female_soft,ARMPITS_EXPOSED|BELLY_EXPOSED|FACE_FEMALE|FEMALE_BREAST_COVERED
72fa6cbc07c48b061906788b01487e42.jpg,none,
733156f5c9fd9c4821076a5ff36d0f7c.jpg,both,BELLY_EXPOSED|FEMALE_BREAST_EXPOSED|MALE_GENITALIA_EXPOSED
7346eccd6e0d63f5736ff44e6e24adf1.jpg,none,BUTTOCKS_EXPOSED
734a40a78dee710f976a4510be9f6ef6.jpg,female_soft,FACE_FEMALE|FEMALE_BREAST_COVERED
735d70f3424e95883c6417ffb195438f.jpg,none,BUTTOCKS_COVERED|FEET_COVERED|FEET_EXPOSED
7368af012ec3b539b26e0578a87e4fba.jpg,none,BUTTOCKS_EXPOSED
736eab9754f30d3f5f2bd3766f8dcb9d.jpg,female_soft,BUTTOCKS_EXPOSED|FACE_FEMALE
73788b93e5a51fd9fa7866f76f034244.jpg,male,FACE_FEMALE|MALE_GENITALIA_EXPOSED
73883eeb98c318968da647122999947c.jpg,female_soft,ARMPITS_EXPOSED|FACE_FEMALE|FEMALE_BREAST_COVERED
738ceb177b60f19a8e8152cfacdf05c5.jpg,none,BUTTOCKS_COVERED|FEET_COVERED
7392a6a8871f4789a627d3153ea2f1c5.jpg,female_soft,FACE_FEMALE|FEMALE_BREAST_COVERED
73ab21e3ad210630eccd12888091ccb3.jpg,female_soft,FACE_FEMALE
73b1798e0b50d4f8372a7c13f784d2c1.jpg,female_soft,FACE_FEMALE|FEMALE_BREAST_COVERED
73b37f4f84ff094231350b1f8ffc7235.jpg,female_soft,FACE_FEMALE|FEMALE_BREAST_COVERED
73b4ae348bfa7de24009ed7056487933.jpg,none,BUTTOCKS_EXPOSED
73c1c98fbc8b248b717f46b251c6f9a7.jpg,none,FEMALE_BREAST_COVERED
73edc124f23753ecfb1b2e6a21091c15.jpg,female,BELLY_EXPOSED|FACE_FEMALE|FEMALE_BREAST_COVERED|FEMALE_BREAST_EXPOSED|FEMALE_GENITALIA_COVERED
741371bfad3d128a09e130ef2568258d.jpg,none,
745456cbdca562c5eb7e7a4be6e07e5b.jpg,none,BUTTOCKS_EXPOSED
7492d270ce0717577006253bfe13eb23.jpg,none,BUTTOCKS_EXPOSED
74bbed41feab2dc1036b7072651ee5d6.jpg,female_soft,ARMPITS_EXPOSED|FACE_FEMALE|FEET_EXPOSED|FEMALE_BREAST_COVERED
74bdddd636ce7ebb14c77914635b8df7.jpg,none,BELLY_EXPOSED|FEMALE_GENITALIA_COVERED
74c75d628b3e71304bbab940ecbef44e.jpg,female_soft,BELLY_EXPOSED|FACE_FEMALE|FEMALE_BREAST_COVERED
74db00de0f5f82d59945d55a163d72eb.jpg,female_soft,ARMPITS_EXPOSED|FACE_FEMALE|FEMALE_BREAST_COVERED
75420b050074361eb090c93d7fa3327b.jpg,female,ARMPITS_EXPOSED|FACE_FEMALE|FEMALE_BREAST_EXPOSED
7570519748e55f50e53aaf5bb4ccd933.jpg,none,BUTTOCKS_EXPOSED
758eb6aa1c538b012fb80dd609c81d0f.jpg,none,BELLY_EXPOSED
75a509579ec9fb7f0ac7ca55896e5513.jpg,none,BELLY_EXPOSED|FEMALE_GENITALIA_COVERED
75b119475ab1f9e3c876d9eb9ea52456.jpg,none,BUTTOCKS_EXPOSED
75b39b6a7067840388134e86cfbe6f07.jpg,none,BUTTOCKS_EXPOSED
75b9e238e4d8d01ede8da6b01bb94c75.jpg,none,ARMPITS_EXPOSED|BELLY_EXPOSED|BUTTOCKS_COVERED|BUTTOCKS_EXPOSED
75bef88c9119fcdacef3434aa7688872.jpg,none,BELLY_EXPOSED|FEMALE_BREAST_COVERED|FEMALE_GENITALIA_COVERED
75f1a46e1f2df821152afff072a71bd0.jpg,male,FACE_FEMALE|MALE_GENITALIA_EXPOSED
75f7b3769066a46943d0dc382d5f45d2.jpg,female_soft,FACE_FEMALE
75fab33ee99752cc2c67525f2d220576.jpg,female_soft,FACE_FEMALE|FEET_EXPOSED
76359f941079545665b1ce69aa8566d6.jpg,female_soft,ARMPITS_EXPOSED|FACE_FEMALE|FEMALE_BREAST_COVERED
7643a27fc7963d79741dbf9df0ddefbc.jpg,female,BUTTOCKS_EXPOSED|FEMALE_BREAST_EXPOSED
7649933b5b1ede3932a318c55b927273.jpg,both_soft,BELLY_EXPOSED|FACE_FEMALE|MALE_BREAST_EXPOSED
765d695173bf81000a2e4106e5087054.jpg,female_soft,BELLY_EXPOSED|FACE_FEMALE
766c70863612714254f90449033732d9.jpg,none,
769b3ab3ac4222c46f9c6be85a9e3226.jpg,none,
769ed1d611b2b46a53356a4a40f38260.jpg,none,
76adbcab8db3bb64df8a385d1c62dfea.jpg,none,
76bf9a44daa9c4c2ee5ad5e8cd2a9ae4.jpg,none,FEMALE_BREAST_COVERED
76f247b154052fe0f1b71d07dc832ce4.jpg,none,BELLY_COVERED|FEMALE_BREAST_COVERED
772da13aff13c791f56228ca2e7cc1b7.jpg,none,ARMPITS_EXPOSED|BUTTOCKS_COVERED
773386650fa657ed0a67a2cab43f376e.jpg,female_soft,ARMPITS_EXPOSED|BELLY_COVERED|FACE_FEMALE|FEET_COVERED|FEMALE_BREAST_COVERED|FEMALE_GENITALIA_COVERED
7755d6b56f4693a3628eaf7a742ace2b.jpg,female_soft,BELLY_EXPOSED|FACE_FEMALE
776bbfb9a6a62221136a05885225b579.jpg,none,
7786006a50ebdfccd737ef059d7305f8.jpg,female_soft,ARMPITS_EXPOSED|FACE_FEMALE|FEMALE_BREAST_COVERED
7793d0583f43301f65d91d632eb0b310.jpg,female_soft,FACE_FEMALE|FEMALE_BREAST_COVERED
77984b7cf6e9a95c65b44abeb58c36c2.jpg,none,
77b40af8dbec4df23d88c4af8aad1aff.jpg,none,ARMPITS_EXPOSED|FEMALE_BREAST_COVERED
77d65ed0f77f1e05ed08271c7792471e.jpg,none,BELLY_EXPOSED|FEMALE_BREAST_COVERED
77e30eca84e0b6f20d571127fd3eb3f9.jpg,none,FEMALE_BREAST_COVERED
78025e03ea2f61111760e4255f82a739.jpg,female_soft,FACE_FEMALE|FEMALE_BREAST_COVERED
7806577b33a7e80d05bb12c0201a058c.jpg,female,ARMPITS_EXPOSED|BELLY_EXPOSED|FACE_FEMALE|FEMALE_BREAST_COVERED|FEMALE_BREAST_EXPOSED
78261206950d816bb386ef299644b1ea.jpg,none,ARMPITS_EXPOSED|BUTTOCKS_EXPOSED|FEET_COVERED
782e3fe9b8f555f21c888f7cf316a1d4.jpg,female,BELLY_EXPOSED|FACE_FEMALE|FEMALE_BREAST_COVERED|FEMALE_BREAST_EXPOSED|FEMALE_GENITALIA_COVERED
78737c335c86919c6d36e3c06e7ab73a.jpg,female_soft,BELLY_EXPOSED|FACE_FEMALE|FEMALE_BREAST_COVERED|FEMALE_GENITALIA_COVERED
787f5fcbb6b09d224727b75fd470384a.jpg,female_soft,ARMPITS_EXPOSED|FACE_FEMALE|FEMALE_BREAST_COVERED
78ec785d7a17f9decfefcb0df8a81395.jpg,female_soft,BELLY_COVERED|FACE_FEMALE
7907926c3ae1c63a96a2c0daa76e0a74.jpg,female,ARMPITS_EXPOSED|BELLY_EXPOSED|FACE_FEMALE|FEMALE_BREAST_COVERED|FEMALE_BREAST_EXPOSED
790a9d258857154e9820e64bdc1b1204.jpg,female_soft,BELLY_EXPOSED|FACE_FEMALE
791a0170f0c88cd38638288f2ffb8638.jpg,female_soft,ARMPITS_EXPOSED|FACE_FEMALE|FEMALE_BREAST_COVERED
793192679727bb77c1ccf713868d01f5.jpg,none,ARMPITS_EXPOSED|BELLY_EXPOSED|FEMALE_BREAST_COVERED|FEMALE_GENITALIA_COVERED
79818c187029b231beac456d337b94f9.jpg,female_soft,FACE_FEMALE
7996ef25e568923b82fda3ff76280dbe.jpg,female_soft,FACE_FEMALE
79b1f0ecea3d96b7e79bbe1bcaeaecac.jpg,none,ANUS_EXPOSED|BUTTOCKS_EXPOSED|FEMALE_GENITALIA_COVERED
79c251fb53533399eb2f8284af07c04f.jpg,female_soft,ARMPITS_EXPOSED|BELLY_EXPOSED|FACE_FEMALE|FEMALE_BREAST_COVERED|FEMALE_GENITALIA_COVERED
79db6c4d81ba9384b9c265286c8d0c72.jpg,female_soft,FACE_FEMALE
79f9a7c1da8106bcb95b70c0f5beef28.jpg,female,ARMPITS_EXPOSED|BELLY_EXPOSED|FACE_FEMALE|FACE_MALE|FEMALE_BREAST_EXPOSED|MALE_BREAST_EXPOSED
7a33eebe55a25fd66e2768d8668162f1.jpg,female_soft,BELLY_EXPOSED|FACE_FEMALE|FEMALE_BREAST_COVERED
7a714b0bccc81ff24c00d3bbfcdb0a3b.jpg,female_soft,FACE_FEMALE
7aa0f337f70c0c7a7665e8d6584b8c2a.jpg,female_soft,FACE_FEMALE|FEMALE_BREAST_COVERED
7ad1735364812b5d32a40b3032095dff.jpg,female_soft,FACE_FEMALE
7ae32a8f6655226f0f0726337ace25c9.jpg,none,
7ae42c75b031f5984371fb774897d686.jpg,female_soft,BELLY_EXPOSED|FACE_FEMALE|FEMALE_BREAST_COVERED|FEMALE_GENITALIA_COVERED
7af6cbd8571f51d58db179bb7aa33382.jpg,none,ARMPITS_EXPOSED
7b54a6a996e5514d2cd7f39f13a3ff39.jpg,female,FACE_FEMALE|FEMALE_BREAST_COVERED|FEMALE_BREAST_EXPOSED
7b63efcc933979a0e27f4274f6b428b2.jpg,female_soft,FACE_FEMALE|FEMALE_BREAST_COVERED
7bcbc67a9c23153063daff6313a0b858.jpg,female_soft,FACE_FEMALE|FEET_COVERED|FEMALE_BREAST_COVERED
7c11cfd1d02ba214d5cbc4427fcf301d.jpg,none,FEET_COVERED
7c282c19377bf836537f844d7dbf151b.jpg,none,FEMALE_BREAST_COVERED
7c3c9f569103ed28ac0f032f47d3b03a.jpg,female_soft,BUTTOCKS_EXPOSED|FACE_FEMALE|FEET_COVERED
7c5a57aba1d34cc44c8359791e3a21ad.jpg,female_soft,ARMPITS_EXPOSED|BELLY_EXPOSED|BUTTOCKS_EXPOSED|FACE_FEMALE|FEMALE_GENITALIA_COVERED
7c5e0fe8f634cae33a772fc73f9ad046.jpg,female,BELLY_EXPOSED|FEMALE_BREAST_EXPOSED
7c67d2ebfa4cc9d5a980b868260a88cb.jpg,none,
7c829707bd375b1274b4a43e8e9d19e3.jpg,none,ARMPITS_EXPOSED|BELLY_EXPOSED|FEMALE_BREAST_COVERED
7ca306a473ae915b226f22e02b9c3dd8.jpg,none,ARMPITS_EXPOSED|BELLY_EXPOSED|FEMALE_BREAST_COVERED
7ce47f54d10bebea45df783006bc68bc.jpg,female_soft,BELLY_EXPOSED|FACE_FEMALE
7cf7356e6fcdba49a88fa4fcb75a97d8.jpg,female,BUTTOCKS_EXPOSED|FEMALE_GENITALIA_EXPOSED
7d115fa61cba894737426c7cdc10112d.jpg,male,FACE_FEMALE|MALE_GENITALIA_EXPOSED
7d18430442f431eb9affca77bd354d58.jpg,female_soft,FACE_FEMALE
7d4455f33f9db42d5aa349aab46617bb.jpg,female_soft,BELLY_EXPOSED|FACE_FEMALE|FEMALE_BREAST_COVERED|FEMALE_GENITALIA_COVERED
7d45c6338c27bf8ab9c27115bf6fe296.jpg,female_soft,ARMPITS_EXPOSED|BUTTOCKS_COVERED|FACE_FEMALE|FEMALE_BREAST_COVERED
7d50cfebaef313b559106945af952c36.jpg,none,FEMALE_BREAST_COVERED
7d5600a7362a177a3635457837dd92c7.jpg,female_soft,FACE_FEMALE|FEET_COVERED|FEMALE_BREAST_COVERED
7d81f98343aaa142610abfbbfdc3b31c.jpg,female_soft,FACE_FEMALE|FEET_EXPOSED
7d8865cb0bf469427cd8b39ceba28c81.jpg,none,FEET_COVERED
7dac561e1e0c73371814569434f8d0cf.jpg,female,FACE_FEMALE|FEMALE_BREAST_EXPOSED
7dd4e6ec9e9d8aaad367d8245c897aca.jpg,none,FEET_COVERED
7e31287ab811bc4ad389933b7f6b82fd.jpg,none,
7e6163a85818fb340c9a032e6e4fb411.jpg,none,FEMALE_BREAST_COVERED
7ea9af7e57ac93b0b0b09d0730b53f80.jpg,none,
7eb7f700572990f9c0c4cfb291d2b73c.jpg,female_soft,FACE_FEMALE
7eb9cddde24a2c20e23bfcdbc701688f.jpg,none,FEMALE_BREAST_COVERED
7ec200b65251da3370baad054b94425c.jpg,none,BUTTOCKS_EXPOSED|FEET_EXPOSED
7ecc72ad943177d86c8b140f57ecd582.jpg,female_soft,FACE_FEMALE|FEMALE_BREAST_COVERED
7ed3d6a1c8519df44fe441e4425674cb.jpg,female_soft,ARMPITS_EXPOSED|FACE_FEMALE|FEMALE_BREAST_COVERED
7eda4e02b76a41ec22946ba41db0b599.jpg,none,
7eee5a48992debf5756f302389cd6913.jpg,female_soft,ARMPITS_EXPOSED|BELLY_EXPOSED|FACE_FEMALE
7f2081088777fb31b2d5b845acb4eae7.jpg,female_soft,ARMPITS_EXPOSED|FACE_FEMALE
7f28d5943049b6d1ad3d21113545cf6d.jpg,none,
7f2dbaccac29dda4e48ebd596438d32c.jpg,none,BELLY_COVERED
7f543957bad338afeab19824159c7d73.jpg,female_soft,ARMPITS_EXPOSED|FACE_FEMALE|FEMALE_BREAST_COVERED
7f5c4d7dfbae03e4b752f96f4073b821.jpg,male_soft,ARMPITS_EXPOSED|BELLY_EXPOSED|FACE_MALE|MALE_BREAST_EXPOSED
7fad115ab11b1fb5e05472e9dd5955c4.jpg,female_soft,FACE_FEMALE|FEMALE_BREAST_COVERED
7fb348d40a92b6acb2bcdcb48eda821a.jpg,none,ARMPITS_EXPOSED|BELLY_EXPOSED|FEMALE_GENITALIA_COVERED
7fc80d2391b3f4e5f2f4cad3611e496c.jpg,female_soft,ARMPITS_EXPOSED|FACE_FEMALE|FEMALE_BREAST_COVERED
7fcfef6218cd4eab650d2e11ff93590e.jpg,female_soft,BUTTOCKS_EXPOSED|FACE_FEMALE|FEET_COVERED
7fe6ab75913750357b75ec3b48927693.jpg,female_soft,ARMPITS_EXPOSED|BUTTOCKS_COVERED|FACE_FEMALE
8005534523f48afeba8e2463afc696e7.jpg,none,
801acb56a952db772034964b1d44d331.jpg,female_soft,FACE_FEMALE|FEMALE_BREAST_COVERED
803a41ec44abff35bc25c6c59faf2349.jpg,none,BELLY_EXPOSED|FEMALE_BREAST_COVERED
8071e1eca8fe2b225bac9bc1d4ea5463.jpg,none,BELLY_EXPOSED|BUTTOCKS_COVERED
8073b8ce64dfd277e0bde0cf148e81a5.jpg,female_soft,ARMPITS_EXPOSED|BUTTOCKS_COVERED|FACE_FEMALE|FEMALE_BREAST_COVERED
807fd83c783fae59b8d3741005e45cd5.jpg,female_soft,FACE_FEMALE
8081d4cbd2c753cb2923bc1ff55d9896.jpg,none,BELLY_EXPOSED
80916dd3ea54eb0e5f4cf1de371e3b81.jpg,female_soft,FACE_FEMALE|FEMALE_BREAST_COVERED
80aa8fa8553bf805bf8c73d7830c6faf.jpg,female_soft,ARMPITS_EXPOSED|BELLY_EXPOSED|FACE_FEMALE|FEMALE_BREAST_COVERED
80cefc797290ebbd6d9aff8cc9922670.jpg,female_soft,ARMPITS_EXPOSED|BELLY_COVERED|FACE_FEMALE|FEMALE_BREAST_COVERED
80e931e35736ee2a31ac161ed4734f6c.jpg,female_soft,FACE_FEMALE|FEMALE_BREAST_COVERED
8119dbb6dbd5edc41ccb951225e7ad3d.jpg,female_soft,FACE_FEMALE|FEMALE_BREAST_COVERED
81344a490e19bd124bbcd8212f055164.jpg,female_soft,BELLY_EXPOSED|FACE_FEMALE|FEMALE_BREAST_COVERED
813e455065e99f7fa3985c4e924f2848.jpg,female_soft,BELLY_EXPOSED|FACE_FEMALE|FEMALE_BREAST_COVERED|FEMALE_GENITALIA_COVERED
81469ed08b773a1ea0616dc81f16b3ef.jpg,female,FEMALE_BREAST_EXPOSED
81d760ac445433e3edbed1bdac0bc4b4.jpg,female,ARMPITS_EXPOSED|BELLY_EXPOSED|FEMALE_BREAST_COVERED|FEMALE_BREAST_EXPOSED|FEMALE_GENITALIA_COVERED
81f4227980bc7bf92bb662f1fd16485a.jpg,none,BUTTOCKS_COVERED|FEET_COVERED
82046e1410754e62491606aa2d0de357.jpg,female_soft,FACE_FEMALE|FEMALE_BREAST_COVERED
825b557c631f8fd2a2315932890d4899.jpg,none,BELLY_COVERED|FEMALE_BREAST_COVERED
8263e8275266929e94f75446078e56dc.jpg,none,
82941b61d76def56932d161253b07c3e.jpg,none,
82baf867b70ee674659e29379e793b20.jpg,female_soft,ARMPITS_EXPOSED|BELLY_EXPOSED|FACE_FEMALE|FEMALE_BREAST_COVERED
82d96187e5ee778859faec7072b0de47.jpg,male_soft,MALE_BREAST_EXPOSED
82eff8f94263bca06430e862b75aff1f.png,none,BUTTOCKS_EXPOSED
82f585996c2c91b2c2cb1043a8491f1c.jpg,female_soft,FACE_FEMALE|FEET_COVERED
82f923987106cfbfd177a32622a90803.jpg,female_soft,ARMPITS_EXPOSED|BELLY_EXPOSED|FACE_FEMALE|FEMALE_BREAST_COVERED|FEMALE_GENITALIA_COVERED
831002e23093cb232e2fce9e63ddbb85.jpg,female_soft,BUTTOCKS_EXPOSED|FACE_FEMALE|FEET_COVERED|FEMALE_BREAST_COVERED
8319d64900a677ff6a93d54527bff336.jpg,none,
83248d00d79df68a8407e72055a5e55e.jpg,none,BUTTOCKS_EXPOSED
8384cf72ec6b451f0f9ab2dd7c98e173.jpg,female_soft,ARMPITS_EXPOSED|FACE_FEMALE|FEMALE_BREAST_COVERED
838c275cb1e29e1e32115418d51fe9b7.jpg,female,ARMPITS_EXPOSED|FACE_FEMALE|FEMALE_BREAST_EXPOSED
838fa373ab1c686f3ea624587cd1b465.jpg,female_soft,FACE_FEMALE|FEMALE_BREAST_COVERED
83ed7984eb730a64b0d76374720f0461.jpg,none,BELLY_EXPOSED
83f232fe1db78ea7b3c2613555ec20d1.jpg,female_soft,FACE_FEMALE|FEMALE_BREAST_COVERED
83fe4dcbc27e497c06544b086d0b9d5e.jpg,none,BUTTOCKS_EXPOSED
842608a4b627979c4404858fac61647d.jpg,female_soft,BELLY_EXPOSED|FACE_FEMALE|FEMALE_BREAST_COVERED|FEMALE_GENITALIA_COVERED
843993f6732740685d60ae3b0f038f9b.jpg,none,BUTTOCKS_COVERED|FEET_COVERED
844179c7b347a5929ce81d2f3b5ab440.jpg,female_soft,ARMPITS_EXPOSED|BELLY_EXPOSED|FACE_FEMALE|FEMALE_BREAST_COVERED|FEMALE_GENITALIA_COVERED
8448a965971d33a914b023adb108d279.jpg,none,
8497dca8ba638799e0d3807745b9fb40.jpg,none,BUTTOCKS_EXPOSED|FEET_EXPOSED
8497e99f91ae624be95f0acbbfbbef3e.jpg,none,
84a2d264120699522866224f094fe76e.jpg,female_soft,ARMPITS_EXPOSED|FACE_FEMALE|FEMALE_BREAST_COVERED
84b4edb890db2c1915322ce11aed5a94.jpg,female,ARMPITS_EXPOSED|BELLY_COVERED|FACE_FEMALE|FEMALE_BREAST_EXPOSED
84c61bf436a8f4c8f76566db6ccffe73.jpg,female_soft,FACE_FEMALE|FEMALE_BREAST_COVERED
84d5894699d7257e25b82c5a6e6a9f68.jpg,female,BELLY_EXPOSED|FACE_FEMALE|FEMALE_BREAST_COVERED|FEMALE_BREAST_EXPOSED|FEMALE_GENITALIA_COVERED
84e370692f1174825058ac8f0d7ca670.jpg,female_soft,BELLY_EXPOSED|BUTTOCKS_EXPOSED|FACE_FEMALE|FEMALE_BREAST_COVERED
84e3e724d9423b2ae341030dd5f54a25.jpg,none,BELLY_EXPOSED|FEMALE_GENITALIA_COVERED
851ebf5a10f1359580a5db6b62a69912.jpg,female_soft,FACE_FEMALE|FEMALE_BREAST_COVERED
851f3b6c4bc8d09c1d0998e26b3f6fb1.jpg,none,
852cc1c9f0584c0f9eab374e0daf5fa0.jpg,female,ARMPITS_EXPOSED|FEET_COVERED|FEET_EXPOSED|FEMALE_BREAST_EXPOSED
852d1ec5c0fa80312e6604d933e15d81.jpg,none,BUTTOCKS_COVERED
8547e91a9bd39edd7ecaa2732750bb3b.jpg,female_soft,ARMPITS_EXPOSED|BELLY_EXPOSED|FACE_FEMALE|FEMALE_BREAST_COVERED|FEMALE_GENITALIA_COVERED
854bdf2487ae0f6a9653d85664f8c896.jpg,none,BUTTOCKS_EXPOSED
8572b7406e5a981ca150a279d2dfb27c.jpg,female,BELLY_EXPOSED|FEMALE_BREAST_COVERED|FEMALE_BREAST_EXPOSED
857a50a837cd541d4376f4a669ac2085.jpg,female_soft,FACE_FEMALE
85a8f93ec6ecef19af5f1e92c6eeb698.png,female_soft,FACE_FEMALE
85cf6b7d0f6743de4f81db8a371155b3.jpg,female,BELLY_EXPOSED|FACE_FEMALE|FEMALE_BREAST_EXPOSED|FEMALE_GENITALIA_COVERED
85da96cdc7ac70906c26e8bd067ca4ac.jpg,female_soft,FACE_FEMALE|FEMALE_BREAST_COVERED
8608afc50c2a98a3cede63959e1aa328.jpg,none,BUTTOCKS_COVERED|BUTTOCKS_EXPOSED
86321166c6e52f4c88eabf46955d0fa0.jpg,none,
86c730adb436935aee3f5d723bc0419e.jpg,female,FEMALE_BREAST_COVERED|FEMALE_BREAST_EXPOSED
86f897de9d2e361db988f0b75acf470a.jpg,female,ARMPITS_EXPOSED|FEMALE_BREAST_COVERED|FEMALE_BREAST_EXPOSED
8713c04c581716c77ecc005e7074c9ca.jpg,none,BELLY_EXPOSED
871e2ef6d606abbb4d673994acbd4839.jpg,female_soft,FACE_FEMALE|FEMALE_BREAST_COVERED
878d3c11a777dbc76c955af74cfebe76.jpg,female_soft,FACE_FEMALE|FEET_COVERED|FEET_EXPOSED|FEMALE_GENITALIA_COVERED
87dd93f4172478989e01fc6e674afc42.jpg,none,
87efedc1f77be9300aaa391ec15f62b1.jpg,male_soft,ARMPITS_EXPOSED|FACE_MALE|MALE_BREAST_EXPOSED
87fe36b456fe497472b558bcb31421eb.jpg,female_soft,FACE_FEMALE
880fb5ba1bf78d9a254c4c5ec6e3369f.jpg,none,
88244f101d3803e1dc310d06aa84c8ce.jpg,none,BELLY_EXPOSED|FEMALE_BREAST_COVERED
883f03f043e4794bd3425f53dd1d67fe.jpg,female_soft,ARMPITS_EXPOSED|FACE_FEMALE|FEET_EXPOSED
88af9205622c92f0f0e68024af97fad0.jpg,none,
88c0b9350abe3da7c99e2cbd76cf721d.jpg,female_soft,ARMPITS_EXPOSED|BELLY_EXPOSED|FACE_FEMALE|FEMALE_BREAST_COVERED|FEMALE_GENITALIA_COVERED
88ea4d8e92f89ec3d0ac5bca40909380.jpg,none,ARMPITS_EXPOSED|BELLY_EXPOSED|FEMALE_BREAST_COVERED
88faca48bf62729895526e8ed69be877.jpg,female_soft,ARMPITS_EXPOSED|FACE_FEMALE|FEMALE_BREAST_COVERED
8913cd0192569191127cafe85536b3a6.jpg,female_soft,ARMPITS_EXPOSED|FACE_FEMALE|FEMALE_BREAST_COVERED
8962f4a0594afed59977c6e440391650.jpg,female_soft,BELLY_EXPOSED|FACE_FEMALE|FEMALE_BREAST_COVERED
896ccaa0e26a6787bfeba5a5d7e95cda.jpg,none,BELLY_EXPOSED|FEET_COVERED|FEMALE_BREAST_COVERED|FEMALE_GENITALIA_COVERED
897bcc64dc666be1eb7849f2b2e99e01.jpg,female_soft,FACE_FEMALE
898bfe8eec11de901b3d472ddd3f8349.jpg,female_soft,ARMPITS_EXPOSED|BELLY_EXPOSED|FACE_FEMALE|FEMALE_BREAST_COVERED
898df7a1598c24e0ff0807f016a8eaf2.jpg,none,FEET_COVERED
899cebcab9084c49a093f2f95de4ce5a.jpg,female,BELLY_EXPOSED|FACE_FEMALE|FEMALE_BREAST_EXPOSED
89bcf88a3381454f14c18c509b71e971.jpg,female,BUTTOCKS_COVERED|FEMALE_BREAST_EXPOSED
89cdea46c09d656661ebf4f37ef6e9cb.jpg,none,BELLY_EXPOSED|FEMALE_GENITALIA_COVERED
89d1626a4d14a2aa2d013f1b224cf04d.jpg,female_soft,BELLY_COVERED|FACE_FEMALE|FEMALE_BREAST_COVERED
89eb044f87fc2a839e1c4f97c487ce13.jpg,none,BELLY_EXPOSED|FEMALE_BREAST_COVERED
8a426143b4deca93228f3850766d6f2f.jpg,female_soft,ARMPITS_EXPOSED|FACE_FEMALE|FEMALE_BREAST_COVERED
8a428cef78579d64e7822bc0f0b3e02f.jpg,none,BUTTOCKS_EXPOSED
8a437055e4eb9c373bd292d34aebe376.jpg,female_soft,BUTTOCKS_EXPOSED|FACE_FEMALE|FEMALE_BREAST_COVERED
8a59587a02d5a3bc11ca96f62a5dbbb3.jpg,none,FEMALE_BREAST_COVERED|FEMALE_GENITALIA_COVERED
8a5a4a1587198a53ed70b41f1b6a922a.jpg,female,BELLY_EXPOSED|FACE_FEMALE|FEMALE_BREAST_EXPOSED
8a6655a8aedc1bab4b0719533ddba62f.jpg,none,FEET_COVERED
8a988f19040ff5e96f0194f2efb5f3f9.jpg,none,
8aa4f417368a281ca72abce9418e6e6f.jpg,none,FEET_EXPOSED
8ab01cb01238f6dade2c9cffcf11fa2c.jpg,none,
8ac4b4da0c62ba9727d4dbe881291836.jpg,female,FACE_FEMALE|FEMALE_BREAST_COVERED|FEMALE_GENITALIA_EXPOSED
8ac4eb1088868bd31549eea116ccd968.jpg,none,BELLY_COVERED|FEMALE_BREAST_COVERED
8aca9896eb9586a06ca8a289d1c9c31c.jpg,female_soft,ARMPITS_EXPOSED|BELLY_COVERED|FACE_FEMALE|FEET_COVERED|FEMALE_BREAST_COVERED
8b3866f2d263c1ed95e5f78fd89ed655.jpg,female_soft,FACE_FEMALE|FEMALE_BREAST_COVERED
8b47beee658fc906643379e8c67b4d9f.jpg,none,FEMALE_BREAST_COVERED
8b9e3126f369f08d656092cafb29e2e3.jpg,female,FACE_FEMALE|FEMALE_BREAST_EXPOSED
8baa4ea37bde25803a3dc6e2ada4de42.jpg,female_soft,ARMPITS_EXPOSED|BELLY_EXPOSED|FACE_FEMALE|FEMALE_BREAST_COVERED
8be0fe88dedd7fcd23f8982215229dd0.jpg,female_soft,BELLY_EXPOSED|FACE_FEMALE|FEMALE_BREAST_COVERED
8be104dc23dbf66df96295ebba9ee081.jpg,none,FEMALE_BREAST_COVERED
8c18b18dee3a9a3c243b50295553ce8d.jpg,none,BUTTOCKS_COVERED|BUTTOCKS_EXPOSED
8c3cbcec489b0c1f0cb6b86fff47e9d2.jpg,none,
8c4cca30bdb14c1effb3326090bc59ef.jpg,none,
8c5623c85b42c09be317c25473a910fe.jpg,female_soft,FACE_FEMALE|FEMALE_BREAST_COVERED
8c5fe65107fe3f8dd712833be6ad4301.jpg,female_soft,BELLY_EXPOSED|FACE_FEMALE|FEMALE_BREAST_COVERED|FEMALE_GENITALIA_COVERED
8c7bffd897b0a968a9e99e1db7188edf.jpg,male,FACE_FEMALE|MALE_GENITALIA_EXPOSED
8cad127c70f23cda498589d5d3eaacd1.jpg,female,ARMPITS_EXPOSED|FACE_FEMALE|FEMALE_BREAST_EXPOSED
8d071840f91fa1287a00eadb646a57d3.jpg,none,
8d5223bbf0509bf75870afd2acc57ae3.jpg,female_soft,ARMPITS_EXPOSED|FACE_FEMALE|FEMALE_BREAST_COVERED
8d5dbb08b77c598b21a307f46acd80bb.jpg,none,
8d5e9f0cf7a733b12dae074130fb9450.jpg,female_soft,ARMPITS_EXPOSED|FACE_FEMALE
8d9b79190db670ca342540ee0fe2d85c.jpg,none,ARMPITS_EXPOSED|FEMALE_BREAST_COVERED
8dab824ee727d1076df5d61ffa7cf466.jpg,none,
8ddb2578b13a88d7e7c513a3e07d9239.jpg,none,
8ddbf80d3a7e2ce9c904d24dd993a64c.jpg,female_soft,FACE_FEMALE
8de10410d8a84eec5f430b291ce03517.jpg,female_soft,FACE_FEMALE|FEMALE_BREAST_COVERED
8dfa05c3ddf161358d6bcf3aeb2b73ef.jpg,female,ARMPITS_EXPOSED|FACE_FEMALE|FEMALE_BREAST_EXPOSED
8e1e748fb06f17176e580813a17b3842.jpg,none,FEET_COVERED
8e279dceda3e36b4bc8de1c15f97cf06.jpg,female_soft,BELLY_EXPOSED|FACE_FEMALE|FEMALE_BREAST_COVERED
8e2d23f3fd7563c673f751f635634d2f.jpg,none,
8e3e283953f05e8db5c265e2937c557e.jpg,female_soft,FACE_FEMALE
8e4c3abf832507116b779aab39c25cc8.jpg,none,
8e4ebbb5e66738ba0a2035e88eb8286b.jpg,both_soft,ARMPITS_EXPOSED|BELLY_EXPOSED|FACE_FEMALE|FACE_MALE|FEMALE_GENITALIA_COVERED|MALE_BREAST_EXPOSED
8ee73715e9752015b6e5b80a2864616e.jpg,female_soft,ARMPITS_EXPOSED|BELLY_COVERED|FACE_FEMALE|FEMALE_BREAST_COVERED
8ef29c687c6d0aff522648d1a08a2ebb.jpg,female,BELLY_EXPOSED|FEMALE_BREAST_COVERED|FEMALE_BREAST_EXPOSED|FEMALE_GENITALIA_COVERED
8f07654b66a48bed5aa42aad20b2ba82.jpg,none,
8f28a949c553767dfd084f9f1132f1af.jpg,female_soft,FACE_FEMALE|FEET_EXPOSED
8f63eb63c5e470c41d731212266a55f5.jpg,female_soft,BELLY_EXPOSED|FACE_FEMALE|FEMALE_BREAST_COVERED|FEMALE_GENITALIA_COVERED
8fa05aa33af518eb69fcf49cdef4e3bd.jpg,none,FEET_COVERED
8fa11afb0212940e9ed4b1ea8dacd9ab.jpg,female,BELLY_EXPOSED|FACE_FEMALE|FEMALE_BREAST_EXPOSED
8fa3e689ee5a1c1348b9a88b70559d56.jpg,none,ARMPITS_EXPOSED|BUTTOCKS_EXPOSED
8fc91d1de7c6e297ae36ee3c6055fbda.jpg,none,BELLY_COVERED|FEET_EXPOSED
8fcfdc2f1ab1840e2873e3231f2d0ddf.jpg,female_soft,FACE_FEMALE|FEMALE_BREAST_COVERED
8fd1fe38581e8726181a21ca1ef38a70.jpg,female,ARMPITS_EXPOSED|BELLY_EXPOSED|FACE_FEMALE|FEMALE_BREAST_EXPOSED
8ffd09eb6bd40acb9cbfdb137903c0ae.jpg,none,
8ffd5eabea21c384293270306b8b84a4.jpg,female_soft,BELLY_EXPOSED|FACE_FEMALE|FEMALE_BREAST_COVERED
902401b5d39870b2f4280a0b3d2a3c51.jpg,none,BUTTOCKS_EXPOSED
907551fd79bb95d9fb0094009108f967.jpg,female_soft,FACE_FEMALE
90ac96d8db11a697198d94d42fa7a76d.jpg,female_soft,FACE_FEMALE|FEMALE_BREAST_COVERED
90b3a8fb099e065eafcb484941a177f9.jpg,none,BELLY_EXPOSED|FEMALE_BREAST_COVERED
90d3f69b7b8ebf1594d12fbbc49c445f.jpg,female_soft,FACE_FEMALE|FEMALE_BREAST_COVERED
90fffafb25b508cf25d1e158b168edbc.jpg,female_soft,FACE_FEMALE
910ce3e4a6b15c62745d0056cf9c7493.jpg,female_soft,ARMPITS_EXPOSED|BELLY_EXPOSED|FACE_FEMALE|FEMALE_BREAST_COVERED|FEMALE_GENITALIA_COVERED
911c8e57641e3a78dc772e034090f6b3.jpg,female_soft,BELLY_EXPOSED|BUTTOCKS_COVERED|FACE_FEMALE|FEMALE_BREAST_COVERED|FEMALE_GENITALIA_COVERED
91449041a5b678959be489f55d88e874.jpg,female_soft,BELLY_EXPOSED|FACE_FEMALE|FEET_COVERED|FEMALE_BREAST_COVERED|FEMALE_GENITALIA_COVERED
915abd8f0606f82841931bcf901bf291.jpg,female_soft,FACE_FEMALE|FEMALE_BREAST_COVERED
9160a53a6d1e19662903b8892060a7fb.jpg,female_soft,ARMPITS_EXPOSED|BUTTOCKS_COVERED|FACE_FEMALE
9171482c65afdf6f753c9b41ecb2c931.jpg,none,
91742f6ed04b358b8ff6fea60e7d500e.jpg,female_soft,ARMPITS_EXPOSED|BELLY_EXPOSED|FACE_FEMALE|FEMALE_BREAST_COVERED|FEMALE_GENITALIA_COVERED
9183dc11991c3feb98bc8b9375e2f0f7.jpg,female_soft,BELLY_EXPOSED|FACE_FEMALE|FEET_COVERED|FEMALE_BREAST_COVERED
9197a971e4da3714aafeffccb2f97b85.jpg,female_soft,ARMPITS_EXPOSED|BELLY_EXPOSED|FACE_FEMALE|FEET_EXPOSED|FEMALE_BREAST_COVERED|FEMALE_GENITALIA_COVERED
91b6b03015816dd978db0496818bf8b0.jpg,female,BUTTOCKS_EXPOSED|FEMALE_BREAST_EXPOSED
91ce2bfa34383d557f68ef7d7bff1197.jpg,female_soft,ARMPITS_EXPOSED|BELLY_EXPOSED|FACE_FEMALE|FEMALE_BREAST_COVERED
91d231a1779be8a8f2c7c3886d964019.jpg,female_soft,ARMPITS_EXPOSED|BELLY_EXPOSED|FACE_FEMALE|FEMALE_BREAST_COVERED|FEMALE_GENITALIA_COVERED
91fad929a60ee8c45433bea9ee4b4b55.jpg,female_soft,FACE_FEMALE|FEET_COVERED|FEMALE_BREAST_COVERED
91fb4f21545502ec04f28961f57f05f7.jpg,female_soft,BELLY_COVERED|FACE_FEMALE|FEET_COVERED|FEET_EXPOSED|FEMALE_BREAST_COVERED
91fde8d5e66b34bc18bf179dfb375b3d.jpg,female_soft,FACE_FEMALE
920319b5015ee384ec07cd0d1ef1a620.jpg,female_soft,ARMPITS_EXPOSED|BELLY_EXPOSED|FACE_FEMALE|FEMALE_BREAST_COVERED|FEMALE_GENITALIA_COVERED
924a421158183b85a851b1abc311daa0.jpg,none,
924b5ba71f013bef92cee8f88048a4af.jpg,female_soft,FACE_FEMALE
925af02a72c4287e118a638606800f5e.jpg,female_soft,FACE_FEMALE
927589b716df1513f145f784bb047427.jpg,female_soft,BELLY_COVERED|FACE_FEMALE|FEMALE_BREAST_COVERED
92b9506d3fb76f5ce019660c33cb1a89.jpg,female_soft,FACE_FEMALE
92c9e4075897256529cd5c408db62f46.jpg,female_soft,BELLY_EXPOSED|FACE_FEMALE|FEMALE_BREAST_COVERED|FEMALE_GENITALIA_COVERED
92ee44d0932daab436eaffbee54b3960.jpg,none,ARMPITS_EXPOSED|FEMALE_BREAST_COVERED
92fc1f3277e99817f00a673758647708.jpg,none,BELLY_EXPOSED|BUTTOCKS_EXPOSED|FEET_EXPOSED|FEMALE_BREAST_COVERED|FEMALE_GENITALIA_COVERED
93402b26b195f53c047698005206924f.jpg,none,BELLY_EXPOSED|FEMALE_BREAST_COVERED|FEMALE_GENITALIA_COVERED
935de6ce17364940d7478998357ff98c.jpg,none,BUTTOCKS_COVERED|FEET_COVERED
93625e708f4d9529adc2377508913fa7.jpg,none,
937792c148fa48395d0da51eae94ece3.jpg,none,BUTTOCKS_EXPOSED
93da2b2fa04118620436a405d197d67d.jpg,none,BUTTOCKS_EXPOSED
93e7f8c2c177ae4c4edb47f52c270205.jpg,none,
940dced4428ddfd4ff1e075c06c3bf41.jpg,female_soft,ARMPITS_EXPOSED|BELLY_EXPOSED|BUTTOCKS_COVERED|FACE_FEMALE|FEMALE_BREAST_COVERED
943bf484528d0021dca1c1e074862fa5.jpg,none,ARMPITS_EXPOSED|BUTTOCKS_COVERED|BUTTOCKS_EXPOSED|FEET_COVERED
9452c18d5b98400b04d6bf010a375346.jpg,none,
94690fd557f7edd6b89d2e1b6e06b96b.jpg,female,ARMPITS_EXPOSED|BELLY_EXPOSED|FEMALE_BREAST_COVERED|FEMALE_BREAST_EXPOSED|FEMALE_GENITALIA_COVERED
9473ada9768520c6e87b77a29f436c83.jpg,none,BELLY_EXPOSED
947a0b2952ea7945d0af09cf27540040.jpg,female_soft,ARMPITS_EXPOSED|BELLY_COVERED|FACE_FEMALE
94996854a872c9c3ce48ef59675d7290.jpg,none,BUTTOCKS_EXPOSED
94ae8c0e8acbae63f740f7a8173e670b.jpg,female,ARMPITS_EXPOSED|FACE_FEMALE|FEMALE_BREAST_COVERED|FEMALE_BREAST_EXPOSED
94bda86d7442b237a7157c744d834e43.jpg,female_soft,FACE_FEMALE
94cf7d49544627d6cfbdaa374b30764e.jpg,female_soft,ARMPITS_EXPOSED|FACE_FEMALE|FEET_COVERED|FEMALE_BREAST_COVERED
94ff301c50551ea2b2926dbff92d2423.jpg,female,ARMPITS_EXPOSED|FEMALE_BREAST_EXPOSED
9506ececa7801d3f70a0c6992dd6763f.jpg,female_soft,BUTTOCKS_EXPOSED|FACE_FEMALE
95399e06dac8e1706edbf4f6aa264264.jpg,none,
954720b9e4fea2c10777b117d63f07d4.jpg,female_soft,ARMPITS_EXPOSED|BELLY_EXPOSED|FACE_FEMALE|FEMALE_BREAST_COVERED|FEMALE_GENITALIA_COVERED
954987490dfaca70d9c6ad67c3345c1e.jpg,none,ARMPITS_EXPOSED|BELLY_EXPOSED
954a6d3f7687d9c46116fbf224a89b7f.jpg,none,BELLY_EXPOSED
954ca23d1f6b169019cd613d116f0f3d.jpg,female_soft,FACE_FEMALE
95c07718a06984b78dd8aef1c328c6d6.jpg,female_soft,FACE_FEMALE|FEMALE_BREAST_COVERED
95e74d3dbd06df53e9510357baf5dac1.jpg,female_soft,FACE_FEMALE|FEMALE_BREAST_COVERED
95faae8cfd6cabdf2135733a206b7350.jpg,female_soft,ARMPITS_EXPOSED|FACE_FEMALE|FEMALE_BREAST_COVERED
9609206461756d9e2d6169c90c76ba3e.jpg,female,ARMPITS_EXPOSED|BELLY_EXPOSED|FACE_FEMALE|FEET_COVERED|FEMALE_BREAST_EXPOSED|MALE_BREAST_EXPOSED
961cb9be6de3f01d6c5ddbec47e1fe67.jpg,female_soft,FACE_FEMALE|FEMALE_BREAST_COVERED
96566a9827db41e2cd491d8ec718851f.jpg,female_soft,FACE_FEMALE|FEET_COVERED|FEMALE_BREAST_COVERED
965ddcf1b2c2cf1a65eae27b879e8991.jpg,none,
96895cc427ba42cb144181785c2037a1.jpg,none,FEET_EXPOSED|FEMALE_BREAST_COVERED
96b1bbba3bac263ba5aa8f10d5878fa0.jpg,none,BUTTOCKS_EXPOSED
96eb884de3dafa88286a9311f27a5f19.jpg,female_soft,FACE_FEMALE
96f84dd1cc8a1458a2c84eee439c00b7.jpg,none,
9716fd6e2f7cd1237435007828356544.jpg,female,FEMALE_BREAST_EXPOSED
9732e8b22c1b6cdd279ecd5b45dff428.jpg,female_soft,FACE_FEMALE|FEMALE_BREAST_COVERED
974079416088e32ad60be4bf38ead101.jpg,none,
974a8c240f5ac254105905ddad3c3ac2.jpg,female_soft,FACE_FEMALE
975dbfc0b9752b8dd8eadcf41e77c28a.jpg,female,BELLY_EXPOSED|FACE_FEMALE|FEMALE_BREAST_EXPOSED|FEMALE_GENITALIA_COVERED
9766329b24b46959622d421e95535a36.jpg,none,BUTTOCKS_EXPOSED
9769a935c2c85f96319a89c065ad8a0e.jpg,none,ARMPITS_EXPOSED|BUTTOCKS_EXPOSED
97977fdd78ebb95db3c4a50ee7394c84.jpg,female_soft,BELLY_EXPOSED|FACE_FEMALE|FEMALE_BREAST_COVERED
979f9a03932b796af8cadc0c3fc714d9.jpg,female_soft,ARMPITS_EXPOSED|BELLY_EXPOSED|FACE_FEMALE|FEMALE_BREAST_COVERED|FEMALE_GENITALIA_COVERED
97a606befe50613bd1e5b9c4acd2bea6.jpg,female_soft,BELLY_EXPOSED|FACE_FEMALE|FEMALE_BREAST_COVERED
97affe202bba7107f0f94e8fc5d1ee39.jpg,both,BELLY_EXPOSED|FEMALE_BREAST_EXPOSED|MALE_GENITALIA_EXPOSED
97b7292324bc43ff369ddb1bdec2bdab.jpg,female_soft,BELLY_EXPOSED|FACE_FEMALE|FEMALE_BREAST_COVERED|FEMALE_GENITALIA_COVERED
97cd4a01ef53177c8f1d801376320b85.jpg,none,
981a3b38c32b87cecd714de303a24045.jpg,female_soft,ARMPITS_EXPOSED|FACE_FEMALE|FEMALE_BREAST_COVERED
98529f1c0319db48da3469b7f5dc0e92.jpg,female,ARMPITS_EXPOSED|BELLY_EXPOSED|FACE_FEMALE|FACE_MALE|FEMALE_BREAST_COVERED|FEMALE_BREAST_EXPOSED|FEMALE_GENITALIA_COVERED
98685683240bc5383306c1944afde8e4.jpg,female_soft,FACE_FEMALE
9869aaf00cc89ab98be52b2a6be75adf.jpg,female_soft,BELLY_COVERED|FACE_FEMALE|FEMALE_BREAST_COVERED|FEMALE_GENITALIA_COVERED
9896c8287c4f20a520a37026337b9a33.jpg,none,
98f9b7333c25253a44b852ded418a45a.jpg,none,BUTTOCKS_EXPOSED
991bb77acee8ef7e72f0a9eb437fa46d.jpg,none,BELLY_EXPOSED|FEMALE_BREAST_COVERED|FEMALE_GENITALIA_COVERED
9922bc4ce2bf4cd97361c27a17707a53.jpg,female_soft,ARMPITS_EXPOSED|BELLY_EXPOSED|FACE_FEMALE|FEMALE_BREAST_COVERED|FEMALE_GENITALIA_COVERED
992df026be68dd46c0963f0c08d091d0.jpg,none,ARMPITS_EXPOSED|FEMALE_BREAST_COVERED
993fe7ac2593e26eee6e754d15fab728.jpg,none,FEMALE_GENITALIA_COVERED
9940590c070592520a3a97aca04a7a64.jpg,none,BELLY_EXPOSED
9966356f9095286c5eb29f373a5b8034.jpg,none,ARMPITS_EXPOSED|FEMALE_BREAST_COVERED
996e485d4b2667514c66488b2bf630b1.png,none,
9980d8edd06831a0f2d81b843c450ad6.jpg,female_soft,FACE_FEMALE|FEMALE_BREAST_COVERED
9991b23894075a42984e834e3df79a9c.jpg,none,
99934b8eade729daa5eb03bddb735ecd.jpg,female_soft,ARMPITS_EXPOSED|BELLY_EXPOSED|FACE_FEMALE|FEET_EXPOSED|FEMALE_BREAST_COVERED
99b6055dedab456d7377cb59826feec6.jpg,female_soft,ARMPITS_EXPOSED|FACE_FEMALE|FEMALE_BREAST_COVERED
99d560b7b4cb206ed9d307e95c344691.jpg,none,
99ff68e33ee53430abe45e80a73a1314.jpg,female_soft,FACE_FEMALE
9a014879def4f24c66c44289402e6bd2.jpg,female_soft,ARMPITS_EXPOSED|FACE_FEMALE|FEMALE_BREAST_COVERED
9a396334ebbfc1bb40429b18b24a5aaf.jpg,female,FEET_COVERED|FEMALE_BREAST_EXPOSED
9a68aae49964666d3f09783db06a82d7.jpg,female,BELLY_EXPOSED|FACE_FEMALE|FEMALE_BREAST_COVERED|FEMALE_BREAST_EXPOSED|FEMALE_GENITALIA_COVERED
9a7d4c6a2498d737e4edb2dea473702d.jpg,female_soft,FACE_FEMALE|FEET_COVERED|FEMALE_BREAST_COVERED
9a8a0b2bf1444535ed505d09696d086f.jpg,none,BUTTOCKS_EXPOSED
9abbc8e43908bbd88ea6b07cac9e3b31.jpg,female_soft,BELLY_EXPOSED|FACE_FEMALE|FEMALE_BREAST_COVERED|FEMALE_GENITALIA_COVERED
9aea713b2fb177c6381cbf87a4497ffb.jpg,female_soft,FACE_FEMALE|FEMALE_BREAST_COVERED
9afb2adc62d77a7c93e57c23a389bca2.jpg,none,
9afe4c6250c47d9e36234e3da002dba2.jpg,none,BUTTOCKS_EXPOSED
9b27e4d990625ee8bd06062d176b2d37.jpg,female_soft,FACE_FEMALE
9b4aea52ea734e8730a265c9a627f795.jpg,none,
9b8ae40eed59690ac724b25110efe6a6.jpg,none,BUTTOCKS_EXPOSED
9ba15258da5d18f5cb55dde59ab766c1.jpg,female_soft,BUTTOCKS_COVERED|FACE_FEMALE|FEMALE_BREAST_COVERED
9bb8ee1bea4a963f964d6e33feef5d08.jpg,none,
9bbefad0966cd9d59db1957b2f324c79.jpg,none,BUTTOCKS_EXPOSED
9bded09994aee6f8160e25cd3d4543fd.jpg,none,
9c00f7e20f97b64fd5a275ff5a7ce01d.jpg,female,ARMPITS_EXPOSED|BELLY_EXPOSED|FACE_FEMALE|FEMALE_BREAST_EXPOSED
9c017f15d76b6025fb9556fe1390cdf0.jpg,none,
9c3648c6eb8c7d4d54c7d224b65d90a2.jpg,none,BUTTOCKS_EXPOSED
9c55871b4ec9ef60b718755c87a9b1e8.jpg,female_soft,FACE_FEMALE|FEMALE_BREAST_COVERED
9c58a89a1dbc5f42014f52e59023a6e5.jpg,female_soft,ARMPITS_EXPOSED|BELLY_COVERED|FACE_FEMALE|FEMALE_BREAST_COVERED
9c77eaa2ad4e4882a8a1ad12582ced65.jpg,female_soft,BELLY_COVERED|FACE_FEMALE|FEET_COVERED|FEMALE_BREAST_COVERED|FEMALE_GENITALIA_COVERED
9c91dc2d3dfb33ce89281caca2c47b19.jpg,female_soft,BELLY_COVERED|BELLY_EXPOSED|FACE_FEMALE|FEMALE_BREAST_COVERED
9cb114f812e7ad44713b75026f850cae.jpg,none,BUTTOCKS_EXPOSED
9ccb9177ecbf2b85b63ead14ccdb7d7e.jpg,none,
9cf0e09a9d4841d94b754b7c16165837.jpg,none,FEET_COVERED|FEET_EXPOSED
9cf9045c5664a5da2f5d26b66475499d.jpg,female_soft,FACE_FEMALE
9d0286fc0ee8640bea3b6d4629aac90c.jpg,none,BUTTOCKS_COVERED
9d04f43939b3fe11edb12340df963cea.jpg,none,BELLY_EXPOSED|FEET_EXPOSED
9d123b335b2cdc79e2817474d28e6690.jpg,female_soft,ARMPITS_EXPOSED|BELLY_EXPOSED|FACE_FEMALE|FEMALE_BREAST_COVERED|FEMALE_GENITALIA_COVERED
9d1b057f9b6cb7c9a2f37024300ab004.jpg,none,FEMALE_GENITALIA_COVERED
9d459acc94eaa69a1950ff1f00c75b54.jpg,female_soft,BUTTOCKS_EXPOSED|FACE_FEMALE|FEET_EXPOSED
9d4e0d8696c478117e1da67540775c6b.jpg,female_soft,FACE_FEMALE
9d6d4ae12f466c53a25f0b60e6cfb553.jpg,female_soft,FACE_FEMALE
9d8b926950f9f6574236bfe3cf87ec88.jpg,female_soft,FACE_FEMALE|FEMALE_BREAST_COVERED
9d93b905ff40c83bbf8c6ed56b187180.jpg,male_soft,BELLY_EXPOSED|MALE_BREAST_EXPOSED
9dbeaaba60aee5c8605516f8bc257800.jpg,female_soft,BELLY_COVERED|FACE_FEMALE|FEMALE_BREAST_COVERED
9dcead9f3f0e58d818121ed179aceb2f.jpg,female,FACE_FEMALE|FEMALE_BREAST_EXPOSED
9dff740b27d49b7a5fefff858c00cc5c.jpg,female_soft,ARMPITS_EXPOSED|FACE_FEMALE|FEMALE_BREAST_COVERED
9e0610f94a2fad6e480eac8331566b4e.jpg,female_soft,ARMPITS_EXPOSED|BUTTOCKS_EXPOSED|FACE_FEMALE
9e485bda67a61cd3ffc1614b4e3755df.jpg,female_soft,ARMPITS_EXPOSED|FACE_FEMALE|FEMALE_BREAST_COVERED
9e658869806425fec022dadc5c98f6ae.jpg,none,BELLY_EXPOSED|FEMALE_BREAST_COVERED|FEMALE_GENITALIA_COVERED
9e7a9a8f74e274d6dcab53aaa15c36ce.jpg,none,
9eb10b68cfdbda3db29df3156b9e64c3.jpg,female_soft,ARMPITS_EXPOSED|FACE_FEMALE|FEMALE_BREAST_COVERED|FEMALE_GENITALIA_COVERED
9ec21b1a73eb056c79be989290f2ad46.jpg,none,BELLY_COVERED|FEMALE_BREAST_COVERED|FEMALE_GENITALIA_COVERED
9ec258e5c85cd29f9f5bb2494c62f449.jpg,none,FEET_COVERED
9ed95fd6df53f8a173c8bb0ad9718772.jpg,none,BELLY_EXPOSED|FEMALE_GENITALIA_COVERED
9eee5df788e2c775404cb82e2fff1351.jpg,female_soft,ARMPITS_EXPOSED|FACE_FEMALE|FEMALE_BREAST_COVERED
9f2c95b9de47ff7304754a7014210fd8.jpg,none,BELLY_EXPOSED
9f4071b242e3acb4253ff011a563b750.jpg,none,BUTTOCKS_EXPOSED
9f50920de5bfd1c9dcfcb4a6d8e4ebb3.jpg,none,BUTTOCKS_COVERED|BUTTOCKS_EXPOSED
9f515c1f9c674e68914f9002e62e9152.jpg,none,
9f56ba0bfe494a331effd7e18fc6bb7b.jpg,female_soft,FACE_FEMALE|FEMALE_BREAST_COVERED
9f651405f427b8edc8f2d2057492b39d.jpg,none,BELLY_EXPOSED|FEMALE_BREAST_COVERED|FEMALE_GENITALIA_COVERED
9f77a59facdfca3020db3a4a5548a798.jpg,female_soft,ARMPITS_EXPOSED|BELLY_EXPOSED|BUTTOCKS_EXPOSED|FACE_FEMALE|FEMALE_BREAST_COVERED
9f7c65007c73a9e40eba43e454c3d22e.jpg,female_soft,FACE_FEMALE|FEMALE_BREAST_COVERED
9f7d5b37528e05d92d5b66b021d67e21.jpg,female_soft,ARMPITS_EXPOSED|FACE_FEMALE|FEMALE_BREAST_COVERED
9f85d62c00fd90a22be5742069cc4a5a.jpg,female,BUTTOCKS_EXPOSED|FEMALE_GENITALIA_EXPOSED
9f8d3d84692629681e00127a070eab5e.jpg,female,FEMALE_BREAST_EXPOSED
9faf481bd520e2f865711f25967d1458.jpg,female,FACE_FEMALE|FEET_EXPOSED|FEMALE_BREAST_COVERED|FEMALE_BREAST_EXPOSED
9fcb3aa56d62cd0e9ea40ca359494ec0.jpg,female,FEMALE_BREAST_EXPOSED
9fcef0ef449254c584320be5ec6a54ba.png,female,FEMALE_BREAST_COVERED|FEMALE_BREAST_EXPOSED
9fdebda9e2989522eadc17a1a2e943cf.jpg,none,BUTTOCKS_EXPOSED
9fe062469c4932d715a2a6acd476c4de.jpg,female_soft,ARMPITS_EXPOSED|BELLY_EXPOSED|FACE_FEMALE|FEMALE_BREAST_COVERED
9ffd6592e21e8a7db096329800018e55.jpg,none,
9ffd8d8687184de63924cba8744ffecb.jpg,female_soft,ARMPITS_EXPOSED|BELLY_EXPOSED|FACE_FEMALE|FEET_EXPOSED|FEMALE_BREAST_COVERED|FEMALE_GENITALIA_COVERED
a023b4c2f7096a8d34703a0a5a3e8510.jpg,none,BUTTOCKS_EXPOSED
a03b5ddf5a6dc930099a87f0994715d3.jpg,female_soft,ARMPITS_EXPOSED|FACE_FEMALE|FEET_EXPOSED|FEMALE_BREAST_COVERED
a074dcb551efee52cb627530db12df5c.jpg,female_soft,FACE_FEMALE
a0763f3a5fa52cd9a69fefe10070a9f2.jpg,female,FEMALE_BREAST_EXPOSED
a0a397a9fc23c68b7b6d915881f78340.jpg,none,
a1240492a9ab70c8fc88ba7ca4bdf01c.jpg,none,FEMALE_GENITALIA_COVERED
a12b2344a37b114840faf4af1b2965b3.jpg,none,BELLY_EXPOSED|FEET_COVERED|FEMALE_GENITALIA_COVERED
a13471a164a27c605900db7087edcd6b.jpg,female_soft,FACE_FEMALE|FEMALE_BREAST_COVERED
a15bb43cea9f3b7f0f3e393174525250.jpg,female_soft,ARMPITS_EXPOSED|FACE_FEMALE|FEMALE_BREAST_COVERED
a185646abe79714e5d99bf074084eea6.jpg,none,
a19cdc6e7c69df772c624958ddceea53.jpg,female,BELLY_COVERED|FACE_FEMALE|FEMALE_BREAST_EXPOSED
a1a220344b31256068dda969662aba81.jpg,none,ARMPITS_EXPOSED|FEMALE_BREAST_COVERED
a1a2a878d813d68bf36aa9d10d290e71.jpg,none,BELLY_EXPOSED|FEMALE_BREAST_COVERED
a1bd74287382c88bab04d1f8c8030d68.jpg,female_soft,FACE_FEMALE|FEMALE_BREAST_COVERED
a1bff4ac1709214152b8c8409fddf535.jpg,none,BELLY_EXPOSED|FEMALE_BREAST_COVERED
a1df79717c03e571f0c1bcb214df5756.jpg,female_soft,ARMPITS_EXPOSED|BELLY_EXPOSED|FACE_FEMALE|FEMALE_BREAST_COVERED|FEMALE_GENITALIA_COVERED
a1e496dfe9c70b841ee66df845a70001.jpg,none,BELLY_EXPOSED|FEMALE_BREAST_COVERED
a1faa40ffed9aa3d8906be87049bf4ce.jpg,female_soft,FACE_FEMALE
a221ec0bd64327edcba702c1d9a06078.jpg,female_soft,FACE_FEMALE|FEMALE_BREAST_COVERED
a23172c5bd69969eb1ed1fd341fe8655.jpg,female,BUTTOCKS_COVERED|FEET_EXPOSED|FEMALE_BREAST_EXPOSED
a2c81d4d00003effde2bc88d27304dec.jpg,female,ANUS_EXPOSED|BUTTOCKS_EXPOSED|FACE_FEMALE|FEMALE_GENITALIA_EXPOSED
a303e47f1b9d8774b6cc657cf833f357.jpg,none,
a3152c133e89e8707838cd6f5c5e5769.jpg,female_soft,BELLY_COVERED|FACE_FEMALE|FEMALE_BREAST_COVERED
a31a8679404f205904f7d8e57128c6a1.jpg,female,ARMPITS_EXPOSED|BELLY_EXPOSED|FACE_FEMALE|FEMALE_BREAST_EXPOSED
a33e9e4eaabc958d5b13d340d5d30e7b.jpg,none,ARMPITS_EXPOSED|BUTTOCKS_COVERED|FEET_COVERED
a36775ad521c787097f4788a321d4941.jpg,none,FEMALE_BREAST_COVERED
a382dca52ab6976e462c8b7ddb2cf901.jpg,female_soft,ARMPITS_EXPOSED|FACE_FEMALE
a3835fcd10fe583a9e6822b7cbc71f33.jpg,female_soft,BELLY_COVERED|FACE_FEMALE|FEMALE_BREAST_COVERED
a3b4140b4e028415fd551eb3c4220971.jpg,none,
a3b7147122b4a6abbc6fcb818f4e8bf7.jpg,none,
a3cbbb7bf3c9ef1d01cf485d8e4be623.jpg,female_soft,ARMPITS_COVERED|FACE_FEMALE|FEMALE_BREAST_COVERED
a3cc7f775af10310bac279ec1d667b61.jpg,none,
a4067b3cecad087d45d1411658c3438e.jpg,female_soft,ARMPITS_EXPOSED|BELLY_EXPOSED|FACE_FEMALE|FEMALE_BREAST_COVERED
a40fdfd470b2ba247c4dc4b13f892f6d.jpg,none,BUTTOCKS_COVERED|FEET_COVERED
a42750a6994c0d9fa9fac753278a2961.jpg,female_soft,FACE_FEMALE|FEMALE_BREAST_COVERED
a46452840b898395d840626b9679328c.jpg,none,
a4680f69a1ba0a033ca6dbb6a2349842.jpg,none,
a471613fd189ee5ab728cdc29574a4e6.jpg,none,
a4aeb10c700674af398c70b7a5b02213.jpg,female_soft,ARMPITS_EXPOSED|FACE_FEMALE|FEET_EXPOSED|FEMALE_GENITALIA_COVERED
a4c79a06707a2153965b25150ea748c4.jpg,none,ARMPITS_EXPOSED
a5017666a078d6e51a3019fd3fcdd82b.jpg,none,
a56e0b5789d9df8ccab4128d9889c088.jpg,none,
a579bf66b4633da9c25731894a1396a4.jpg,none,
a5e0e3aedcae403b033feebf8d6ee107.jpg,female_soft,BUTTOCKS_EXPOSED|FACE_FEMALE|FEET_COVERED
a5ec06685e7cc9471eb675c45d8a6e7f.jpg,none,
a5eec31084f980a9f6d60f4ac4fe8ae4.jpg,female_soft,BELLY_EXPOSED|FACE_FEMALE|FEMALE_BREAST_COVERED
a619fc3463c0d5e94c09420d85e0f62b.jpg,none,
a64fbfd9ce81341e5be127ed378cb57a.jpg,female,FACE_FEMALE|FEMALE_BREAST_COVERED|FEMALE_BREAST_EXPOSED
a65dd54b43613905682957ae3ef3d783.jpg,none,FEMALE_BREAST_COVERED
a65ee22cfb288c37af2507fa8b8f046e.jpg,none,BELLY_EXPOSED|FEMALE_GENITALIA_COVERED
a67fe8b8399f3b34d83b5a38e1f0257f.jpg,female_soft,ARMPITS_EXPOSED|BELLY_EXPOSED|FACE_FEMALE|FEET_COVERED|FEET_EXPOSED|FEMALE_BREAST_COVERED|FEMALE_GENITALIA_COVERED
a682b85b53bc39958875d94fdff16e41.jpg,female_soft,ARMPITS_EXPOSED|FACE_FEMALE|FEMALE_BREAST_COVERED
a6850589ac9d67ea439205cbd2857b03.jpg,female_soft,BELLY_EXPOSED|FACE_FEMALE|FEET_EXPOSED|FEMALE_GENITALIA_COVERED
a6b197f17f8fa4dbad1758f1368003cc.jpg,female_soft,FACE_FEMALE|FEMALE_BREAST_COVERED
a6b35527f18862fded97fa9407a948d8.jpg,none,FEMALE_BREAST_COVERED
a6d043394a410f0766fd7bd9867a08f3.jpg,none,
a700d475802c0bae949cebdad16b23ae.jpg,female_soft,FACE_FEMALE
a71700dd55c6de51d8f32c5689ed68b2.jpg,female_soft,BELLY_EXPOSED|FACE_FEMALE|FEMALE_BREAST_COVERED
a748a801b78d6be2385d40312b46ad2a.jpg,female,ARMPITS_EXPOSED|BUTTOCKS_EXPOSED|FACE_FEMALE|FEET_EXPOSED|FEMALE_BREAST_EXPOSED
a74db8239cb1082b0ad533c2a42485be.jpg,none,BUTTOCKS_EXPOSED|FEMALE_BREAST_COVERED
a790895f717915d174b77320c6d654bc.jpg,female_soft,FACE_FEMALE|FEMALE_BREAST_COVERED|FEMALE_GENITALIA_COVERED
a7f05e1ce98bd504b976ff86ceea7d42.jpg,female,FACE_FEMALE|FEMALE_BREAST_EXPOSED
a7f77f9150318d7a3c2d54c449d17e3d.jpg,female,ARMPITS_EXPOSED|BELLY_EXPOSED|FACE_FEMALE|FEMALE_BREAST_COVERED|FEMALE_BREAST_EXPOSED
a82598257842fe052e3b067b9208aa61.jpg,none,BELLY_COVERED|FEMALE_BREAST_COVERED|FEMALE_GENITALIA_COVERED
a830d37addf0daad97e4fa8d15f2426e.jpg,none,
a831ab53747214e4effaad9cf450dc72.jpg,none,BUTTOCKS_EXPOSED|FEET_COVERED
a862618b4dd9336ab0418552c69244c2.jpg,male_soft,ARMPITS_EXPOSED|BELLY_EXPOSED|MALE_BREAST_EXPOSED
a8879142fc5c9bdd32c6a9fa88c66a85.jpg,none,BUTTOCKS_COVERED|BUTTOCKS_EXPOSED|FEET_EXPOSED
a8a0d366ae39b73d5ca4829e6234d736.jpg,female_soft,ARMPITS_EXPOSED|FACE_FEMALE|FEMALE_BREAST_COVERED
a8fd04fa948d131cbbad7299057e5271.jpg,female_soft,ARMPITS_EXPOSED|FACE_FEMALE|FEMALE_BREAST_COVERED
a94ae11d16864a3b1570732317885fdb.jpg,none,
a9674a77eaf6ff4211d25fe4db9abb17.jpg,none,BUTTOCKS_EXPOSED
a972ec1f9c911c22226587e8e26c5dfc.jpg,female_soft,ARMPITS_EXPOSED|BUTTOCKS_EXPOSED|FACE_FEMALE
a97662c972a5cfce7f6360c7e2f78b76.jpg,none,BELLY_EXPOSED|FEET_EXPOSED
a97c850f1f51efff0950377a4699612d.jpg,none,FEMALE_BREAST_COVERED
a9b13a31d3a4a0113e7cde39bf1407d8.jpg,female_soft,FACE_FEMALE
a9b3a4ddea1c6ade1b86f06449212338.jpg,female_soft,FACE_FEMALE|FEMALE_BREAST_COVERED
a9e3ee0783b611aabbf0fa79644cbe72.jpg,female_soft,FACE_FEMALE|FEMALE_BREAST_COVERED
aa0714d94e763e51dad7fc642cd62edb.jpg,none,BELLY_EXPOSED|FEMALE_BREAST_COVERED
aa07b33327ec6b8374b1afca237dd80a.jpg,none,
aa188a2087f4f97d0448692f1831b591.jpg,female,FACE_FEMALE|FEMALE_BREAST_COVERED|FEMALE_BREAST_EXPOSED
aa1aa784ee070d5f03e689efdb3375f7.jpg,female_soft,ARMPITS_EXPOSED|FACE_FEMALE|FEMALE_BREAST_COVERED
aa23a17d117527822b1337f9e616d6bc.jpg,none,FEMALE_GENITALIA_COVERED
aa6b9664be5c01959dd11ab2eadc7708.jpg,none,
aa6ca9ac7564ed3939491d5fa4df63cc.jpg,none,BUTTOCKS_EXPOSED|FEMALE_GENITALIA_COVERED
aa8a467e401607632b645c85cfc1649e.jpg,female_soft,BELLY_EXPOSED|FACE_FEMALE|FEMALE_BREAST_COVERED
aa8de98798d42ed0106fd3ac1945d974.jpg,female_soft,ARMPITS_EXPOSED|FACE_FEMALE|FEMALE_BREAST_COVERED
aa98197b1e34882c84bc4c3e5477bb48.jpg,female,ARMPITS_EXPOSED|BELLY_EXPOSED|FACE_MALE|FEMALE_BREAST_EXPOSED|MALE_BREAST_EXPOSED
aaa8dd1b43a2dde4e59d55da715c32c4.jpg,female_soft,FACE_FEMALE|FEMALE_BREAST_COVERED
aad5d85b20b88e8636c973dd412167ec.jpg,none,
aae7eaa91e26b3045a555be044710650.jpg,male_soft,FACE_MALE
ab1cf4fe8b0a2efc524b398d58c29146.jpg,none,
ab2822e6bcfaf959c7d70506cdbf9fd0.jpg,female_soft,FACE_FEMALE|FEMALE_BREAST_COVERED
ab545057e7c5aaf784128b4ffb036227.jpg,female_soft,FACE_FEMALE|FEMALE_BREAST_COVERED
ab82a7aea87a7050466d990d949c454e.jpg,none,BUTTOCKS_EXPOSED|FEET_EXPOSED|FEMALE_GENITALIA_COVERED
ab838498057b82d526b05624aa0a6d04.jpg,none,FEET_COVERED
ab95eec1d438ae90e5e8fba1b1b0f662.jpg,none,BUTTOCKS_EXPOSED
abbf4c38c149b46f1305907110ba8f1a.jpg,female_soft,FACE_FEMALE
abc3462528bd4bb2fb351904e4d4eff7.jpg,female_soft,BUTTOCKS_EXPOSED|FACE_FEMALE
abe314f6c629e999fdac218e7dd9ec8a.jpg,female_soft,ARMPITS_EXPOSED|BELLY_COVERED|FACE_FEMALE|FEMALE_BREAST_COVERED
abeb49fc58093538e1b43ad587ff1bf0.jpg,none,
abee0847b1818b72a55263dc6343218e.jpg,none,
ac1ffacf6e8dcabb9b3ca6d966c693ba.jpg,female_soft,ARMPITS_EXPOSED|FACE_FEMALE|FEMALE_BREAST_COVERED
ac2ab5820bbbac4567310c0a0a3b1878.jpg,female_soft,ARMPITS_EXPOSED|FACE_FEMALE|FEMALE_BREAST_COVERED
ac3842c0d1287ae9bbea72bd629d40f6.jpg,female,ARMPITS_EXPOSED|FEMALE_BREAST_COVERED|FEMALE_BREAST_EXPOSED
ac3a224e8a12b37a228bedb81bfe6583.jpg,none,
ac47c1d7b7b455b5437a99610657a4b6.jpg,none,
ac539168ece63abaa5c1db37fe00dd36.jpg,none,BELLY_EXPOSED|FEMALE_BREAST_COVERED
ac5ccacdded1dce3ed0c06f50f8fe632.jpg,none,BUTTOCKS_COVERED|FEET_COVERED
acbe318c6291aa104d942f85a7c5b075.jpg,female_soft,FACE_FEMALE|FEMALE_BREAST_COVERED
acc0162bb6704edefd5b0d05081cc5a2.jpg,female_soft,ARMPITS_EXPOSED|BUTTOCKS_EXPOSED|FACE_FEMALE|FEET_COVERED
aced583c25be22ce00037ac7f56b2ccf.jpg,female_soft,BUTTOCKS_EXPOSED|FACE_FEMALE
ad198c144ba174f9648791d8ed17e608.jpg,female_soft,BELLY_EXPOSED|FACE_FEMALE|FEMALE_BREAST_COVERED
ad24717985d56727be46ed370d1d1df2.jpg,female_soft,BUTTOCKS_COVERED|FACE_FEMALE
ad3ba251c3d29ef43583bc2a2a234d3b.jpg,female_soft,BELLY_EXPOSED|FACE_FEMALE|FEMALE_GENITALIA_COVERED
ad6ae70af17d4edf290ce352315b5bbe.jpg,female_soft,ARMPITS_EXPOSED|BELLY_EXPOSED|FACE_FEMALE|FEMALE_BREAST_COVERED
ad7fb224b03c900426ebaa65825dfc2e.jpg,none,ARMPITS_EXPOSED
ad8e703c514b7906eb9a38da18f583eb.jpg,none,FEMALE_GENITALIA_COVERED
ad9ff97e60e393372fc8d6662143c20a.jpg,female,BELLY_EXPOSED|FACE_FEMALE|FEMALE_BREAST_COVERED|FEMALE_BREAST_EXPOSED
adb56087a1349dee8c41e8aaf0694d82.jpg,female,ARMPITS_EXPOSED|BELLY_EXPOSED|FACE_FEMALE|FEMALE_BREAST_EXPOSED|FEMALE_GENITALIA_COVERED
adbafa8ef942a01b360c1559d7e01d6c.jpg,female_soft,ARMPITS_EXPOSED|BELLY_EXPOSED|FACE_FEMALE|FEMALE_BREAST_COVERED
addff37928048df4caaed195b2351f6d.jpg,female_soft,BELLY_COVERED|FACE_FEMALE|FEET_COVERED|FEET_EXPOSED|FEMALE_BREAST_COVERED
adfa6283f3783e38bddb73bb38f58d3f.jpg,none,ARMPITS_EXPOSED|BUTTOCKS_COVERED
adfdf7858d8d7db85fc138225138a8d3.jpg,female_soft,FACE_FEMALE|FEMALE_BREAST_COVERED
ae375e0fd82705ad1028726c9582ddaa.jpg,none,
ae381f7e65c2ad774e3d0cb546b6712e.jpg,female_soft,FACE_FEMALE
ae5eef702e14759f73a064862e3fe80b.jpg,female_soft,FACE_FEMALE|FEMALE_BREAST_COVERED
ae60a9fd99518320934b5317f5326986.jpg,female_soft,BUTTOCKS_EXPOSED|FACE_FEMALE|FEMALE_BREAST_COVERED
ae64fecaa90238b2ed2bcfbeeb3052d6.jpg,none,ARMPITS_EXPOSED|FEMALE_BREAST_COVERED
ae653249b5ad9e0043d1ae56b401c50f.jpg,none,FEET_EXPOSED
ae6a06f172f484711cdcc65b90aa968e.jpg,female_soft,FACE_FEMALE|FEMALE_BREAST_COVERED
ae860aaa8cc9e05ee840465e3667a1a2.jpg,none,BELLY_EXPOSED|FEET_EXPOSED
ae9f6f33672685567070623537d44af1.jpg,none,ARMPITS_EXPOSED|BELLY_COVERED|FEMALE_BREAST_COVERED
aea587298032adf540e4dfcf2cfeb438.jpg,female_soft,FACE_FEMALE|FEMALE_BREAST_COVERED
aeac6bc892397234000b7640b07d73d3.jpg,none,
aed0ad301a53157aa0d88089f8ec4f41.jpg,female,FACE_FEMALE|FEMALE_BREAST_EXPOSED
aef89be3be84cf269d130b18ee85210f.jpg,none,ARMPITS_EXPOSED|BUTTOCKS_EXPOSED
af3b7a4eee9d6676ec738c0ec9249165.jpg,none,
af56d11dd508732fcb2889d46b71b710.jpg,none,ARMPITS_EXPOSED|BUTTOCKS_EXPOSED
af64e6c7a67154c3d2731b6731cf9759.jpg,none,BUTTOCKS_EXPOSED|FEET_EXPOSED
af6c7023aec2192a8891c5f835908a75.jpg,none,BELLY_EXPOSED|FEMALE_BREAST_COVERED|FEMALE_GENITALIA_COVERED
af829797ac910251fc52ff9280babf25.jpg,female_soft,BELLY_COVERED|FACE_FEMALE|FEMALE_BREAST_COVERED
afa4fabdebc36e288b89f58060137e68.jpg,female,ARMPITS_EXPOSED|BUTTOCKS_EXPOSED|FACE_FEMALE|FEMALE_BREAST_EXPOSED
afbd86196deba906cc92629cadb44fdb.jpg,none,ARMPITS_EXPOSED
afe96818f461a9e180b154a163a77cb6.jpg,none,BELLY_EXPOSED
b03ee7b3e205445a284398f527acde1c.jpg,male_soft,BELLY_EXPOSED|FACE_MALE|MALE_BREAST_EXPOSED
b046d09d0ecc37b73ab86a5cabd19637.jpg,female_soft,FACE_FEMALE|FEMALE_BREAST_COVERED
b0b15be730ef5860661accaecc78c3f3.jpg,female,ARMPITS_EXPOSED|FACE_FEMALE|FEMALE_BREAST_EXPOSED
b0d37b6f826ed51ee4dcb17d6894c327.jpg,female,BELLY_EXPOSED|FACE_FEMALE|FEMALE_BREAST_EXPOSED
b0d47252a0200e0312ca3d6237035de5.jpg,female_soft,BELLY_EXPOSED|FACE_FEMALE|FEMALE_BREAST_COVERED
b104be61fb59b7cadffb9fe7b0693885.jpg,female_soft,BELLY_EXPOSED|FACE_FEMALE|FEMALE_BREAST_COVERED|FEMALE_GENITALIA_COVERED
b11ded4b202ffa096c0c4f382f867316.jpg,female_soft,BELLY_EXPOSED|FACE_FEMALE|FEET_COVERED|FEMALE_BREAST_COVERED
b134c57951b25abb8d79215082402a12.jpg,none,BUTTOCKS_EXPOSED
b14204aa9f3f79d3e679f5551f86904a.jpg,female_soft,BELLY_COVERED|FACE_FEMALE|FEMALE_BREAST_COVERED|FEMALE_GENITALIA_COVERED
b190a15cc2834f27bfd53fe886e982bc.jpg,female_soft,FACE_FEMALE
b1dd0ded6917adce94e9a6da2b40d878.jpg,female_soft,ARMPITS_EXPOSED|FACE_FEMALE|FEMALE_BREAST_COVERED
b1ec1102b36370e587e129213b04f07c.jpg,female_soft,FACE_FEMALE
b22f5c8866075709cc46500660047055.jpg,female_soft,ARMPITS_EXPOSED|BELLY_EXPOSED|FACE_FEMALE|FEMALE_BREAST_COVERED
b2361e524805af82f66b05daf47376b6.jpg,none,BELLY_EXPOSED|FEMALE_BREAST_COVERED
b25945a26d29b6b5cbdba3e864190131.jpg,female_soft,BELLY_COVERED|FACE_FEMALE|FEET_COVERED|FEMALE_BREAST_COVERED
b2881ed64d701ac676b650d157f09197.jpg,female_soft,ARMPITS_EXPOSED|FACE_FEMALE|FEET_EXPOSED
b29ec3561edd2fe848219bf2f054c9d5.jpg,female_soft,FACE_FEMALE|FEMALE_BREAST_COVERED
b2ae18413094d4ff5eef7e2819dd7477.jpg,female_soft,FACE_FEMALE
b2c7758d8fcdf03b0b9a829536c73c3e.jpg,female_soft,FACE_FEMALE|FEET_COVERED
b2d267d4dc4974d817df969bca3fb618.jpg,none,BUTTOCKS_EXPOSED|FEMALE_GENITALIA_COVERED
b2ff3ff9865741642d34ce8f267abca8.jpg,none,ARMPITS_EXPOSED
b307af56a16915e1930d498181e383ac.jpg,none,FEMALE_BREAST_COVERED
b37f5168e6403492c7b3d1784d8d5fad.jpg,none,
b393a4c59f7a29e38c908d5b8b77102d.jpg,none,
b39e25611488c6d70de3ce6b41e12756.jpg,female,BUTTOCKS_EXPOSED|FACE_FEMALE|FEET_COVERED|FEMALE_BREAST_EXPOSED
b3a5ea7bf591dc7bc7eb837a127cc567.jpg,female,FACE_FEMALE|FEMALE_BREAST_EXPOSED
b3ad285cc56a55d751b4ce8b80a88712.jpg,female_soft,BELLY_COVERED|FACE_FEMALE|FEET_COVERED|FEMALE_BREAST_COVERED
b3b10fdad348f8790d0a6ca3b9f6d242.jpg,female,FACE_FEMALE|FEMALE_BREAST_COVERED|FEMALE_BREAST_EXPOSED
b3e09457c25691f01ec285b657931f4d.jpg,female,FEMALE_GENITALIA_EXPOSED
b429e3166832519b12a001c8c671a778.jpg,none,BELLY_EXPOSED|FEMALE_BREAST_COVERED|FEMALE_GENITALIA_COVERED
b4560d5848b07a719df074bfc93e0a87.jpg,female,BELLY_COVERED|BUTTOCKS_EXPOSED|FEMALE_BREAST_COVERED|FEMALE_BREAST_EXPOSED
b466946f50205b854d7c5b923045f793.jpg,none,BUTTOCKS_COVERED
b46b6cbe7552b3c566932559a80d2f72.jpg,female_soft,BELLY_EXPOSED|FACE_FEMALE|FEMALE_BREAST_COVERED|FEMALE_GENITALIA_COVERED
b4831f24ff63dcbfedcbe2a45c4e1ae1.jpg,female_soft,FACE_FEMALE
b4d0f7d32fb3234730b94a6ee890efb4.jpg,female_soft,ARMPITS_EXPOSED|BELLY_EXPOSED|FACE_FEMALE|FEMALE_BREAST_COVERED|FEMALE_GENITALIA_COVERED
b4f9a953b8ece8dc8796249f7fe720ae.jpg,female_soft,FACE_FEMALE|FEMALE_BREAST_COVERED
b54f6ec4bd042d637e32e2ec09cbe342.jpg,none,BUTTOCKS_EXPOSED
b565c92e1a3592766e21710f7a5e2eed.jpg,female_soft,ARMPITS_EXPOSED|BELLY_EXPOSED|FACE_FEMALE|FEMALE_BREAST_COVERED
b586892059251677a447fecc7b887c51.jpg,female_soft,BELLY_EXPOSED|FACE_FEMALE|FEET_COVERED|FEMALE_BREAST_COVERED
b58ef9ca05af4fd33d721811b707621c.jpg,none,
b5a030d1ad50f06a193ad9358fb88dc0.jpg,female_soft,BELLY_EXPOSED|FACE_FEMALE|FEMALE_BREAST_COVERED|FEMALE_GENITALIA_COVERED
b5bcc8b43a0c5fc346d3a73942e96a73.jpg,none,ARMPITS_EXPOSED
b5c6a08b53b5969d32afa0348e26e0cc.jpg,female,ARMPITS_EXPOSED|BELLY_EXPOSED|FACE_FEMALE|FEMALE_BREAST_EXPOSED
b5d2b739a20a18f14eeb109020e90cae.jpg,both_soft,ARMPITS_EXPOSED|BELLY_EXPOSED|FACE_FEMALE|FACE_MALE|FEMALE_BREAST_COVERED|FEMALE_GENITALIA_COVERED
b5d325f6b5dd340a5e468caf1454f98c.jpg,none,FEMALE_BREAST_COVERED
b5d7177ce053a47d23a40b300980c710.jpg,female,ARMPITS_EXPOSED|BELLY_EXPOSED|FACE_FEMALE|FEMALE_BREAST_EXPOSED|FEMALE_GENITALIA_COVERED
b5f21f8f6b85f49218d61a58368fb4c7.jpg,female_soft,ARMPITS_EXPOSED|FACE_FEMALE|FEMALE_BREAST_COVERED
b617fdc5fce2a3ad75011f0adda6f985.jpg,female,BELLY_EXPOSED|FEMALE_BREAST_EXPOSED|FEMALE_GENITALIA_COVERED
b6363714423806df8ecedde4d0577a23.jpg,none,
b651edb1793960c757a3662c07974883.jpg,none,BELLY_EXPOSED|FEMALE_GENITALIA_COVERED
b6574f4f3313208c55ca7c2586cf6783.jpg,none,BUTTOCKS_EXPOSED
b683e420398267a2d16cd2e3051727dc.jpg,none,BUTTOCKS_EXPOSED
b68fc30da2b996302c6a7cc6b4009e15.jpg,female_soft,ARMPITS_EXPOSED|BELLY_EXPOSED|FACE_FEMALE
b69f0d4c8e2bdaaf95383405c5094c69.jpg,none,BUTTOCKS_EXPOSED
b72c436d398978f08b4b8e5166047d43.jpg,female_soft,ARMPITS_EXPOSED|BUTTOCKS_EXPOSED|FACE_FEMALE|FEMALE_BREAST_COVERED
b759e66978954cec8d121ba621356325.png,none,BUTTOCKS_COVERED
b7788348e349e35534034eb276a1de6d.jpg,none,
b7cacdc16552b54701dc1ef4a7d0f800.jpg,both_soft,ARMPITS_EXPOSED|BELLY_EXPOSED|FACE_FEMALE|FACE_MALE|FEET_EXPOSED|FEMALE_BREAST_COVERED|FEMALE_GENITALIA_COVERED
b8170324a8c9b9cb760dfc1451981277.jpg,female,ARMPITS_EXPOSED|FACE_FEMALE|FEMALE_BREAST_COVERED|FEMALE_BREAST_EXPOSED
b81d32bbe8552970ab3febc3c95b617e.jpg,female,BUTTOCKS_EXPOSED|FEMALE_BREAST_EXPOSED
b820309194314ed443c9f76505a9113b.jpg,none,ARMPITS_EXPOSED|BUTTOCKS_EXPOSED
b836e7f155aeb5ec11ae30f11cd6ded9.jpg,female_soft,BELLY_EXPOSED|FACE_FEMALE|FEMALE_BREAST_COVERED|FEMALE_GENITALIA_COVERED
b8644adc2f8f5253a335a20f451e6b01.jpg,female_soft,FACE_FEMALE
b8828fc3c054b1cb27ef2bac06f251c6.jpg,female_soft,BELLY_EXPOSED|FACE_FEMALE|FEMALE_BREAST_COVERED
b88a50f68bfe007bbfb91ac27ca3e75d.jpg,none,BUTTOCKS_EXPOSED|FEMALE_GENITALIA_COVERED
b890ead34ef7f18e81800cb97d9aea77.jpg,female_soft,BUTTOCKS_COVERED|BUTTOCKS_EXPOSED|FACE_FEMALE|FEMALE_BREAST_COVERED
b8ac0992c9857810a4df9df827646c89.jpg,none,BUTTOCKS_EXPOSED
b8c29dfdc3bf57ae570b857b9a9b832b.jpg,female_soft,ARMPITS_EXPOSED|FACE_FEMALE|FEMALE_BREAST_COVERED
b8c38843db0fb81a7e5983db12a7d195.jpg,female,FACE_FEMALE|FEMALE_BREAST_COVERED|FEMALE_BREAST_EXPOSED
b8ee0bb6eaad4883b8e5b89f9a916d26.jpg,female_soft,ARMPITS_EXPOSED|FACE_FEMALE|FEMALE_BREAST_COVERED
b91f0c2725b06794f9fbc9486fbe9790.jpg,male,FACE_FEMALE|MALE_GENITALIA_EXPOSED
b954d88c89447ed29ef7bbcb5204096c.jpg,female_soft,FACE_FEMALE
b95af547bd5836fc2b63fb3ffcffe063.jpg,none,BUTTOCKS_EXPOSED
b96f3eaa760c3daed47f534fa726009b.jpg,female_soft,ARMPITS_EXPOSED|BELLY_EXPOSED|FACE_FEMALE|FEMALE_BREAST_COVERED|FEMALE_GENITALIA_COVERED
b9a4516b94c7100ad215836f9fd76108.jpg,female_soft,FACE_FEMALE
b9aba3e3faa1bcf1ecb696797cd235db.jpg,female,BELLY_EXPOSED|FACE_FEMALE|FEMALE_BREAST_COVERED|FEMALE_GENITALIA_EXPOSED
b9b3121717633c2588b90a1928275c51.jpg,female_soft,FACE_FEMALE
b9b33b43c05a5237ebbeb07772a6eee5.jpg,female_soft,FACE_FEMALE
b9c5fe2f11e886d966f76dfd59730e65.jpg,female_soft,BELLY_EXPOSED|FACE_FEMALE|FEMALE_BREAST_COVERED|FEMALE_GENITALIA_COVERED
b9c77e4e442fe5e146db7c1c0281b11b.jpg,female,ARMPITS_EXPOSED|BUTTOCKS_EXPOSED|FACE_FEMALE|FEET_COVERED|FEMALE_BREAST_EXPOSED
b9cb031ad53bcae0b5242696782e8f9f.jpg,female_soft,FACE_FEMALE|FEMALE_BREAST_COVERED
b9cfeabbc995e18e967f4ff9764f4660.jpg,female_soft,FACE_FEMALE|FEET_COVERED|FEMALE_BREAST_COVERED
b9eaedda11bdc3971f6c58b29022c3d8.jpg,none,FEMALE_BREAST_COVERED
ba3a43fc3179574d0116205a4dd2b6ef.jpg,female_soft,ARMPITS_EXPOSED|BELLY_COVERED|FACE_FEMALE|FEET_COVERED|FEMALE_BREAST_COVERED
ba430dae7bdd7264d8c3a88878a964ce.jpg,none,BUTTOCKS_COVERED|FEMALE_GENITALIA_COVERED
ba5a09f82fa06e3d9dc81b8f6764ef69.jpg,none,BUTTOCKS_COVERED
ba5ac7854535eef2898cb9341643c246.jpg,female_soft,ARMPITS_EXPOSED|BELLY_EXPOSED|FACE_FEMALE|FEMALE_BREAST_COVERED
ba75448f8a1862824ec73fffdd19a82e.jpg,none,
ba9a843f7707f46bd33f67442ca717c8.jpg,none,
baa5b726f70af8fe879bf2a01a20161f.jpg,female_soft,BELLY_EXPOSED|FACE_FEMALE|FEMALE_BREAST_COVERED|FEMALE_GENITALIA_COVERED
bad2b97496919e9997c2ff75b2c26603.jpg,female_soft,FACE_FEMALE|FEMALE_BREAST_COVERED|FEMALE_GENITALIA_COVERED
bae5bd8dcdd244261661a05c72107200.jpg,female_soft,FACE_FEMALE|FEMALE_BREAST_COVERED
bae7f617995a6e04098ff64ca842ffcd.jpg,none,
bb10d7af646a8f7230686e06d7679707.jpg,female,ARMPITS_EXPOSED|FACE_FEMALE|FEMALE_BREAST_EXPOSED
bb1a919fcd2ec9df757fb967f6e6119d.jpg,female_soft,ARMPITS_EXPOSED|FACE_FEMALE|FEMALE_BREAST_COVERED
bb5c5e1190dfe43023dc98cfd33535bf.jpg,female_soft,FACE_FEMALE|FEMALE_BREAST_COVERED
bb79e2d76dcbf2a3232ff338f0214a82.jpg,none,ARMPITS_EXPOSED|BELLY_EXPOSED|FEMALE_BREAST_COVERED|FEMALE_GENITALIA_COVERED
bb7cc3bf6ffec8fdcbebb036b92baeae.jpg,none,
bb83bde019fd2fcff53c29dc02f695ba.jpg,none,ARMPITS_EXPOSED|BELLY_COVERED|FEMALE_BREAST_COVERED
bb88ddc31a73527b0c7327d480cce550.jpg,none,BUTTOCKS_EXPOSED
bb93eadaf9c9cc5bfa9e9deb84bc33d5.jpg,female,ARMPITS_EXPOSED|BELLY_EXPOSED|FACE_FEMALE|FACE_MALE|FEMALE_BREAST_EXPOSED|MALE_BREAST_EXPOSED
bbcaae92a2ba9dd31ebd6cdf6c3d79ac.jpg,female_soft,BELLY_COVERED|FACE_FEMALE|FEMALE_BREAST_COVERED
bbcba63e854acd60c3d1bd29bab47930.jpg,female_soft,FACE_FEMALE|FEMALE_BREAST_COVERED
bbd9fffb671f6699bf117ec1274ef7e4.jpg,female_soft,FACE_FEMALE|FEET_COVERED|FEMALE_BREAST_COVERED
bbf9fa6573c06946e6559bbb99777e87.jpg,none,BUTTOCKS_COVERED
bc039eda1f568abe007b8a562612241a.jpg,female,ARMPITS_EXPOSED|BELLY_EXPOSED|FACE_FEMALE|FEMALE_BREAST_EXPOSED|FEMALE_GENITALIA_COVERED
bc11aa14004cbcce4d2b5b1184702ff8.jpg,female,ARMPITS_EXPOSED|BELLY_EXPOSED|FEMALE_BREAST_COVERED|FEMALE_BREAST_EXPOSED
bc12cd676ebf5889ccca57d55c0dcce5.jpg,none,FEMALE_BREAST_COVERED
bc2bc5af48c7440c860f40dd420c1824.jpg,none,
bc511b8e0c90940c0e9b2e8c9c9fe42d.jpg,female_soft,BELLY_EXPOSED|FACE_FEMALE|FEMALE_BREAST_COVERED|FEMALE_GENITALIA_COVERED
bc62f8770164f0b3c8e18f01ba96fd8d.jpg,female_soft,FACE_FEMALE|FEET_COVERED
bc71ebaf06d5f5c220d00c80807c7901.jpg,female_soft,BELLY_COVERED|FACE_FEMALE|FEMALE_BREAST_COVERED
bc727a5ab5d9f00536143c0d458c3fa2.jpg,none,
bc7d4b86bde872a54fa72a05508aff9c.jpg,none,
bc95951c50b5493237e1fa7ac2991a01.jpg,female,ARMPITS_EXPOSED|FACE_FEMALE|FEMALE_BREAST_COVERED|FEMALE_BREAST_EXPOSED
bccbd04ed810b6df75a6116b7fefb1e8.jpg,none,BUTTOCKS_COVERED
bccec6d20863b13b0de4aece0bc6f4c0.jpg,female_soft,FACE_FEMALE
bd0cdd8b3320894f70b260c4d8011880.jpg,none,FEET_COVERED
bd45734810d216287aca9b913c9bce72.jpg,none,BELLY_EXPOSED|FEMALE_BREAST_COVERED
bd48f8b08e5c194a07f3b938556c1b43.jpg,none,
bd6dec4abd5392d0868f3650c772ff48.jpg,none,ARMPITS_EXPOSED|FEET_COVERED
bdb758a153dccc821f22f8da6a7ff6ac.jpg,male,MALE_GENITALIA_EXPOSED
bdd62671894c50d37457b08698d3cc8c.jpg,none,BUTTOCKS_EXPOSED
bde743330115b36955e341bb853b21ed.jpg,none,BELLY_EXPOSED|FEMALE_BREAST_COVERED
be623b687e75119ecea0bbd7ab19a0c1.jpg,female_soft,ARMPITS_EXPOSED|BELLY_EXPOSED|FACE_FEMALE|FEET_EXPOSED|FEMALE_BREAST_COVERED|FEMALE_GENITALIA_COVERED
be6d129671e0cae6ac96697fc35774d0.jpg,female_soft,ARMPITS_EXPOSED|BUTTOCKS_COVERED|FACE_FEMALE|FEET_COVERED|FEET_EXPOSED|FEMALE_BREAST_COVERED
bea4fae115e5287d03244cc5310b6ce2.jpg,none,BUTTOCKS_COVERED
becc691f5e6776e0d5a4f8e9c1a66a63.jpg,female_soft,FACE_FEMALE
bee857804a84b5dc9e34809c38ed8dbf.jpg,none,BELLY_EXPOSED|FEMALE_GENITALIA_COVERED
bf4427ab48b7b75b069ec68104953f35.jpg,female_soft,FACE_FEMALE|FEMALE_BREAST_COVERED
bf635ffb70312a90fc059493f3894df8.jpg,none,BUTTOCKS_EXPOSED|FEET_EXPOSED
bf916e16c7a85662cc14aeda675e7d9c.jpg,female_soft,FACE_FEMALE
bfb68776a04722fdc1d9bff93d67b567.jpg,female,FACE_FEMALE|FEMALE_BREAST_EXPOSED
bfb94fed27c9236f8d2f8abd29965646.jpg,none,
bfbb88f48d112ecbe4e119306e521652.jpg,none,BUTTOCKS_EXPOSED
bfc7d9676555b2b47121dfdfaf450aea.jpg,female_soft,ARMPITS_EXPOSED|FACE_FEMALE|FEMALE_BREAST_COVERED
bffcbab0745bbf2dc06a55340f72ee46.jpg,female,FACE_FEMALE|FEMALE_BREAST_COVERED|FEMALE_BREAST_EXPOSED
c00365424fa4d7a1b8aa2c7b95006e68.jpg,male,MALE_GENITALIA_EXPOSED
c0390ba783e5a4d83ca60b44eb935d58.jpg,none,
c09813ecb72232d707bb86d19cb079b8.jpg,none,
c09a72723764fa8c477194e74cc7b101.jpg,female_soft,ARMPITS_EXPOSED|FACE_FEMALE
c11bd552104c4648bcb023adfaffafe1.jpg,none,BUTTOCKS_EXPOSED
c12b673c132a4d7f9f42e38fba70948a.jpg,both_soft,ARMPITS_EXPOSED|BELLY_EXPOSED|FACE_FEMALE|MALE_BREAST_EXPOSED
c1792b21678ca811866acb480b9f2313.jpg,none,
c18a874734a2d8bd7b408cf2cde0b519.jpg,none,
c1aeabde22cc5f646cce3d32f7bf238e.jpg,none,BUTTOCKS_COVERED
c1b9d74d815623936c4a9cbe0437ba76.jpg,female_soft,BELLY_EXPOSED|FACE_FEMALE|FEMALE_BREAST_COVERED
c1db07fed862001ced91fe7dc911d3fe.jpg,female,FACE_FEMALE|FEMALE_BREAST_EXPOSED
c2057ba697f0071705d4f7f69c0594da.jpg,female,BELLY_EXPOSED|FACE_FEMALE|FEMALE_BREAST_EXPOSED
c214274cb7e0f1e824ce7a337ae0f8e4.jpg,female_soft,FACE_FEMALE|FEMALE_BREAST_COVERED
c241344070e967e966d19acb0bd4a23e.png,none,
c2576a68896ff0afd20a1e5195abb542.jpg,none,BUTTOCKS_COVERED|BUTTOCKS_EXPOSED|FEET_EXPOSED|FEMALE_GENITALIA_COVERED
c261b50f4ec8534b8e272d38fa591d81.jpg,female_soft,BELLY_EXPOSED|FACE_FEMALE|FEMALE_BREAST_COVERED|FEMALE_GENITALIA_COVERED
c282411be36c9c083fc17310a5c30ef8.jpg,none,ARMPITS_EXPOSED
c2ce86c2b3665bdebf623bf2cc22e391.jpg,female_soft,FACE_FEMALE
c2e95e058202047cd22fb04656e200a8.jpg,female_soft,BELLY_EXPOSED|FACE_FEMALE|FEMALE_BREAST_COVERED
c2f1e935978b84025431d733315ccac0.jpg,none,FEMALE_BREAST_COVERED
c2fee401f1ed8d10f151262d752b0972.jpg,none,
c313efd49c6b0dab74728f4b6bcf4da9.jpg,none,BELLY_EXPOSED
c34b8bd193ba54719c1b4b34716d13d4.jpg,none,ARMPITS_EXPOSED|BELLY_EXPOSED|BUTTOCKS_EXPOSED|FEET_COVERED
c3692064bee2b8675e6788a78762f872.jpg,female_soft,FACE_FEMALE|FEMALE_BREAST_COVERED
c376a6387aefd14c0a7b72dcee69191e.jpg,female_soft,ARMPITS_EXPOSED|BELLY_EXPOSED|FACE_FEMALE|FEMALE_BREAST_COVERED|FEMALE_GENITALIA_COVERED
c391779815ae18184ad1ec39e1a24f8d.jpg,none,FEMALE_BREAST_COVERED
c39d76eeda34b837746db2d5c3a6de9d.jpg,female,FEMALE_BREAST_EXPOSED
c39f47dcb247c4bf9ac766819e12bd8d.jpg,none,
c3a8197e3a2b3bc26716076cb0c396c0.jpg,none,FEMALE_GENITALIA_COVERED
c3ae8570cc287bc323ebd4020bb38b67.jpg,male_soft,ARMPITS_EXPOSED|BELLY_EXPOSED|FEMALE_GENITALIA_COVERED|MALE_BREAST_EXPOSED
c3ccda0d104e80e6bc3f22630d65c7b7.jpg,female_soft,FACE_FEMALE|FEMALE_BREAST_COVERED
c40fcef14d88191a55d1542e11dae015.jpg,female_soft,BELLY_EXPOSED|FACE_FEMALE|FEMALE_BREAST_COVERED|FEMALE_GENITALIA_COVERED
c4254faaba29c1c61d681ddefe3b8f69.jpg,male_soft,ARMPITS_EXPOSED|BELLY_EXPOSED|FACE_MALE|MALE_BREAST_EXPOSED
c426888e22491cf60e48ef4e4c9c2436.jpg,female,ARMPITS_EXPOSED|FEMALE_BREAST_EXPOSED
c429659279d81752ee0b0de83bf47be7.jpg,female,BELLY_EXPOSED|FEMALE_BREAST_COVERED|FEMALE_BREAST_EXPOSED|FEMALE_GENITALIA_COVERED
c465c35f1aca7fda2d1e52f6f5b9bba3.jpg,female_soft,FACE_FEMALE|FEMALE_BREAST_COVERED
c4677d59ee5da0ff160f1e6ac3e44b22.jpg,female,ARMPITS_EXPOSED|BELLY_EXPOSED|FACE_FEMALE|FEMALE_BREAST_EXPOSED|MALE_BREAST_EXPOSED
c471437ac9ef4888505efe353e93d825.jpg,female_soft,ARMPITS_EXPOSED|FACE_FEMALE|FEET_EXPOSED|FEMALE_BREAST_COVERED
c4a8980c437df3b5f6d6e95688951de9.jpg,none,
c4b6ddfbe5b6b099a4def6cb94929aae.jpg,none,BELLY_EXPOSED|FEMALE_BREAST_COVERED
c4fca3f5de80577140577d6a33c0e9e5.jpg,female_soft,BELLY_COVERED|FACE_FEMALE|FEMALE_BREAST_COVERED|FEMALE_GENITALIA_COVERED
c506ecfe87e6d0f9e91061c4a05ae58a.jpg,female_soft,BELLY_COVERED|FACE_FEMALE|FEMALE_BREAST_COVERED
c52b18c1dc20a0e9b12ba5210ea82649.jpg,none,BUTTOCKS_EXPOSED
c541262b16e4493f0f923ef42ecf3f80.jpg,none,ARMPITS_EXPOSED|FEET_EXPOSED
c54db52f6f68d71c732c351c795b3e64.jpg,none,ARMPITS_EXPOSED|FEET_COVERED
c57e5a7fd1c3731bdfbf191a31e348c3.jpg,none,BUTTOCKS_EXPOSED|FEMALE_GENITALIA_COVERED
c586c520252719419a3731ad0e99c996.jpg,female_soft,FACE_FEMALE
c5ae0f228fb79977bb5d5b3472e264e5.jpg,female,BUTTOCKS_EXPOSED|FACE_FEMALE|FEET_EXPOSED|FEMALE_BREAST_EXPOSED
c5c95af141e397712ec1ae3e3e29f570.jpg,female,ARMPITS_EXPOSED|FACE_FEMALE|FEMALE_BREAST_EXPOSED
c5fa7af2c1cc99f32160ddbd311f2eca.jpg,none,BUTTOCKS_EXPOSED|FEMALE_GENITALIA_COVERED
c6251f38ff6ae4ea617989619c28eaeb.jpg,female_soft,FACE_FEMALE|FEMALE_BREAST_COVERED
c68d21d338d45c0c5fedcacc8234acda.jpg,none,FEMALE_BREAST_COVERED
c698c784592b224718dcae8895804370.jpg,female_soft,ARMPITS_EXPOSED|BELLY_COVERED|FACE_FEMALE|FEMALE_BREAST_COVERED
c69d808fc32a8a9936de582c5664c71f.jpg,female_soft,FACE_FEMALE|FEMALE_BREAST_COVERED
c6f03995403f4ce286c9e2dd925900cb.jpg,female_soft,BELLY_EXPOSED|FACE_FEMALE|FEMALE_BREAST_COVERED
c6fd3c7bb7f33f09112ac647a3f2b0df.jpg,male_soft,BELLY_EXPOSED|MALE_BREAST_EXPOSED
c70c017eb42ad4b9464811ee8310c771.jpg,none,BUTTOCKS_EXPOSED
c71fdab562c1c097d7e546ebf9c24d87.jpg,female,ARMPITS_EXPOSED|FACE_FEMALE|FEMALE_BREAST_EXPOSED
c7220df093462cf4aecd451a90b15e42.jpg,none,BUTTOCKS_COVERED|FEET_COVERED
c7317689ad136f41b9212021bbbcf362.jpg,female_soft,FACE_FEMALE|FEMALE_BREAST_COVERED
c74f16580cf022af85b98a171f5d8a68.jpg,female_soft,FACE_FEMALE|FEMALE_BREAST_COVERED
c75f9f15a080fbe8560662750cc95f14.jpg,none,BELLY_EXPOSED|FEMALE_GENITALIA_COVERED
c761fdc82a6ff7fc8a91e88bf189d262.jpg,male_soft,BELLY_EXPOSED|MALE_BREAST_EXPOSED
c770ac49afb7b94a64be3db2cccbe13a.jpg,none,FEMALE_BREAST_COVERED
c799424581526497be7e143ce666fe5d.jpg,none,FEET_EXPOSED
c80c375026d01f69c1ea1c05732944e2.jpg,female_soft,FACE_FEMALE
c8293c47170e6da5066ed0052327be02.jpg,female_soft,BELLY_EXPOSED|FACE_FEMALE
c8362827a2715827684ba90bf773a45e.jpg,female_soft,ARMPITS_EXPOSED|BELLY_EXPOSED|FACE_FEMALE|FEET_EXPOSED|FEMALE_BREAST_COVERED|FEMALE_GENITALIA_COVERED
c83830fce165cb11eb3b93737d83c537.jpg,female_soft,ARMPITS_EXPOSED|BELLY_EXPOSED|FACE_FEMALE|FEMALE_BREAST_COVERED
c83aab38d5c4e43d185bbb1284f60979.jpg,female_soft,FACE_FEMALE
c8450524ecb64a3e60594245163216b4.jpg,female,ARMPITS_EXPOSED|BELLY_EXPOSED|FEMALE_BREAST_COVERED|FEMALE_BREAST_EXPOSED
c863ac5df48d2f01c92e255d8519efeb.jpg,none,ARMPITS_EXPOSED|BELLY_EXPOSED|FEMALE_BREAST_COVERED|FEMALE_GENITALIA_COVERED
c878ae4aefc890d45115006ac7e5c2c9.jpg,none,BUTTOCKS_COVERED|FEET_EXPOSED|FEMALE_GENITALIA_COVERED
c88b60a5b82bb19a02ebb1c75f6f5b8a.jpg,none,ARMPITS_EXPOSED|FEET_COVERED|FEMALE_BREAST_COVERED
c8a272a90ef6b1cbcc00abb2df4bef69.jpg,female_soft,FACE_FEMALE|FEMALE_BREAST_COVERED
c8e397a0e5e6eec49cc22d2d15e01380.jpg,none,
c9180dfff0cc9eedcedec3b74c5f2c10.jpg,female,BELLY_EXPOSED|FEMALE_BREAST_COVERED|FEMALE_BREAST_EXPOSED
c9200a8abd31141a08ccbfc4eb72676d.jpg,female_soft,ARMPITS_EXPOSED|FACE_FEMALE
c920ab6b61ce7e7c9ac899b0fd4807c0.jpg,female_soft,ARMPITS_EXPOSED|BELLY_EXPOSED|FACE_FEMALE|FEMALE_GENITALIA_COVERED
c92aa2dc8bd723fab602d8921683cae0.jpg,female_soft,FACE_FEMALE|FEMALE_BREAST_COVERED
c971bc769c2947696a323acd9225da92.jpg,female,BELLY_EXPOSED|FACE_FEMALE|FEMALE_BREAST_EXPOSED
c971bdda2213da4d7f140e460bd2b26a.jpg,none,
c97e61673d313ecd9b07269fb523bfc6.jpg,none,BUTTOCKS_EXPOSED
c98cd176c4fc502c88f8b07cba2a4bb6.jpg,female_soft,BELLY_EXPOSED|FACE_FEMALE
c99402f3a7fa19df4e957e0949a1e5b0.jpg,female_soft,ARMPITS_EXPOSED|BELLY_EXPOSED|FACE_FEMALE
c9a023d41440508d4e941a6e67ce2718.jpg,none,
c9c5bd3aabcbf58384cce3936bbb91f3.jpg,none,BELLY_EXPOSED
c9d5b1bf165c6f06bb2ec5b2e10b952f.jpg,none,BUTTOCKS_EXPOSED
c9f462998662365297391efd66bb52d7.jpg,male_soft,BELLY_EXPOSED|FEET_EXPOSED|MALE_BREAST_EXPOSED
ca2f3fd78f937df0cff15d9d6f0f0a1d.jpg,none,
ca3ab7f53fdb783f89009c3d7dae80d7.jpg,female_soft,BELLY_EXPOSED|FACE_FEMALE|FEMALE_BREAST_COVERED|FEMALE_GENITALIA_COVERED
ca70f45098d93d4c7b9e466d6f63da48.jpg,female_soft,BELLY_EXPOSED|FACE_FEMALE|FEMALE_BREAST_COVERED
caa066b422c7dac6d7d962590a767c67.jpg,none,BELLY_EXPOSED
caa5d08698e49bf7215b1c0f4b8d4e60.jpg,female_soft,BELLY_EXPOSED|FACE_FEMALE|FEMALE_BREAST_COVERED|FEMALE_GENITALIA_COVERED
caaa669ed99acc720c68918bd2eb2a6e.jpg,female_soft,BELLY_EXPOSED|FACE_FEMALE|FEMALE_BREAST_COVERED
cad956f4a04a002a29c1c1412cd9a56f.jpg,none,BELLY_EXPOSED
caf19d797177df7a24150f4223298afc.jpg,female_soft,ARMPITS_EXPOSED|FACE_FEMALE|FEMALE_BREAST_COVERED
cafffe28d23811feed3c3b5dcad15f23.jpg,female_soft,ARMPITS_EXPOSED|BELLY_EXPOSED|FACE_FEMALE|FEMALE_BREAST_COVERED|FEMALE_GENITALIA_COVERED
cb0365a006290391e91afdd85012dc02.jpg,female_soft,ARMPITS_EXPOSED|BELLY_EXPOSED|FACE_FEMALE|FEMALE_BREAST_COVERED
cb25d55ad53fd66c1f08732322febdb5.jpg,female_soft,ARMPITS_EXPOSED|FACE_FEMALE|FEMALE_BREAST_COVERED
cb322b45ae95856ec694a6cf8de9cfca.jpg,none,FEMALE_BREAST_COVERED
cb45e6371a9c84e81e4ca55626a3bde7.jpg,none,ARMPITS_EXPOSED|FEET_COVERED
cb5bc5782c9ae75b6a3332ec31e3d0c1.jpg,female_soft,BELLY_EXPOSED|FACE_FEMALE|FEET_EXPOSED|FEMALE_BREAST_COVERED|FEMALE_GENITALIA_COVERED
cb6149c590ee1cf3be661e0cd1c86102.jpg,female_soft,FACE_FEMALE|FEMALE_BREAST_COVERED
cb91ce9d40137bb116012c3f1b58e736.jpg,female_soft,BELLY_COVERED|FACE_FEMALE|FEMALE_BREAST_COVERED|FEMALE_GENITALIA_COVERED
cbbbc816f603b06b09298a5683cfdbe1.jpg,female_soft,ARMPITS_EXPOSED|FACE_FEMALE|FEMALE_BREAST_COVERED
cbcefc315968ca7b9759c34f30bad67a.jpg,female,ARMPITS_EXPOSED|BELLY_EXPOSED|FACE_FEMALE|FEMALE_BREAST_EXPOSED|FEMALE_GENITALIA_COVERED
cc04ff5ab0dc683d1e844b757d0f3f0e.jpg,none,BELLY_EXPOSED|FEMALE_BREAST_COVERED|FEMALE_GENITALIA_COVERED
cc3c09dd5197c3ccf7bb958f9d4af4ca.jpg,female_soft,FACE_FEMALE|FEMALE_BREAST_COVERED
cc494f0530166f6b4e6f5f7b62f5df1d.jpg,none,BUTTOCKS_EXPOSED
cc5826600e55f7cf48090e36ed8e4ccc.jpg,male_soft,BELLY_EXPOSED|FACE_MALE|MALE_BREAST_EXPOSED
cc602ce7216ee39aac064877b5bd6e96.jpg,female_soft,ARMPITS_EXPOSED|BELLY_EXPOSED|BUTTOCKS_EXPOSED|FACE_FEMALE
cc7ae58eebc7f1550a50537a6f743f09.jpg,none,ARMPITS_EXPOSED|FEMALE_BREAST_COVERED
cc8086540914e64fc102811eeeb1f2d9.jpg,female_soft,FACE_FEMALE|FEMALE_BREAST_COVERED
cc8ba6da26ba0f6b54a26be439bfadb5.jpg,female_soft,FACE_FEMALE
ccaaefe46acbfa32b38a92acf7998447.jpg,none,
ccb765e95e1cf9a2f720f899dfc10140.jpg,none,
ccbc933981a76f779654b7cd563bb7e4.jpg,female_soft,FACE_FEMALE
ccf26e07134e6e55bc207883fea0c51c.jpg,none,
ccfb866300d3d88e9a6e6544aa678753.jpg,female_soft,FACE_FEMALE|FEMALE_BREAST_COVERED
cd08839dd3aa48e6bed4950b58713fa6.jpg,female_soft,FACE_FEMALE|FEMALE_BREAST_COVERED
cd0c3976cc0c434d03ed97e1d430ff82.jpg,none,
cd3ee6dc73c7f5b042b1093de771fe40.jpg,female_soft,FACE_FEMALE|FEMALE_BREAST_COVERED
cd4006900a2a1ddeb49312005049e354.jpg,female_soft,ARMPITS_EXPOSED|FACE_FEMALE
cd498f557292a06df66994ca0a586bc6.jpg,female,ARMPITS_EXPOSED|BELLY_EXPOSED|FACE_MALE|FEMALE_BREAST_EXPOSED|MALE_BREAST_EXPOSED
cd6ef8cef2fbd4c8a5f587accfa322e7.jpg,female_soft,BELLY_EXPOSED|FACE_FEMALE|FEMALE_BREAST_COVERED|FEMALE_GENITALIA_COVERED
cd75f42e77b0b187415b0644653f449d.jpg,none,FEET_EXPOSED|FEMALE_BREAST_COVERED
cd931fc8b38894ecf54b16da65ec215a.jpg,female_soft,FACE_FEMALE|FEMALE_BREAST_COVERED|FEMALE_GENITALIA_COVERED
cd9c058f038358b4bb2f066bc2fdf69d.jpg,male,FACE_FEMALE|MALE_GENITALIA_EXPOSED
cda40481f18e7b65cef5dc4e1dfdd737.jpg,female_soft,ARMPITS_EXPOSED|FACE_FEMALE|FEMALE_BREAST_COVERED
cdb7c7e4e6647147773a3f7b1a2d54a6.jpg,none,BUTTOCKS_COVERED
cdb8aeb4d49b18f720fe0295657d0bff.jpg,female_soft,FACE_FEMALE
cdc7de50978553c9ac13091338bf2351.jpg,female_soft,ARMPITS_EXPOSED|BELLY_EXPOSED|FACE_FEMALE|FEET_COVERED|FEMALE_BREAST_COVERED
cdcb2a67118b9e983a23324391c1b4c2.jpg,none,
cdd55e6fd4ec8c4de94f07be334c6f10.jpg,none,
cdfc9263b6471d508c56d3d79532b769.jpg,female_soft,FACE_FEMALE
cdfcc4dcbf9eeb8310166593a0b7a90f.jpg,female,BELLY_EXPOSED|FACE_FEMALE|FEMALE_BREAST_EXPOSED
ce0839b626baecb484600a0b9fce4ce0.jpg,none,
ce239977d301191e9b81cbcb5ecf7c70.jpg,male_soft,BELLY_EXPOSED|MALE_BREAST_EXPOSED
ce3e189b95a23703cdb64dd220d94e2f.jpg,female_soft,ARMPITS_EXPOSED|BUTTOCKS_EXPOSED|FACE_FEMALE|FEMALE_BREAST_COVERED
ce776c397e22d32a3d36b45e2505730b.jpg,none,
ce82f8b788e924f01e9ac1909ad05ad7.jpg,female_soft,ARMPITS_EXPOSED|BUTTOCKS_EXPOSED|FACE_FEMALE
ce92622435aa13860b3f7322bf8deded.jpg,female_soft,ARMPITS_EXPOSED|BELLY_EXPOSED|FACE_FEMALE|FEMALE_BREAST_COVERED|FEMALE_GENITALIA_COVERED
cec84e927800d4fa81ceec50e79f6bf6.jpg,female_soft,ARMPITS_EXPOSED|BELLY_EXPOSED|FACE_FEMALE|FEMALE_BREAST_COVERED|FEMALE_GENITALIA_COVERED
cf0fbe340117c75d6317909919cc7309.jpg,none,BUTTOCKS_COVERED
cf9236dc4ca11a649d20da156c5d97d1.jpg,none,
cfba92dea03b2d8c948fdfa5ac3429c0.jpg,female,ARMPITS_EXPOSED|BELLY_EXPOSED|FACE_FEMALE|FEMALE_BREAST_EXPOSED|FEMALE_GENITALIA_COVERED
cfe5975daca4b0a409937251805a2bd7.jpg,none,
cfe79ca2ba3c378ac8d54ec7d6137a1d.jpg,female,ARMPITS_EXPOSED|FEMALE_BREAST_COVERED|FEMALE_BREAST_EXPOSED
d016938b4115c71ffe3d52e484f38f1a.jpg,female_soft,BELLY_EXPOSED|FACE_FEMALE|FEMALE_BREAST_COVERED|FEMALE_GENITALIA_COVERED
d01b997de6127ce454e23b0ec3358551.jpg,none,BELLY_COVERED|FEET_COVERED|FEMALE_BREAST_COVERED
d0340969ae70af9fb4b94185e478c6a5.jpg,none,ARMPITS_EXPOSED
d06bec8561ccf135d598db0b86a214c8.jpg,none,
d09a1fb0ae912ed88a887a22b3fb1a79.jpg,female_soft,FACE_FEMALE
d0a1e27214c6fa0f1bec7d8298891617.jpg,female,ARMPITS_EXPOSED|BELLY_EXPOSED|FACE_FEMALE|FEMALE_BREAST_EXPOSED
d0a24498f7669b96002b0749b7be7cf1.jpg,none,
d0a62040981998ee9f320c96b1b0dfd3.png,none,
d0e316b0e9d2e18e5cd278f57c17a93e.jpg,none,
d0edc5d8ee2f627b1f3ba09f99a8ce59.jpg,none,FEMALE_BREAST_COVERED
d0f4b02cc99ed504205984e1a89fa8b9.jpg,female_soft,BELLY_EXPOSED|FACE_FEMALE|FEMALE_BREAST_COVERED
d0f7d86dda8dfec63f4ef2353d2fccc7.jpg,none,ARMPITS_EXPOSED|BUTTOCKS_EXPOSED
d11a1ce10c0631a1309a82da45117adb.jpg,female_soft,ARMPITS_EXPOSED|BELLY_EXPOSED|FACE_FEMALE|FEMALE_BREAST_COVERED
d128b033e45b01ee5c17605423e38efd.jpg,none,
d12929bad13e38079b7f7641e972e7ab.jpg,none,FEMALE_BREAST_COVERED
d129a7b48f3f4ef94759e642a1df8ef2.jpg,none,FEET_COVERED|FEMALE_BREAST_COVERED
d144f0558fc75db1487d89eeccfde756.jpg,none,
d19a35dae8e5e921b5782073c0d438ef.jpg,none,
d19d2dc0da8b11fa7c0002e167b6253a.jpg,female_soft,ARMPITS_EXPOSED|FACE_FEMALE|FEMALE_BREAST_COVERED
d1bafe798185f25df5fcbee55924ff5e.jpg,none,FEMALE_BREAST_COVERED
d2468e8fbfdfec3252067616e144af20.jpg,female_soft,ARMPITS_EXPOSED|FACE_FEMALE
d24bfe891254b3ee9ff768df681b14bc.jpg,female,ARMPITS_EXPOSED|BELLY_EXPOSED|FACE_FEMALE|FEMALE_BREAST_EXPOSED
d255c086d1937e1431f66d2e0f5e27cf.jpg,female,FACE_FEMALE|FEMALE_BREAST_EXPOSED
d270eba44211cd65979d1fa3f0a9f577.jpg,female,BUTTOCKS_EXPOSED|FEMALE_BREAST_EXPOSED
d2783ae73efb664ed45397aaf9c4a89f.jpg,female_soft,ARMPITS_EXPOSED|BELLY_EXPOSED|FACE_FEMALE|FEET_EXPOSED|FEMALE_BREAST_COVERED|FEMALE_GENITALIA_COVERED
d291c84ce6605b85743581607af8ad38.jpg,female,BELLY_EXPOSED|FACE_FEMALE|FEMALE_BREAST_COVERED|FEMALE_BREAST_EXPOSED|FEMALE_GENITALIA_COVERED
d298539040895704bdccf71458ef084e.jpg,none,
d29cdaa29b6e327c3fc2d021548201cc.jpg,female_soft,BELLY_EXPOSED|FACE_FEMALE|FEMALE_BREAST_COVERED|FEMALE_GENITALIA_COVERED
d2c0ca091b556ba30fdccdcdbf4d6795.jpg,none,
d2c5e5ef80a90af826ed57542b0e6509.jpg,none,ARMPITS_EXPOSED|BELLY_EXPOSED|FEMALE_BREAST_COVERED
d2ffde8bad8d819c2f206ffb5f7c974f.jpg,female_soft,FACE_FEMALE|FEMALE_BREAST_COVERED
d30c343238952c22ffee9dcb5526f3a8.jpg,female,ARMPITS_EXPOSED|BELLY_EXPOSED|FACE_FEMALE|FEMALE_BREAST_COVERED|FEMALE_BREAST_EXPOSED|FEMALE_GENITALIA_COVERED
d32f4a36a946804cecccd0135de3c949.jpg,none,FEMALE_BREAST_COVERED
d380b97c34abfbb20a08078f56d7528b.jpg,female_soft,FACE_FEMALE|FEMALE_BREAST_COVERED
d3a860bacd0f36a41654f8408ab1150a.jpg,female_soft,BELLY_COVERED|FACE_FEMALE|FEMALE_BREAST_COVERED
d3b639a90f60ef13ac5615489802dc29.jpg,male_soft,BELLY_EXPOSED|FACE_MALE|MALE_BREAST_EXPOSED
d3ef43efb0e2c1a9083ba29f08b64943.jpg,female_soft,FACE_FEMALE|FEMALE_BREAST_COVERED
d3f8935fcaac9f0f3c636af8dc6b9ba9.jpg,none,
d4174bf7d6fe1454d91207eab584d803.jpg,female,BELLY_EXPOSED|FEMALE_BREAST_COVERED|FEMALE_BREAST_EXPOSED|FEMALE_GENITALIA_COVERED
d41ec69a99a6bd8c97fc45216961f306.jpg,female_soft,FACE_FEMALE
d444250bf3d62b8350ec0fb49ff51285.jpg,female_soft,BELLY_COVERED|FACE_FEMALE|FEET_EXPOSED|FEMALE_BREAST_COVERED
d46280dd3e2bcf12cb7dcdb58c86cec3.jpg,female_soft,FACE_FEMALE|FEMALE_BREAST_COVERED
d4749e5ec9cace04fde4c671f1865605.jpg,female,ARMPITS_EXPOSED|BELLY_EXPOSED|FACE_FEMALE|FEMALE_BREAST_COVERED|FEMALE_BREAST_EXPOSED|FEMALE_GENITALIA_COVERED
d49e4fdf0a3d1d58590838f2b2283528.jpg,female_soft,FACE_FEMALE
d4bd1b0b4b346e7a4103a4a7f41c7454.jpg,female_soft,ARMPITS_EXPOSED|BELLY_EXPOSED|FACE_FEMALE|FEET_COVERED|FEET_EXPOSED|FEMALE_GENITALIA_COVERED
d4c3395aaaec85d73ac689c9b96c5f57.jpg,none,
d4c50ba7bff9354e5d419941cab7d8ae.jpg,female_soft,ARMPITS_EXPOSED|FACE_FEMALE|FEMALE_BREAST_COVERED
d4cbc707e1c3e8f5f63e0113032efb69.jpg,female_soft,ARMPITS_EXPOSED|FACE_FEMALE|FEMALE_BREAST_COVERED
d4f475f3d0ce4f065d846e5a3860f1df.jpg,female_soft,FACE_FEMALE|FEET_COVERED
d4f818535e6982ea66d997915f5b99ce.jpg,none,BELLY_EXPOSED|FEMALE_GENITALIA_COVERED
d4f92d41ff1fffb86af827e160ad219f.jpg,female_soft,FACE_FEMALE
d50627e7f6f82d764bef9eba99e92978.jpg,female,BELLY_EXPOSED|FACE_FEMALE|FEMALE_BREAST_EXPOSED
d56effce5bc89469d7871d3ce14c3695.jpg,none,
d5ac6599242cbf09e3ff04c8b41d0d55.jpg,female,BELLY_EXPOSED|FACE_FEMALE|FEMALE_BREAST_EXPOSED
d5b9812e527ad20601ca0b9a419bbcf1.jpg,none,BUTTOCKS_EXPOSED
d5befd28ca55db7cacc9319152bb54fe.jpg,none,
d611fc3023e3b253c946d52fa8f4ad20.jpg,none,BUTTOCKS_COVERED
d619d63e62078ac6dadb813c0e920f47.jpg,none,BELLY_EXPOSED|FEMALE_GENITALIA_COVERED
d623fd4e6dcb6d900a9b22aa689eb37a.jpg,female_soft,ARMPITS_EXPOSED|FACE_FEMALE|FEMALE_BREAST_COVERED
d627fbb79d2374cd8a18bfeae42fdeb9.jpg,female_soft,ARMPITS_EXPOSED|BELLY_EXPOSED|FACE_FEMALE|FEMALE_BREAST_COVERED|FEMALE_GENITALIA_COVERED
d6392116c0820ae6d4fef6545b56f705.jpg,none,BELLY_EXPOSED|FEMALE_BREAST_COVERED
d645b3a08f80e3b323dda94bcb14d19a.jpg,none,BUTTOCKS_COVERED|FEMALE_BREAST_COVERED
d653b75ac06c0e97160ed4de443fc9fa.jpg,none,
d6594aaf9c13fc745de6ec333d9d912c.jpg,none,FEMALE_BREAST_COVERED
d674014c7c902695a2986edfaf517435.jpg,female,FACE_FEMALE|FEMALE_BREAST_EXPOSED
d6c800c737ff2c7e15c93cf80d388ab2.jpg,female_soft,FACE_FEMALE
d72bd007086b140a3c4d66e504c2b990.jpg,male_soft,ARMPITS_EXPOSED|BELLY_EXPOSED|FACE_MALE|FEET_COVERED|MALE_BREAST_EXPOSED
d74b51bbeaedc69caf0f66e0bd121283.jpg,none,BUTTOCKS_COVERED
d7b438098aedb162eade9b118f179ad4.jpg,female,ARMPITS_EXPOSED|BELLY_EXPOSED|FACE_FEMALE|FEMALE_BREAST_EXPOSED
d7c93a226418e2d8351443f9bf6d4443.jpg,none,
d8191f0427ba6628fd43887636471088.jpg,female_soft,FACE_FEMALE|FEMALE_BREAST_COVERED
d82805834fa57a0f7ba7013ceab8d246.jpg,none,
d83f459974b18a7de7d243f6a32ae307.jpg,female_soft,FACE_FEMALE
d867de06eef90b1e4d4cb7e1edb76cdb.jpg,none,BUTTOCKS_EXPOSED
d89a6d2c58d8b29be5370153011122f6.jpg,none,FEET_COVERED|FEET_EXPOSED
d8f6db42f5d18fb794fb96e1b01bbdb7.jpg,female,ARMPITS_EXPOSED|BELLY_EXPOSED|FACE_FEMALE|FEMALE_BREAST_COVERED|FEMALE_BREAST_EXPOSED|FEMALE_GENITALIA_COVERED
d902567ccdab761b9b0d769de4cc38d2.jpg,female_soft,ARMPITS_EXPOSED|FACE_FEMALE|FEMALE_BREAST_COVERED
d9401d9b3045bd97ecc9655590b793af.jpg,none,
d9422d85d0c6a411b68c2a1798fb6e48.jpg,none,FEMALE_BREAST_COVERED
d97f0d733fc156f639f589c4b95b2a8e.jpg,female_soft,ARMPITS_EXPOSED|FACE_FEMALE|FEMALE_BREAST_COVERED
d992d4ce3d631e85b489e124c11f6f63.jpg,both_soft,ARMPITS_EXPOSED|BELLY_EXPOSED|FACE_FEMALE|FACE_MALE|FEMALE_BREAST_COVERED|FEMALE_GENITALIA_COVERED
d994b79a849fab1c201186f37697db84.jpg,female_soft,ARMPITS_EXPOSED|BELLY_EXPOSED|FACE_FEMALE|FEMALE_BREAST_COVERED
d9cba42cc9bae00de518b022fb5ea303.jpg,female_soft,BELLY_EXPOSED|FACE_FEMALE|FEET_COVERED|FEMALE_BREAST_COVERED
d9eb335bed1c98eb0fb29b56e4d7e33e.jpg,none,BUTTOCKS_COVERED
d9eb8a27cd9dc86aab33179bffe48142.jpg,male_soft,ARMPITS_EXPOSED|BELLY_EXPOSED|FEMALE_GENITALIA_COVERED|MALE_BREAST_EXPOSED
d9ec95ab96f9a3b3b457d2aa71b45937.jpg,female_soft,FACE_FEMALE|FEMALE_BREAST_COVERED
d9ecfdb7e3fba48fcc2e76ac7bad06ef.jpg,none,FEMALE_BREAST_COVERED
da3d9ff3505c830da4f00e58d40d2fa9.jpg,none,
da57dc73eb20f07369ab7767dd7cdfb3.jpg,none,BELLY_EXPOSED|FEET_COVERED|FEMALE_BREAST_COVERED
da6b1cf3882138cad53f0d05a0defa9d.jpg,none,FEMALE_BREAST_COVERED
da7518930370c960d66df5bafb07c0d1.jpg,none,FEMALE_BREAST_COVERED
daa576cb65f18e96d91b53dc00733990.jpg,female_soft,ARMPITS_EXPOSED|BELLY_EXPOSED|FACE_FEMALE|FEMALE_BREAST_COVERED|FEMALE_GENITALIA_COVERED
daa753062e2c4ce80f6eb231a411c851.jpg,none,ARMPITS_EXPOSED|BELLY_EXPOSED|FEMALE_BREAST_COVERED|FEMALE_GENITALIA_COVERED
dadcb2aef13361a14b75540a3b03bc48.jpg,none,BUTTOCKS_COVERED
db05abe4f6c2f4a0c3c9294e2b2d7995.jpg,female,ARMPITS_EXPOSED|BELLY_EXPOSED|FACE_FEMALE|FEMALE_BREAST_EXPOSED|MALE_BREAST_EXPOSED
db05fdd09cdcf4cb725b9d56fcef3c14.jpg,female_soft,FACE_FEMALE
db061638172ddf79ce0dc22303be7c35.jpg,none,BUTTOCKS_EXPOSED
db17cb1e6f5ea94159017b5ad585b899.jpg,none,
db2f4e7a4105965bb34dd178991ea1df.jpg,none,FEET_COVERED
dba9421037572486d8731614833e67bf.jpg,female_soft,BUTTOCKS_COVERED|FACE_FEMALE|FEMALE_BREAST_COVERED
dbcff67b8d06c50aba7d79b395796902.jpg,male_soft,ARMPITS_EXPOSED|BELLY_EXPOSED|FACE_MALE|MALE_BREAST_EXPOSED
dbe6d7822ed7f5e4ffdfe82441a27bf7.jpg,none,BUTTOCKS_EXPOSED|FEET_EXPOSED
dbf03ad42da65a5e108c908096a5b5d0.jpg,none,FEMALE_BREAST_COVERED
dbf5bfec17fefeb89d9d64bb5fcf4c14.jpg,none,BELLY_EXPOSED|FEMALE_BREAST_COVERED|FEMALE_GENITALIA_COVERED
dc065d372ff9e8abd224555e6d218c21.jpg,none,
dc09c79fe2fe37e766d88826fbe0325b.jpg,female_soft,ARMPITS_EXPOSED|BELLY_EXPOSED|FACE_FEMALE|FEMALE_BREAST_COVERED
dc0c57fd66431f4d750af6232632e897.jpg,female_soft,ARMPITS_EXPOSED|FACE_FEMALE
dc0e97e935fc3344ef6179de4608103b.png,none,
dc3a4790938146ba432086f28d4b8852.jpg,female_soft,ARMPITS_EXPOSED|BELLY_EXPOSED|FACE_FEMALE|FEET_EXPOSED|FEMALE_BREAST_COVERED|FEMALE_GENITALIA_COVERED
dc3cfd7d7ba18393df9cc9ac7048b435.jpg,none,BUTTOCKS_EXPOSED|FEET_COVERED
dc68f17f574fd9e6acd12a38e638c676.jpg,female,BELLY_EXPOSED|FEET_COVERED|FEMALE_BREAST_COVERED|FEMALE_GENITALIA_EXPOSED
dc6b0c60247a2af51cdcdf3144c7adad.jpg,female_soft,FACE_FEMALE
dca4b2cb0ea8b7cbb7fb3e2334b328e8.jpg,none,FEMALE_BREAST_COVERED
dcbc39901cfb74af25611a9b4e40362f.jpg,female_soft,FACE_FEMALE|FEMALE_BREAST_COVERED
dcc135cddaeed63b1b626bf7a2a88a28.jpg,none,
dcee6b3a5ed820973cd61cad82053364.jpg,none,BELLY_EXPOSED|FEMALE_BREAST_COVERED|FEMALE_GENITALIA_COVERED
dd2a7038edcc420150b644b328ea2136.jpg,none,BELLY_EXPOSED
dd39f2ef2c89690b7066621e7cdbf085.jpg,none,
dd80beeaff910ba28c2d0774faa28533.jpg,none,
dda008d49c8cffff534c2316e4ec80d2.jpg,none,
dddf4f3994fa62ac8e078f9490dbbcac.jpg,female,BELLY_EXPOSED|FACE_FEMALE|FEET_COVERED|FEMALE_BREAST_COVERED|FEMALE_GENITALIA_EXPOSED
dde0c730daeb3cabfb1322dbf1cb9053.jpg,none,
ddfcb03441717aa585b244f592cdcdf6.jpg,female_soft,BUTTOCKS_EXPOSED|FACE_FEMALE|FEET_COVERED
de0bc34e004dee7ee06f1d7225c888d4.jpg,female_soft,ARMPITS_EXPOSED|BELLY_EXPOSED|FACE_FEMALE|FEET_EXPOSED|FEMALE_BREAST_COVERED|FEMALE_GENITALIA_COVERED
de1dc03acb128de8d1ecd106f378533a.jpg,none,
de39a8f38459ea35917318315837b791.jpg,female_soft,BUTTOCKS_EXPOSED|FACE_FEMALE|FEET_COVERED|FEET_EXPOSED
de5df5f62bceb5b5456595336f97506d.jpg,female,FEMALE_BREAST_EXPOSED
de80a8ac28b4887b5a1182d67a0290e0.jpg,none,
deb2f3bf921ebcc60b393e7eb23c8042.jpg,none,FEMALE_BREAST_COVERED
dee0bdc64da7678f1dbf06040bf64e5b.jpg,none,FEET_COVERED
dee883316391aee5cdfcafecb2075917.jpg,none,BELLY_EXPOSED|FEMALE_BREAST_COVERED
df16772d7ea6c4b47498ef90657c8fda.jpg,female_soft,ARMPITS_EXPOSED|BELLY_EXPOSED|FACE_FEMALE|FEMALE_BREAST_COVERED
df1e5d7feaae94bb77692cbef284d0ff.jpg,none,
df56f337ea62734ac2d9c53e21d410b0.jpg,female,ARMPITS_EXPOSED|BELLY_EXPOSED|FACE_FEMALE|FEMALE_BREAST_COVERED|FEMALE_BREAST_EXPOSED
df6a3b51d83281971960217cb3858be7.jpg,none,FEET_COVERED
df704e958d78123cf4f3a5d8cf31e649.jpg,none,
df7766e3c11bb1455bd8a94e6aa653bc.jpg,female_soft,FACE_FEMALE
df9e1b4cd595e4a231ab1bc50140c072.jpg,female_soft,FACE_FEMALE
dfd3f1bdcad9c8d6c078c5bc427b7316.jpg,female_soft,ARMPITS_EXPOSED|BELLY_EXPOSED|FACE_FEMALE|FEMALE_BREAST_COVERED
dff77b6da1ee7f4740c4f788ed8985d3.jpg,female_soft,BELLY_EXPOSED|FACE_FEMALE|FEMALE_BREAST_COVERED|FEMALE_GENITALIA_COVERED
e004d8b17a4f99a5e74e66d764562214.jpg,none,BELLY_EXPOSED|FEMALE_BREAST_COVERED
e0581426bedba9f097cdacb860a8514d.jpg,none,BELLY_EXPOSED|FEMALE_BREAST_COVERED
e0654480af6f2dd2003d1009f64238be.jpg,female_soft,ARMPITS_EXPOSED|FACE_FEMALE|FEMALE_BREAST_COVERED
e0712809d6da54214d880569018ba343.jpg,female_soft,ARMPITS_EXPOSED|BELLY_EXPOSED|FACE_FEMALE|FEET_COVERED|FEET_EXPOSED|FEMALE_BREAST_COVERED|FEMALE_GENITALIA_COVERED
e09d312e77efaf4ff1d47eaf3b678c69.jpg,female,FACE_FEMALE|FEMALE_BREAST_COVERED|FEMALE_BREAST_EXPOSED
e09ed0550fd5a11689bf5639b5ed5a98.jpg,none,FEET_COVERED
e0e13a6b9eb003af2905cab2d1413ad1.jpg,female_soft,FACE_FEMALE|FEMALE_BREAST_COVERED
e0eb721855a759caeb3f538ce6e73c16.jpg,none,
e0f6ac5a8e1d08df3b03bef94ef4ebe2.jpg,female,FACE_FEMALE|FEMALE_BREAST_COVERED|FEMALE_BREAST_EXPOSED
e0f9ecc199889df79ee7084397fbb173.jpg,none,BUTTOCKS_EXPOSED
e0fc7c5710340d0b326cfa149ced9cea.jpg,female_soft,FACE_FEMALE|FEMALE_BREAST_COVERED
e10a074678bd7ccbff0a6617df7261da.jpg,female_soft,BELLY_EXPOSED|FACE_FEMALE|FEMALE_BREAST_COVERED|FEMALE_GENITALIA_COVERED
e10f7807b6722c742ec6909818d997bc.jpg,female_soft,FACE_FEMALE|FEMALE_BREAST_COVERED|FEMALE_GENITALIA_COVERED
e1381202f727b56ebb2f349b4d71379a.jpg,none,BELLY_COVERED|FEMALE_BREAST_COVERED|FEMALE_GENITALIA_COVERED
e145040acc0fdc7d073a4d78c6e490e1.jpg,female_soft,FACE_FEMALE
e15195623c7e6ca9a712fb88286800e4.jpg,female_soft,BELLY_EXPOSED|FACE_FEMALE|FEMALE_BREAST_COVERED
e15e9ee4f09ec2773e6d0567a2e78083.jpg,female_soft,FACE_FEMALE|FEMALE_BREAST_COVERED
e19a3c1cf8689fd25b05e59efa04451b.jpg,none,FEMALE_BREAST_COVERED
e1f756fa2f982f424813aec9cc15dd3f.jpg,none,BUTTOCKS_EXPOSED|FEET_EXPOSED
e20d0592c1ace445a975245b741238fd.jpg,none,FEMALE_BREAST_COVERED
e23fa048f8becd03f38e1519435da31d.jpg,none,ARMPITS_EXPOSED
e250afda722106b5c4b734cf8df5d980.jpg,male_soft,ARMPITS_EXPOSED|BELLY_EXPOSED|MALE_BREAST_EXPOSED
e274cdccd563025f75575f143b6c8c75.jpg,none,
e2bc744766e1a78e0fdfdefe6c33e760.jpg,female_soft,FACE_FEMALE|FEMALE_BREAST_COVERED
e2cf6601a0122fa18694e9e257db3dde.jpg,none,ARMPITS_EXPOSED
e2df12357b3129e92ad2b547a65e40ab.jpg,female_soft,ARMPITS_EXPOSED|FACE_FEMALE|FEMALE_BREAST_COVERED
e309f098aaefb8e2b43e0399b2b1b40e.jpg,female_soft,ARMPITS_EXPOSED|FACE_FEMALE|FEMALE_BREAST_COVERED
e32d40e96b4803f2f075a51cf5beaef4.jpg,female_soft,BELLY_EXPOSED|FACE_FEMALE
e334406b0bf0bcd1931fd5066cffbd98.jpg,female_soft,ARMPITS_EXPOSED|BELLY_COVERED|FACE_FEMALE|FEMALE_BREAST_COVERED
e3ac02954516de545a7ca2e8d85cdadb.jpg,none,
e3b7e590cd807f61657dca69ed9eca15.jpg,male,BELLY_EXPOSED|MALE_GENITALIA_EXPOSED
e3db8ca44762d726d75d6e86c8fa63da.jpg,female_soft,FACE_FEMALE|FEMALE_BREAST_COVERED
e3dd67c845715f6179dceabfb077e820.jpg,female,ARMPITS_EXPOSED|FACE_FEMALE|FEMALE_BREAST_COVERED|FEMALE_BREAST_EXPOSED
e40784191451b15f601b488cd8a9f00f.jpg,none,BELLY_EXPOSED|FEMALE_BREAST_COVERED
e410f263c83cbe1e060200773f93562b.jpg,female_soft,BELLY_EXPOSED|BUTTOCKS_COVERED|BUTTOCKS_EXPOSED|FACE_FEMALE|FEMALE_BREAST_COVERED
e443eeb14cbdb84fc213b78e6e895e61.jpg,none,BUTTOCKS_COVERED
e45a10ee0bc15993e699d20dd58893d2.jpg,female_soft,BELLY_EXPOSED|FACE_FEMALE|FEMALE_BREAST_COVERED
e49fedf102b6abf50c139cca130ce031.jpg,female_soft,ARMPITS_EXPOSED|FACE_FEMALE|FEMALE_BREAST_COVERED
e4ae9a120c7c7d6d1dc79383c8996519.jpg,none,FEET_COVERED
e4cc3cacf0648f65731afbb4c628517c.jpg,female_soft,FACE_FEMALE
e5022dfc76773a81f9739ac26672f437.jpg,female_soft,FACE_FEMALE
e52923b94d96df8b1d03628e05f0ad26.jpg,none,
e52ccfc90eb118988728405299b5834d.jpg,none,
e5660d0181df830a8d93f501a5cafb1b.jpg,female_soft,ARMPITS_EXPOSED|BELLY_EXPOSED|FACE_FEMALE|FEMALE_BREAST_COVERED|FEMALE_GENITALIA_COVERED
e58535b38c2a4f344bf6530d179c2cba.jpg,female_soft,ARMPITS_EXPOSED|FACE_FEMALE|FEMALE_BREAST_COVERED
e5a789990d8324f53e478bba3b30ff9d.jpg,none,BUTTOCKS_COVERED|FEET_COVERED
e5cc81ac7806595e60717ff1e6e92605.jpg,female_soft,FACE_FEMALE|FEMALE_BREAST_COVERED
e5d3da29827822fa7b588718fed94fd8.jpg,none,
e5e4d43b6efe387ff7c1fce27191165a.jpg,none,
e606b347fa30954a18448775cf419fe1.jpg,none,BELLY_EXPOSED|FEET_COVERED|FEMALE_BREAST_COVERED
e613596e00093072bd1de0abce3ffe63.jpg,female_soft,FACE_FEMALE|FEMALE_BREAST_COVERED
e6348c698d1c838450072728fdfaa2bd.jpg,female,ARMPITS_EXPOSED|FACE_FEMALE|FEMALE_BREAST_EXPOSED
e6592cf07a73d3f80108bfe0ed538865.jpg,none,BELLY_EXPOSED|FEMALE_BREAST_COVERED
e674862fb3c500abdef28a19f2379e87.jpg,none,
e692101d5898caf6adf402ef675eb19b.jpg,none,ARMPITS_EXPOSED|BUTTOCKS_COVERED|FEET_COVERED
e6933e5dce7f2f3806a89b4196101fa3.jpg,none,
e6adb64d8c12fa148df77d587ed86da3.jpg,female_soft,FACE_FEMALE|FEMALE_BREAST_COVERED
e6be8474f3f7a2bb8d08cfb99a9aaf5a.jpg,none,BUTTOCKS_COVERED|BUTTOCKS_EXPOSED
e711ff350f0ae39d7a901c9284d75cc2.jpg,none,FEMALE_BREAST_COVERED
e718638dcc42f424f58722dd36d4fafa.jpg,female_soft,BELLY_COVERED|FACE_FEMALE|FEMALE_BREAST_COVERED
e723ce74678b5c756914fc791d630fbc.jpg,none,ARMPITS_EXPOSED|BUTTOCKS_EXPOSED|FEET_COVERED
e72ce6552249e4f9681544b0160fec0a.jpg,none,
e77cff5915038c5a4cb8990c1a23a5f9.jpg,none,
e793a6c253c69fc680f8cf850e3fb9c2.jpg,female_soft,ARMPITS_EXPOSED|FACE_FEMALE|FEET_EXPOSED|FEMALE_BREAST_COVERED
e79990c411ffaef654f2c47bec592b2a.jpg,none,ARMPITS_EXPOSED|FEMALE_BREAST_COVERED
e7ae7015637e3287877b2acc09aae70c.jpg,none,BUTTOCKS_COVERED|FEET_COVERED|FEMALE_BREAST_COVERED
e7bfe1218f24b260854042cb63f1f500.jpg,none,BELLY_EXPOSED|FEMALE_GENITALIA_COVERED
e7d1169b97edf6c4d9fdea19ab4a9df4.jpg,female_soft,ARMPITS_EXPOSED|BELLY_EXPOSED|FACE_FEMALE
e7e5fbb5490f4dc13094a8e2ae5ff635.jpg,none,BELLY_EXPOSED|FEMALE_BREAST_COVERED
e7e7c117310199c2b37eb759d3aaf84a.jpg,none,
e7f3612fe88debce1bb69a2a59ebbc2c.jpg,female_soft,FACE_FEMALE|FEMALE_BREAST_COVERED
e7f51e891815f11ea03067ddbee27e88.jpg,none,BELLY_EXPOSED
e7fe24cd54098c64a318804f379c607c.jpg,female_soft,ARMPITS_EXPOSED|BUTTOCKS_EXPOSED|FACE_FEMALE
e80aaeeab943841b4dfaa93bd2951f3e.jpg,male,FACE_FEMALE|MALE_GENITALIA_EXPOSED
e83b3f93f4f73d4b5614120486934ff9.jpg,female_soft,BUTTOCKS_COVERED|FACE_FEMALE|FEET_COVERED|FEMALE_BREAST_COVERED
e86574865b25d30b5f5459ea90bf3aea.jpg,female_soft,ARMPITS_EXPOSED|BELLY_EXPOSED|FACE_FEMALE|FEMALE_BREAST_COVERED|FEMALE_GENITALIA_COVERED
e8e5766348435cfee5bc5e2de03c676d.jpg,none,
e9256272034f4f7ad2cb7d7a87c22bbb.jpg,female_soft,FACE_FEMALE
e92f7b67f566cbe7b8bb3c583129689c.jpg,female_soft,ARMPITS_EXPOSED|BELLY_EXPOSED|FACE_FEMALE|FEMALE_BREAST_COVERED
e945880148c60431a1a3bbb770b505f3.jpg,none,BELLY_EXPOSED|FEET_COVERED|FEMALE_BREAST_COVERED|FEMALE_GENITALIA_COVERED
e9538d17bb96863bdd6ebdc88c099b31.jpg,none,FEMALE_BREAST_COVERED
e97f64ef9ac4f32533e6e40fe12aba86.jpg,female_soft,ARMPITS_EXPOSED|FACE_FEMALE|FEET_COVERED|FEMALE_BREAST_COVERED|FEMALE_GENITALIA_COVERED
e9a2074ffdcc29f36a52cefe4db88acd.jpg,female_soft,BELLY_EXPOSED|FACE_FEMALE|FEMALE_BREAST_COVERED
e9a8b9f9bdb8f16728f1b1a0ea2af618.jpg,female_soft,ARMPITS_EXPOSED|BELLY_EXPOSED|FACE_FEMALE|FEMALE_BREAST_COVERED
e9fc8e9e3d85dc3708b1f970d4b7335d.jpg,none,
ea058ee2f0ad5d929d1cd271c37090d8.jpg,female_soft,ARMPITS_EXPOSED|FACE_FEMALE|FEMALE_BREAST_COVERED
ea0a80a0f23822cc856e2701fe63d1a4.jpg,none,BUTTOCKS_COVERED|FEET_COVERED
ea0ea3753dfb231070bc16214a197f10.jpg,none,FEET_EXPOSED
ea1b0cb514db336316107ed9ab1c58c3.jpg,both_soft,ARMPITS_EXPOSED|BELLY_EXPOSED|FACE_FEMALE|FACE_MALE|MALE_BREAST_EXPOSED
ea23ba3ad993c80a2fff2b47a81f8d19.jpg,female_soft,ARMPITS_EXPOSED|BELLY_EXPOSED|FACE_FEMALE|FEMALE_BREAST_COVERED
ea3a29ef17997dfa0ef9357d664dbf19.jpg,female_soft,FACE_FEMALE|FEET_EXPOSED|FEMALE_BREAST_COVERED
ea45b060386230a50af320814dd7fbad.jpg,female_soft,FACE_FEMALE|FEMALE_BREAST_COVERED
ea6abd90f11b3e840de6766a30223a1f.jpg,female_soft,FACE_FEMALE
ea78b44b56a76129c6d5944a68e34cba.jpg,none,
ea83d2a105cf2b27178434cddf6eb53a.jpg,female_soft,BELLY_EXPOSED|FACE_FEMALE|FEMALE_BREAST_COVERED|FEMALE_GENITALIA_COVERED
ea960b441d80d30ca347e73411c4ed54.jpg,female_soft,FACE_FEMALE|FEMALE_BREAST_COVERED|FEMALE_GENITALIA_COVERED
eaa5779fa53fe8691bf19a7a86a98cd3.jpg,female_soft,FACE_FEMALE
eaf1b54b8d40b976f5a06379373ac3e5.jpg,none,
eaf32e685e3e09dcdcc770c925f4f7b7.jpg,none,
eb117c8b56907ec637ce2fc291c400ed.jpg,female_soft,BELLY_EXPOSED|FACE_FEMALE|FEMALE_BREAST_COVERED|FEMALE_GENITALIA_COVERED
eb27a1ec7c4c7aef694ea08ecf0a2004.jpg,none,FEMALE_BREAST_COVERED
eb33f5b6c8a70ba40c4e64ba9e4ac8bb.jpg,none,FEET_COVERED|FEET_EXPOSED
eb3955383a89179641f3e4e83b91eb3a.jpg,female_soft,ARMPITS_EXPOSED|BELLY_EXPOSED|FACE_FEMALE|FEMALE_BREAST_COVERED|FEMALE_GENITALIA_COVERED
eb4dd424c4880f0173fa509e9b53f19e.jpg,female,FEMALE_BREAST_EXPOSED
eb5451ed8cc0b72f24390b770972f88c.jpg,female_soft,FACE_FEMALE|FEMALE_BREAST_COVERED
eb6e9316288ef14cfa082778f45738ef.jpg,none,
eb9051e2482adae60aa8bfd74c105c96.jpg,female_soft,ARMPITS_EXPOSED|BELLY_COVERED|FACE_FEMALE|FEMALE_BREAST_COVERED
ebbe0be3d3d7bff93ca2dc07766bfc26.jpg,female,BELLY_EXPOSED|FEMALE_BREAST_EXPOSED
ebe3a900938fed712496e1597985eeae.jpg,female_soft,FACE_FEMALE
ebfc8c567f3b9153f3468d89dd5c91e7.jpg,female_soft,FACE_FEMALE|FEMALE_BREAST_COVERED
ec3c0427840afce872cee9d817c8cd24.jpg,female_soft,ARMPITS_EXPOSED|BELLY_EXPOSED|FACE_FEMALE|FEMALE_BREAST_COVERED|FEMALE_GENITALIA_COVERED
ec432cd66e585dc74719b901e5e3e4c3.jpg,female,BELLY_EXPOSED|FACE_FEMALE|FEMALE_BREAST_EXPOSED|FEMALE_GENITALIA_COVERED
ec8761cdffdeb3618c9ca164e22b2eac.jpg,female,FACE_FEMALE|FEMALE_BREAST_EXPOSED
ec8c2f14a7f03c71858c93676568cfa5.jpg,none,FEMALE_BREAST_COVERED
eca2da9f171b645fee1e5ee5beb66cfd.jpg,female_soft,FACE_FEMALE|FEMALE_BREAST_COVERED
ecd040d784ae40e1d3b269c7ef545da6.jpg,none,ARMPITS_EXPOSED|BUTTOCKS_EXPOSED
ecdd67629090b794cbd33b7c999f4fca.jpg,female,BELLY_EXPOSED|FEMALE_BREAST_COVERED|FEMALE_BREAST_EXPOSED|FEMALE_GENITALIA_COVERED
ed053b4d1d347fa20326e50f04a9060e.jpg,female_soft,FACE_FEMALE
ed1b9a5fdb1f467676cde6adaf5e7233.jpg,none,FEMALE_BREAST_COVERED
ed33a1ac98865c568c52298c75845595.jpg,female_soft,BELLY_EXPOSED|FACE_FEMALE|FEMALE_BREAST_COVERED|FEMALE_GENITALIA_COVERED
ed436fe8992e2e4876282731bb813ffb.jpg,female,ARMPITS_EXPOSED|BELLY_EXPOSED|FACE_FEMALE|FEMALE_BREAST_EXPOSED
ed627b64f5f3a08414d235730e5a143b.jpg,none,FEET_EXPOSED|FEMALE_GENITALIA_COVERED
ed881119c32a47e121f46c840f0e5fd0.jpg,none,BUTTOCKS_COVERED|FEMALE_BREAST_COVERED
edac2f83b6016ebdf5897826be179833.jpg,female_soft,ARMPITS_EXPOSED|FACE_FEMALE|FEMALE_BREAST_COVERED
edca08500bc4434da7566ba573ec1e4b.jpg,female_soft,ARMPITS_EXPOSED|BUTTOCKS_COVERED|FACE_FEMALE|FEMALE_BREAST_COVERED
eddeb73092a724997e9707e734e2ce00.jpg,none,BELLY_EXPOSED
ede951202b5df6f8b3cef993623393c6.jpg,female_soft,ARMPITS_EXPOSED|FACE_FEMALE|FEMALE_BREAST_COVERED
edff067fa4a55e4516dcad808b9af790.jpg,none,BELLY_EXPOSED|FEMALE_BREAST_COVERED
ee20783cdc2961b256ea42a3dc306849.jpg,none,
ee68739034f314b9a8eee28d4d5df107.jpg,female_soft,FACE_FEMALE
ee7419c3c05d68527bf4623923d2aaed.jpg,none,
ee918651257496a43c2bc8c5f8382f49.jpg,none,BELLY_EXPOSED|FEMALE_GENITALIA_COVERED
eea627bed6429640c7b33be12518f65c.jpg,female_soft,ARMPITS_EXPOSED|BELLY_EXPOSED|FACE_FEMALE|FEMALE_BREAST_COVERED
eeb0f3e63647552e550f21df26f49bf0.jpg,female_soft,FACE_FEMALE|FEMALE_BREAST_COVERED
eec0c595a45845aeef7ef517bbd7bb61.jpg,none,ARMPITS_EXPOSED|BUTTOCKS_EXPOSED
eec362b468cf11653ed064616457ebbf.jpg,female,ARMPITS_EXPOSED|BELLY_EXPOSED|FACE_FEMALE|FEMALE_BREAST_EXPOSED|FEMALE_GENITALIA_COVERED
eed51b8d18996b271a1b47359170aebd.jpg,none,
ef1e1f3a89889b1af6589f987b1923f7.jpg,none,BUTTOCKS_COVERED
ef38126c05b79d8a4e752b324b77bd26.jpg,female_soft,FACE_FEMALE|FEMALE_BREAST_COVERED
ef77fc5152b6c88ab62d24b6b41b40ed.jpg,female,ARMPITS_EXPOSED|FACE_FEMALE|FEMALE_BREAST_COVERED|FEMALE_BREAST_EXPOSED
ef8079623cfa3223926c7e1a2b6976ab.jpg,female_soft,FACE_FEMALE|FEMALE_BREAST_COVERED
ef872c6fe1b2a7d9bb0833b92ddcc6ca.jpg,none,
ef9c190df28121e117b640ea7c9206f1.jpg,none,BUTTOCKS_EXPOSED
efaea15791d1ab68bf45d19c5d0fcb23.jpg,female_soft,FACE_FEMALE
eff35c3c509170dd5b7de1ae2e7f8b68.jpg,female_soft,FACE_FEMALE|FEMALE_BREAST_COVERED
eff60164585ae6e430d1879252e9a7b8.jpg,female,BELLY_EXPOSED|FACE_FEMALE|FEMALE_BREAST_COVERED|FEMALE_BREAST_EXPOSED
effcd6bcdae4d5aaaa3adc4f00dcf0bb.jpg,none,BUTTOCKS_EXPOSED|FEMALE_BREAST_COVERED
effde0eed04665d3272bcdf1465ce961.jpg,female_soft,FACE_FEMALE|FEET_EXPOSED
f04a9eae6cba39c2cd787e854c3a911d.jpg,none,
f050d7bef46e482f392a5120c7945755.jpg,none,
f07e5e43c20851b3ebb937f65c304e1b.jpg,none,
f0c50f1ff7c93a6e0ddd73d78129b9fd.jpg,none,FEET_COVERED
f0e1e7ee4b998f0011932863c2005db4.jpg,female_soft,BELLY_EXPOSED|FACE_FEMALE|FEMALE_BREAST_COVERED
f140d68e2670940b5595448b2a847d98.jpg,female_soft,ARMPITS_EXPOSED|FACE_FEMALE|FEMALE_BREAST_COVERED
f17556e5ff404ab6c620ea6fdd40d4ca.jpg,female,FACE_FEMALE|FEMALE_BREAST_COVERED|FEMALE_BREAST_EXPOSED
f181bf66e7f5cc55b876ad20b010840f.jpg,female_soft,ARMPITS_EXPOSED|BELLY_EXPOSED|FACE_FEMALE|FEMALE_BREAST_COVERED
f19508a55dcb305ba8ebb649ff1edca6.jpg,female_soft,FACE_FEMALE
f196827a3567e3b6b22a391379bc1cdf.jpg,none,ARMPITS_EXPOSED|BELLY_EXPOSED|FEMALE_BREAST_COVERED
f1c8a41996a555d790432e3c60cc4859.jpg,female_soft,ARMPITS_EXPOSED|FACE_FEMALE
f22495205ba00583bf4f281761caa0b1.png,none,
f2446f0c7c9070f71fcfe14615070e37.jpg,none,BUTTOCKS_COVERED|BUTTOCKS_EXPOSED
f245209fc6a8acb8575475bb54bf686b.jpg,none,BUTTOCKS_COVERED
f2728d7a96a5bc9bbd39cdff8103f08d.jpg,none,BUTTOCKS_EXPOSED
f2a8f11dad3b0e28e135706cf7ade7d0.jpg,female_soft,BUTTOCKS_EXPOSED|FACE_FEMALE|FEET_COVERED
f2e31b2d91acc354feeb2b8b295f614c.jpg,female_soft,ARMPITS_EXPOSED|BELLY_EXPOSED|FACE_FEMALE|FEMALE_BREAST_COVERED
f2ed8c692ae75eb10d9c407b231a1f88.jpg,female_soft,ARMPITS_EXPOSED|FACE_FEMALE
f305d685a2cba939061d8b93bb405d83.jpg,none,FEMALE_BREAST_COVERED
f312a296f7c4da02f7e14ac9a2d1aaca.jpg,none,BELLY_EXPOSED|BUTTOCKS_EXPOSED|FEMALE_BREAST_COVERED
f33b8ed0a28498c61c0db611c6c95388.jpg,female_soft,BELLY_EXPOSED|FACE_FEMALE|FEET_COVERED
f3529f195152c68e847e015d7fc7895e.jpg,none,
f3b7c977c7f04ebdad9fc8aafe0d87eb.jpg,female_soft,FACE_FEMALE|FEET_COVERED|FEMALE_BREAST_COVERED
f3cb9259d7089a9f023788e8f8e26b13.jpg,female_soft,ARMPITS_EXPOSED|FACE_FEMALE|FEMALE_BREAST_COVERED
f422dba9b605a08aa2e6ef7ad768d162.jpg,female_soft,ARMPITS_EXPOSED|BELLY_EXPOSED|FACE_FEMALE|FEMALE_BREAST_COVERED|FEMALE_GENITALIA_COVERED
f4256267fed169120ab06d13f41f5fa0.jpg,none,BUTTOCKS_EXPOSED
f42dd35f88ca48db4eef8c7714cf000e.jpg,none,BUTTOCKS_EXPOSED|FEMALE_GENITALIA_COVERED
f43027bb539f87660387a31ede2dd5fa.jpg,none,FEMALE_BREAST_COVERED
f43abe7b8601db2e6150b9f0fdc481fc.jpg,female_soft,ARMPITS_EXPOSED|FACE_FEMALE
f444e2f4732eac5a1ad8c332c7c2f2a1.jpg,female_soft,BELLY_EXPOSED|FACE_FEMALE|FEMALE_BREAST_COVERED
f47e305b48890fbb56fecd53c6cb4da1.jpg,female_soft,FACE_FEMALE|FEET_COVERED|FEMALE_BREAST_COVERED
f49232cdb60023778fc068d45fc01740.jpg,female_soft,BUTTOCKS_COVERED|FACE_FEMALE|FEMALE_BREAST_COVERED
f497dc417a4829c3c6e8c5fb309a1fc6.jpg,female,ARMPITS_EXPOSED|BELLY_EXPOSED|FEMALE_BREAST_EXPOSED|FEMALE_GENITALIA_COVERED|MALE_BREAST_EXPOSED
f4ccbc1d21bbbcf99a588b76022233c4.jpg,none,
f4fb461ba89ca793c4da2a7cd15cd8ab.jpg,female_soft,FACE_FEMALE|FEMALE_BREAST_COVERED
f531758adc24021629fac655a467cc20.jpg,both_soft,FACE_FEMALE|FACE_MALE|FEMALE_BREAST_COVERED
f53541b7b79e4bd6f50c2c82ea55d068.jpg,none,BELLY_EXPOSED
f5358361a50fd28bb0c97a7f92b2ec82.jpg,female_soft,FACE_FEMALE
f54c1b4d330e8d9036afe6708a19c40b.jpg,female_soft,ARMPITS_EXPOSED|FACE_FEMALE|FEET_COVERED|FEMALE_BREAST_COVERED
f552ece2e23fd076162f845ad92f417f.jpg,none,BUTTOCKS_COVERED|BUTTOCKS_EXPOSED|FEET_EXPOSED
f5558db41cd6652098056003b8fad273.jpg,female,BELLY_EXPOSED|FEMALE_BREAST_EXPOSED
f563d146f9b1a0772d975ed5d4f0c8c2.jpg,none,
f56d2bb08f98189be810a0a30ad9929f.jpg,none,BUTTOCKS_EXPOSED
f573a9ac589a2fda6e8d22baf624c65b.jpg,none,FEMALE_BREAST_COVERED
f57448448a98248dd8f6153de6cc5469.jpg,female_soft,ARMPITS_EXPOSED|FACE_FEMALE|FEMALE_BREAST_COVERED
f5752b7247f10cf018e9b678f8827e29.jpg,male_soft,ARMPITS_EXPOSED|BELLY_EXPOSED|MALE_BREAST_EXPOSED
f57cb080bd5aefc683add3adda47a14a.jpg,female,ARMPITS_EXPOSED|BELLY_EXPOSED|FACE_FEMALE|FEMALE_BREAST_EXPOSED
f59c2c20a47dce4fefeb497ed99d8fbd.jpg,none,BUTTOCKS_COVERED|FEMALE_GENITALIA_COVERED
f5dc51fd0cb048416da0df3fe2ad66c7.jpg,female_soft,FACE_FEMALE|FEET_COVERED|FEMALE_BREAST_COVERED
f5fd4abcbea99736d78ad411157adde9.jpg,female_soft,BELLY_EXPOSED|FACE_FEMALE|FEMALE_BREAST_COVERED
f604ea8f14015adb22d90b375ea21cf1.jpg,female_soft,BELLY_EXPOSED|FACE_FEMALE|FEMALE_BREAST_COVERED
f60fda715cc0b6acdfb9fe382e3835c0.jpg,female_soft,ARMPITS_EXPOSED|BELLY_EXPOSED|FACE_FEMALE|FEET_EXPOSED|FEMALE_BREAST_COVERED|FEMALE_GENITALIA_COVERED
f61945c04c5327271c24e1a89d854c02.jpg,female_soft,ARMPITS_EXPOSED|FACE_FEMALE|FEMALE_BREAST_COVERED
f62a8b33557ed53c74e982edc50025b1.jpg,female,ARMPITS_EXPOSED|BELLY_EXPOSED|BUTTOCKS_EXPOSED|FACE_FEMALE|FEMALE_BREAST_EXPOSED
f65f450ce2c37cca75f0df204fe7ca3b.jpg,none,BELLY_EXPOSED|FEMALE_BREAST_COVERED
f68384484aab06dbb9f934adf4a94a3a.jpg,female_soft,FACE_FEMALE|FEMALE_BREAST_COVERED
f6b6ad4f2ae2bcc550f73ea28de86a99.jpg,none,FEET_COVERED
f6c4b045c94f1a7517f9a340a7283a1b.jpg,none,BELLY_EXPOSED|BUTTOCKS_EXPOSED
f6c7d81915190b6ae2ab26eb8dca266f.jpg,female_soft,ARMPITS_EXPOSED|BELLY_EXPOSED|FACE_FEMALE|FEMALE_BREAST_COVERED
f6c963425cb302d1df1cb1d3b05eb964.jpg,female,FACE_FEMALE|FEMALE_BREAST_EXPOSED
f6d5276d49360567342cd2ad40ecfedc.jpg,female_soft,FACE_FEMALE
f6e10fccbfa33c55ec4f300cf42063a5.jpg,female_soft,FACE_FEMALE
f716909063561b11cf6330fa7c4fe721.jpg,female,BUTTOCKS_COVERED|BUTTOCKS_EXPOSED|FACE_FEMALE|FEMALE_BREAST_EXPOSED
f74dcbb8ab468303db723251e27df363.jpg,female_soft,ARMPITS_EXPOSED|FACE_FEMALE|FEMALE_BREAST_COVERED
f792372815ff4f6bd88a0f6f28fef853.jpg,none,
f7bd46d3bc3b1ae41554eb149caa5fc2.jpg,none,BUTTOCKS_COVERED|FEET_EXPOSED
f818e806b0d1308b18895c47940d3840.jpg,female_soft,FACE_FEMALE
f825454fdb988fbed477aedd63742f99.jpg,female_soft,FACE_FEMALE|FEMALE_BREAST_COVERED
f8ad427fbdd11a51ca17a2db1bf66d7d.jpg,both_soft,FACE_FEMALE|FACE_MALE
f93beb33b0b856869e9b5cef197b8c74.jpg,female_soft,FACE_FEMALE
f94bc66e4ff88c5821b6ef945a72896b.jpg,female,ARMPITS_EXPOSED|BELLY_EXPOSED|FACE_FEMALE|FEMALE_BREAST_COVERED|FEMALE_BREAST_EXPOSED|FEMALE_GENITALIA_COVERED
f952c59fca08aa92f86700216927a83f.jpg,female,ARMPITS_EXPOSED|BELLY_EXPOSED|FEET_EXPOSED|FEMALE_BREAST_EXPOSED
f960a68388ae68e472264779cefa1a2c.jpg,female_soft,FACE_FEMALE|FEMALE_BREAST_COVERED
f992cd60fecf4c7493d4db905626d57e.jpg,female,FEMALE_BREAST_EXPOSED
f9a331f85d34ce22d1a34ca59b915e76.jpg,female_soft,FACE_FEMALE|FEMALE_BREAST_COVERED
f9c7175b7a8b1b6bb5b0e2566cab7ab5.jpg,female_soft,FACE_FEMALE|FEMALE_BREAST_COVERED
f9e76c451909645e5bb9cfccfff7401b.jpg,none,BELLY_EXPOSED|FEMALE_BREAST_COVERED|FEMALE_GENITALIA_COVERED
fa3ee3b84099a997c52a6feaba976ef0.jpg,female,FACE_FEMALE|FEMALE_BREAST_EXPOSED
fa52c07ac2a9b7783bd5fae55433fc71.jpg,female_soft,FACE_FEMALE|FEMALE_BREAST_COVERED
fa6036e36b4fa3e7f6f0a7eaab91db9c.jpg,female_soft,FACE_FEMALE
fa8553b23580e85fe4a1ebe23e6292cb.jpg,female_soft,FACE_FEMALE|FEMALE_BREAST_COVERED
fa8b5689b289f83662c4055935f251a9.jpg,female_soft,ARMPITS_EXPOSED|BELLY_EXPOSED|FACE_FEMALE|FEMALE_BREAST_COVERED|FEMALE_GENITALIA_COVERED
fa9918e8f268d27167ef4c1015713f4b.jpg,both_soft,FACE_FEMALE|FACE_MALE|MALE_BREAST_EXPOSED
faaad3358a4aee0067e53a4a927d0458.jpg,female_soft,BELLY_EXPOSED|FACE_FEMALE|FEMALE_BREAST_COVERED|FEMALE_GENITALIA_COVERED
facbd4fe24dca0056e8b6ccc0285c99d.jpg,female_soft,ARMPITS_EXPOSED|FACE_FEMALE|FEMALE_BREAST_COVERED
facee4cbc787c440cbb339adce35f1c8.jpg,female,ARMPITS_EXPOSED|BELLY_EXPOSED|FACE_FEMALE|FEMALE_BREAST_COVERED|FEMALE_BREAST_EXPOSED|FEMALE_GENITALIA_COVERED
fae8b7d33a0bd4de65fa3078cb41f5ca.jpg,female,ARMPITS_EXPOSED|BELLY_COVERED|FACE_FEMALE|FEET_COVERED|FEMALE_BREAST_COVERED|FEMALE_BREAST_EXPOSED|FEMALE_GENITALIA_COVERED
faf761925d6842679269366fdfceb043.jpg,female,ARMPITS_EXPOSED|FACE_FEMALE|FEMALE_BREAST_EXPOSED
fafa8f1e5ba272382e89e743809ddc89.jpg,female_soft,FACE_FEMALE
fb00f22e12021f4084b76975768d6c17.jpg,female,BUTTOCKS_EXPOSED|FEMALE_BREAST_EXPOSED
fb0e49ed06e45399b18189e78cb96ee3.jpg,female_soft,FACE_FEMALE|FEMALE_BREAST_COVERED
fb1d1bcb297629a7d3a75ff90ee2574b.jpg,female_soft,BELLY_EXPOSED|FACE_FEMALE|FEET_EXPOSED|FEMALE_BREAST_COVERED|FEMALE_GENITALIA_COVERED
fb40bd664745c17aa65367bd42bc25cd.jpg,none,FEET_COVERED
fb58db2c94b5d13ae8e121a0b68ece76.jpg,female_soft,BELLY_EXPOSED|FACE_FEMALE|FEMALE_BREAST_COVERED
fb66a85bbd9594e1459cf39e89e04470.jpg,none,
fb6c985ea59018d933dc89183fe4dc6b.jpg,female_soft,FACE_FEMALE|FEMALE_BREAST_COVERED
fb9ce7c0474a121eb8c11320595d31fd.jpg,none,
fbd7c2e9c5f21fd412807eed8d10b5b0.jpg,none,ARMPITS_EXPOSED|FEMALE_BREAST_COVERED
fbd82542d44dc5c56307f8636d0560c7.jpg,none,BUTTOCKS_EXPOSED
fc12f0b1a8e5a5f81a1dded7f2e0b344.jpg,male_soft,FACE_MALE|FEET_EXPOSED|MALE_BREAST_EXPOSED
fc2236b988f60d7468ff641f534cfd5b.jpg,female_soft,BELLY_EXPOSED|FACE_FEMALE|FEET_COVERED|FEMALE_BREAST_COVERED
fc411ab60b36a30410e9b224b17ddf0d.jpg,female_soft,ARMPITS_EXPOSED|FACE_FEMALE|FEMALE_BREAST_COVERED
fc41fb6c3cf955c9df12ba6facd8beab.jpg,both_soft,ARMPITS_EXPOSED|BELLY_EXPOSED|FACE_FEMALE|MALE_BREAST_EXPOSED
fc61cb7a56eb33027f15ade334d3f1cb.jpg,none,
fc72c583b0e00cf15e3106f5d5a27763.jpg,both_soft,ARMPITS_EXPOSED|BELLY_EXPOSED|FACE_FEMALE|FACE_MALE|FEMALE_BREAST_COVERED|FEMALE_GENITALIA_COVERED
fc8019020bdbd3ad778afbb55a903359.jpg,none,BUTTOCKS_EXPOSED
fca59f252c660da18ce270532b07e0bb.jpg,female_soft,FACE_FEMALE|FEET_COVERED
fcc3e120fed38e14f82e31d4c9c35d96.jpg,none,FEET_EXPOSED
fcdcc3d9664471f023d0477232553fbf.jpg,none,
fd102d4d527e8acc567f0ac6e4847cb3.jpg,none,BUTTOCKS_COVERED
fd1718951a2d08b501e34fca3174f0af.jpg,none,BUTTOCKS_EXPOSED|FEMALE_GENITALIA_COVERED
fd42ad34bc17b975be8dfabe350f0471.jpg,female,BELLY_EXPOSED|FACE_FEMALE|FEMALE_BREAST_EXPOSED|FEMALE_GENITALIA_COVERED
fd6447fba9dbe4d716feb7d670991fe3.jpg,female_soft,BELLY_COVERED|FACE_FEMALE|FEMALE_BREAST_COVERED|FEMALE_GENITALIA_COVERED
fd7a7e003510036aed3fd8be3f5ac81e.jpg,none,FEMALE_GENITALIA_COVERED
fd9f3494cd989e81691fdc1e5bcd7767.jpg,none,
fd9fc3506fcdc9dfc30976ff0b20444a.jpg,female_soft,ARMPITS_EXPOSED|BELLY_EXPOSED|FACE_FEMALE|FEMALE_BREAST_COVERED
fdcc03818d959e3f0913cdaab7892157.jpg,both_soft,FACE_FEMALE|FACE_MALE|FEMALE_BREAST_COVERED
fdd98e91dc308a89d9c47f1953d2b7c5.jpg,none,BUTTOCKS_EXPOSED
fe10dc13c527e03d1dbe2b6e9d5eef86.jpg,female_soft,FACE_FEMALE|FEMALE_BREAST_COVERED
fe210028d4ae35b16b0d654a69750526.jpg,none,FEMALE_BREAST_COVERED
fe2d9c3f009d3e31fc0215fdf04287de.jpg,female_soft,FACE_FEMALE|FEMALE_BREAST_COVERED
fe3d21b95aa0994be484cc83377c8d5e.jpg,female_soft,ARMPITS_EXPOSED|FACE_FEMALE|FEMALE_BREAST_COVERED
fe4d74b21e27dbed082e5adef264acaf.jpg,none,BUTTOCKS_EXPOSED
fe92faf91f191f7ec942b11ba3c2f2ed.jpg,female_soft,FACE_FEMALE|FEMALE_BREAST_COVERED
fe9556ba1a5382fb9735783d56e2daa3.jpg,none,BUTTOCKS_EXPOSED|FEET_COVERED
fe9ce682cf05793633ad99e945a7ae12.jpg,female_soft,ARMPITS_EXPOSED|FACE_FEMALE|FEMALE_BREAST_COVERED
fe9feb231710d6a2c21ce79f4f5774a6.jpg,none,
fea974efea983a2f400f51d7ed5adc12.jpg,female,BELLY_COVERED|FACE_FEMALE|FEMALE_BREAST_COVERED|FEMALE_BREAST_EXPOSED|FEMALE_GENITALIA_COVERED
febcc1b30dc9d5101999a944d03119ba.jpg,female_soft,FACE_FEMALE
fecdeda40a61711b60f3e0f20dc2d8ec.jpg,none,
fed9dfcfd5183f2cde201a58ffee2d47.jpg,female_soft,ARMPITS_EXPOSED|BELLY_EXPOSED|FACE_FEMALE|FEET_COVERED|FEMALE_BREAST_COVERED|FEMALE_GENITALIA_COVERED
fee3ef2b62c14d1e8f1b420f2c0db9a3.jpg,female_soft,FACE_FEMALE
ff000abf757b556ac77b1f4e1f372b6b.jpg,female_soft,BELLY_EXPOSED|FACE_FEMALE|FEMALE_BREAST_COVERED|FEMALE_GENITALIA_COVERED
ff013bb07d61050c41ec90f42593fed9.jpg,female,BELLY_EXPOSED|FACE_FEMALE|FEMALE_BREAST_EXPOSED
ff2a0eaa650fe6b1aba2ae435f72302f.png,female_soft,FACE_FEMALE
ff4afa2c2b3bf881dd80647e2d32fda5.jpg,female_soft,ARMPITS_EXPOSED|FACE_FEMALE|FEMALE_BREAST_COVERED
ff6591136587b9f19e8ba1557cbc1319.jpg,none,
ff71e367e388c7d26c68d27e0f4a37bd.jpg,female_soft,ARMPITS_EXPOSED|FACE_FEMALE|FEMALE_BREAST_COVERED
ff7c8a5bb7ae2d821c6cdf4423a26ff7.jpg,none,
ffe0b9201b908e91aa61cd6ca61091cc.jpg,female_soft,FACE_FEMALE
ffe7e7ef4261aa7229e3dd33c08c79b6.jpg,none,
fff32d8987a229b8a7ca48492b472bb1.jpg,none,
