ID,NAME,TIME,TEXT,ROLE,HATE,TARGET,VERBAL_ABUSE,INTENTION,CONTEXT,SENTIMENT,scenario,theme
0,<Adrien-Harceleur>,[2:41:37 PM],WESH silvia pk tu vien et tu fou la merde dans les couple,bully,OAG,victim,OTH,AIN,NULL,NEG,scenario_ethnicity_Sylvia_Adrien,ethnicity
1,<Théo-Soutien-Harceleur>,[2:42:10 PM],grave tu viens et tu pécho d'autre gars,bully_support,OAG,victim,DNG,AIN,AIN,NEG,scenario_ethnicity_Sylvia_Adrien,ethnicity
2,<Silvia-Victime>,[2:42:12 PM],tu parle de quoi c'est lucas qui a foutu la merde,victim,NAG,NULL,NULL,CNS,AIN,NEU,scenario_ethnicity_Sylvia_Adrien,ethnicity
3,<Théo-Soutien-Harceleur>,[2:42:56 PM],vas y t'es tellement une pute que tu irai draguer meme les mecs de tes copines,bully_support,OAG,victim,DNG,ATK,CNS,NEG,scenario_ethnicity_Sylvia_Adrien,ethnicity
4,<Silvia-Victime>,[2:43:34 PM],nan mais les gars calmez vous quoi si lucas c'est lui la pute j'y peu rien,victim,OAG,NULL,NCG,DFN,ATK,NEG,scenario_ethnicity_Sylvia_Adrien,ethnicity
5,<Théo-Soutien-Harceleur>,[2:44:40 PM],Lucas c'est mon meilleur je le connais tu lui a promis des nudes c'est pour ca quil ta embrassé il sortirait jamais avec une serbe et moche en plus,bully_support,OAG,victim,DNG,ATK,DFN,NEG,scenario_ethnicity_Sylvia_Adrien,ethnicity
6,<Silvia-Victime>,[2:45:34 PM],Lucas il ma di qu'il voulait pas rester avecc sophie,victim,NAG,NULL,NULL,CNS,ATK,NEU,scenario_ethnicity_Sylvia_Adrien,ethnicity
7,<Théo-Soutien-Harceleur>,[2:45:51 PM],mon cul:@,bully_support,OAG,victim,OTH,ATK,CNS,NEG,scenario_ethnicity_Sylvia_Adrien,ethnicity
8,<Camille-Soutien-Harceleur>,[2:46:06 PM],aller niquez vos mere,bully_support,OAG,victim,OTH,ATK,CNS,NEG,scenario_ethnicity_Sylvia_Adrien,ethnicity
9,<Soan-Soutien-Victime>,[2:46:15 PM],toi nike ta mere sallle pute,victim_support,OAG,bully_support,OTH,DFN,ATK,NEG,scenario_ethnicity_Sylvia_Adrien,ethnicity
10,<Adrien-Harceleur>,[2:46:33 PM],lucas etait en couple et toi tu est tjr la tu fou la merde en plus tu savai,bully,OAG,victim,BLM,ATK,CNS,NEG,scenario_ethnicity_Sylvia_Adrien,ethnicity
11,<Soan-Soutien-Victime>,[2:46:50 PM],laisser silivia tranquille avant je vous encule bande de cave,victim_support,OAG,bully/bully_support,OTH,DFN,ATK,NEG,scenario_ethnicity_Sylvia_Adrien,ethnicity
12,<Camille-Soutien-Harceleur>,[2:47:05 PM],sa ser a rien de le défendre t qune pute assumee suceuse,bully_support,OAG,victim_support,NCG,ATK,DFN,NEG,scenario_ethnicity_Sylvia_Adrien,ethnicity
13,<Soan-Soutien-Victime>,[2:47:12 PM],et alors lucas il est moche,victim_support,OAG,NULL,DNG,DFN,ATK,NEG,scenario_ethnicity_Sylvia_Adrien,ethnicity
14,<Adrien-Harceleur>,[2:47:20 PM],tu va rien faire c'est de sa faute,bully,OAG,victim,BLM,ATK,DFN,NEG,scenario_ethnicity_Sylvia_Adrien,ethnicity
15,<Soan-Soutien-Victime>,[2:47:27 PM],ta mere la reine des salope,victim_support,OAG,bully,OTH,DFN,ATK,NEG,scenario_ethnicity_Sylvia_Adrien,ethnicity
16,<Silvia-Victime>,[2:47:34 PM],lucas jmen balek il a qu'a rester avec sa sophie c'est elle qui est moche,victim,OAG,NULL,OTH,DFN,ATK,NEG,scenario_ethnicity_Sylvia_Adrien,ethnicity
17,<Théo-Soutien-Harceleur>,[2:47:42 PM],qu'est qu'elle a l'autre rousse? tu défend les putes,bully_support,OAG,victim/victim_support,NCG,ATK,DFN,NEG,scenario_ethnicity_Sylvia_Adrien,ethnicity
18,<Soan-Soutien-Victime>,[2:47:53 PM],piste ta tete endirerb un monstre poto,victim_support,OAG,bully_support,NCG,DFN,ATK,NEG,scenario_ethnicity_Sylvia_Adrien,ethnicity
19,<Théo-Soutien-Harceleur>,[2:48:02 PM],c'est toi la moche sale serbe de mes couilles,bully_support,OAG,victim_support,DNG,ATK,DFN,NEG,scenario_ethnicity_Sylvia_Adrien,ethnicity
20,<Soan-Soutien-Victime>,[2:48:21 PM],moi silvia on est les plus belle bande de fdp,victim_support,OAG,bully/bully_support,NCG,DFN,NULL,NEG,scenario_ethnicity_Sylvia_Adrien,ethnicity
21,<Théo-Soutien-Harceleur>,[2:48:26 PM],va retourner voler des montres,bully_support,OAG,victim,DNG,ATK,DFN,NEG,scenario_ethnicity_Sylvia_Adrien,ethnicity
22,<Adrien-Harceleur>,[2:48:34 PM],en plus tes la tu vien de serbi,bully,OAG,victim_support,OTH,ATK,DFN,NEG,scenario_ethnicity_Sylvia_Adrien,ethnicity
23,<Soan-Soutien-Victime>,[2:48:40 PM],et  elle ten merde niker vos grand mere,victim_support,OAG,bully,OTH,DFN,ATK,NEG,scenario_ethnicity_Sylvia_Adrien,ethnicity
24,<Théo-Soutien-Harceleur>,[2:49:06 PM],va te faire enculer sale rousse,bully_support,OAG,victim_support,OTH,ATK,DFN,NEG,scenario_ethnicity_Sylvia_Adrien,ethnicity
25,<Silvia-Victime>,[2:49:08 PM],"la serbie c'esst le sang,  vous etes jaloux c'est tout",victim,NAG,NULL,NULL,DFN,ATK,NEU,scenario_ethnicity_Sylvia_Adrien,ethnicity
26,<Théo-Soutien-Harceleur>,[2:49:14 PM],va sucer tes profs,bully_support,OAG,victim,OTH,ATK,DFN,NEG,scenario_ethnicity_Sylvia_Adrien,ethnicity
27,<Soan-Soutien-Victime>,[2:49:17 PM],grave,victim_support,NAG,NULL,NULL,EMP,DFN,NEU,scenario_ethnicity_Sylvia_Adrien,ethnicity
28,<Silvia-Victime>,[2:49:26 PM],retournez sucer lucas et sophie,victim,OAG,bully_support,OTH,DFN,ATK,NEG,scenario_ethnicity_Sylvia_Adrien,ethnicity
29,<Soan-Soutien-Victime>,[2:49:27 PM],va deterrer tes mort,victim_support,OAG,bully_support,OTH,DFN,ATK,NEG,scenario_ethnicity_Sylvia_Adrien,ethnicity
30,<Théo-Soutien-Harceleur>,[2:49:48 PM],niquez vos mères en Serbie,bully_support,OAG,victim,OTH,ATK,DFN,NEG,scenario_ethnicity_Sylvia_Adrien,ethnicity
31,<Camille-Soutien-Harceleur>,[2:49:50 PM],le con de tes mortttttttt soan t une pute tfacon t la plus gross victime,bully_support,OAG,victim_support,OTH,ATK,DFN,NEG,scenario_ethnicity_Sylvia_Adrien,ethnicity
32,<Soan-Soutien-Victime>,[2:49:54 PM],bande de sombre pute lucas arrete de faire le beau avec ta petite bite,victim_support,OAG,bully/bully_support,OTH,DFN,NULL,NEG,scenario_ethnicity_Sylvia_Adrien,ethnicity
33,<Hébert-Conciliateur>,[2:50:12 PM],adrien et silvia arreter srx,conciliator,NAG,NULL,NULL,CR,NULL,NEU,scenario_ethnicity_Sylvia_Adrien,ethnicity
34,<Adrien-Harceleur>,[2:50:13 PM],retourne en serbie et il y aura plus de probleme fdp,bully,OAG,victim,OTH,ATK,DFN,NEG,scenario_ethnicity_Sylvia_Adrien,ethnicity
36,<Théo-Soutien-Harceleur>,[2:50:42 PM],qu'est ce ta helbert?,bully_support,OAG,conciliator,OTH,ATK,CR,NEG,scenario_ethnicity_Sylvia_Adrien,ethnicity
37,<Hébert-Conciliateur>,[2:50:52 PM],sa sert a r de se prendre la tete comme des enfants,conciliator,NAG,NULL,NULL,CR,NULL,NEU,scenario_ethnicity_Sylvia_Adrien,ethnicity
38,<Camille-Soutien-Harceleur>,[2:50:59 PM],on arrete rien du tout pk elle assume pas cette salopeee,bully_support,OAG,victim,NCG,ATK,CR,NEG,scenario_ethnicity_Sylvia_Adrien,ethnicity
39,<Soan-Soutien-Victime>,[2:51:02 PM],vos tete de sperm,victim_support,OAG,bully_support,NCG,DFN,ATK,NEG,scenario_ethnicity_Sylvia_Adrien,ethnicity
40,<Adrien-Harceleur>,[2:51:14 PM],assume,bully,NAG,NULL,NULL,OTH,NULL,NEU,scenario_ethnicity_Sylvia_Adrien,ethnicity
41,<Soan-Soutien-Victime>,[2:51:23 PM],vous puez de la shnek bande de crasseuse,victim_support,OAG,bully/bully_support,OTH,DFN,NULL,NEG,scenario_ethnicity_Sylvia_Adrien,ethnicity
42,<Silvia-Victime>,[2:51:29 PM],ouai c'est eux qui m'insultent genre normal alors que leur pote il me drague tranquile,victim,NAG,NULL,NULL,DFN,NULL,NEG,scenario_ethnicity_Sylvia_Adrien,ethnicity
0,<Diana>,[2019-06-13 14:04:07],hy,bully_support,NAG,NULL,NULL,OTH,NULL,NEU,scenario_ethnicity_Sylvia_Adrien_bis,ethnicity
1,<Diana>,[2019-06-13 14:05:54],👋,bully_support,NAG,NULL,NULL,OTH,NULL,NEU,scenario_ethnicity_Sylvia_Adrien_bis,ethnicity
2,<Silvia_Victime>,[2019-06-13 14:06:23],Salut,victim,NAG,NULL,NULL,OTH,OTH,NEU,scenario_ethnicity_Sylvia_Adrien_bis,ethnicity
3,<Adrien_harceleur>,[2019-06-13 14:11:30],salut,bully,NAG,NULL,NULL,OTH,OTH,NEU,scenario_ethnicity_Sylvia_Adrien_bis,ethnicity
4,<Silvia_Victime>,[2019-06-13 14:11:46]," Salut Adri,  ça va?",victim,NAG,NULL,NULL,OTH,OTH,NEU,scenario_ethnicity_Sylvia_Adrien_bis,ethnicity
7,<Adrien_harceleur>,[2019-06-13 14:12:16],déja toi sylvia me parle pas,bully,NAG,NULL,NULL,OTH,OTH,NEG,scenario_ethnicity_Sylvia_Adrien_bis,ethnicity
8,<Silvia_Victime>,[2019-06-13 14:12:23],pq tu dis ça?,victim,NAG,NULL,NULL,OTH,OTH,NEU,scenario_ethnicity_Sylvia_Adrien_bis,ethnicity
9,<Adrien_harceleur>,[2019-06-13 14:12:47],t as vu ce que t as fait a la soiré sale pute,bully,OAG,victim,NCG,AIN,OTH,NEG,scenario_ethnicity_Sylvia_Adrien_bis,ethnicity
10,<Silvia_Victime>,[2019-06-13 14:12:57],euh quelle soirée?,victim,NAG,NULL,NULL,DFN,AIN,NEU,scenario_ethnicity_Sylvia_Adrien_bis,ethnicity
11,<Silvia_Victime>,[2019-06-13 14:13:02],et pq tu me traites de pute?,victim,NAG,NULL,NULL,DFN,AIN,NEU,scenario_ethnicity_Sylvia_Adrien_bis,ethnicity
12,<Diana>,[2019-06-13 14:13:04],c'est clair tu abuses !,bully_support,NAG,NULL,NULL,OTH,DFN,NEG,scenario_ethnicity_Sylvia_Adrien_bis,ethnicity
13,<Herbert_concil>,[2019-06-13 14:13:10],calme toi adri,conciliator,NAG,NULL,NULL,CR,AIN,NEU,scenario_ethnicity_Sylvia_Adrien_bis,ethnicity
14,<Silvia_Victime>,[2019-06-13 14:13:10],t'as un problème ?,victim,NAG,NULL,NULL,DFN,AIN,NEU,scenario_ethnicity_Sylvia_Adrien_bis,ethnicity
15,<Adrien_harceleur>,[2019-06-13 14:13:18],oui c toi,bully,OAG,victim,OTH,ATK,DFN,NEG,scenario_ethnicity_Sylvia_Adrien_bis,ethnicity
16,<Silvia_Victime>,[2019-06-13 14:13:30],et toi Diana avec ta gueule de macaque de quoi tu parles?,victim,OAG,bully_support,DNG,DFN,OTH,NEG,scenario_ethnicity_Sylvia_Adrien_bis,ethnicity
17,<Adrien_harceleur>,[2019-06-13 14:13:55],commence pas a parler d elle comme ca,bully,NAG,NULL,NULL,OTH,DFN,NEU,scenario_ethnicity_Sylvia_Adrien_bis,ethnicity
18,<Soan_SoutienV>,[2019-06-13 14:14:03],C pas de sa faute c Lucas,victim_support,NAG,NULL,NULL,CNS,ATK,NEU,scenario_ethnicity_Sylvia_Adrien_bis,ethnicity
19,<Silvia_Victime>,[2019-06-13 14:14:08],c'est quoi ton fucking pblm,victim,NAG,NULL,NULL,DFN,ATK,NEG,scenario_ethnicity_Sylvia_Adrien_bis,ethnicity
20,<Amos_soutienAdri>,[2019-06-13 14:14:10],Tu t'es jamais vu au miroir? avant de parler,bully_support,CAG,victim,DNG,ATK,DFN,NEG,scenario_ethnicity_Sylvia_Adrien_bis,ethnicity
21,<Silvia_Victime>,[2019-06-13 14:14:13],merci Soan,victim,NAG,NULL,NULL,EMP,CNS,POS,scenario_ethnicity_Sylvia_Adrien_bis,ethnicity
22,<Silvia_Victime>,[2019-06-13 14:14:23],*dans le miroir,victim,CAG,bully_support,DNG,DFN,ATK,NEG,scenario_ethnicity_Sylvia_Adrien_bis,ethnicity
23,<Silvia_Victime>,[2019-06-13 14:14:29],achète un bescherelle,victim,CAG,bully_support,DNG,DFN,ATK,NEG,scenario_ethnicity_Sylvia_Adrien_bis,ethnicity
24,<Herbert_concil>,[2019-06-13 14:14:37],Les gars faut pas en faire toute une histoire calmez vous,conciliator,NAG,NULL,NULL,CR,NULL,NEU,scenario_ethnicity_Sylvia_Adrien_bis,ethnicity
25,<Silvia_Victime>,[2019-06-13 14:14:45],de quoi on parle merde?,victim,NAG,NULL,NULL,OTH,NULL,NEG,scenario_ethnicity_Sylvia_Adrien_bis,ethnicity
26,<Amos_soutienAdri>,[2019-06-13 14:14:56],je suis espagnol pardon de ne pas tout savoir connasse,bully_support,OAG,victim,NCG,ATK,DFN,NEG,scenario_ethnicity_Sylvia_Adrien_bis,ethnicity
27,<Silvia_Victime>,[2019-06-13 14:15:11],de où je suis une connasse?,victim,NAG,NULL,NULL,DFN,ATK,NEU,scenario_ethnicity_Sylvia_Adrien_bis,ethnicity
28,<Diana>,[2019-06-13 14:15:18],tu as embrasser Lucas alors que sophia est ta pote !,bully_support,OAG,victim,DNG,ATK,DFN,NEU,scenario_ethnicity_Sylvia_Adrien_bis,ethnicity
29,<Diana>,[2019-06-13 14:15:27],tu as foutu la merde dans leurs couple,bully_support,OAG,victim,DNG,ATK,DFN,NEG,scenario_ethnicity_Sylvia_Adrien_bis,ethnicity
30,<Diana>,[2019-06-13 14:15:31],c'est dégeulasse,bully_support,OAG,victim,DNG,ATK,DFN,NEG,scenario_ethnicity_Sylvia_Adrien_bis,ethnicity
31,<Amos_soutienAdri>,[2019-06-13 14:15:32],bravo. je te complimente,bully_support,NAG,NULL,NULL,AIN,ATK,NEG,scenario_ethnicity_Sylvia_Adrien_bis,ethnicity
32,<Silvia_Victime>,[2019-06-13 14:15:37],c'est Lucas qui a mis sa langue dans ma bouche donc déjà tu redescends,victim,NAG,NULL,NULL,DFN,ATK,NEG,scenario_ethnicity_Sylvia_Adrien_bis,ethnicity
33,<Adrien_harceleur>,[2019-06-13 14:15:53],sylvia t vraiment la pire des grosses salope tu savait qu il été en couple est tu la embrassé ta aucun *e race,bully,OAG,victim,DNG,ATK,DFN,NEG,scenario_ethnicity_Sylvia_Adrien_bis,ethnicity
34,<Amos_soutienAdri>,[2019-06-13 14:15:58],en plus tu dis que c'est sa faute,bully_support,NAG,NULL,NULL,AIN,ATK,NEG,scenario_ethnicity_Sylvia_Adrien_bis,ethnicity
35,<Silvia_Victime>,[2019-06-13 14:15:59],j'y peux rien si elle est pas foutue de tenir son mec,victim,NAG,NULL,NULL,DFN,ATK,NEG,scenario_ethnicity_Sylvia_Adrien_bis,ethnicity
36,<Adrien_harceleur>,[2019-06-13 14:16:04],vas crevé en enfer,bully,OAG,victim,OTH,ATK,DFN,NEG,scenario_ethnicity_Sylvia_Adrien_bis,ethnicity
37,<Silvia_Victime>,[2019-06-13 14:16:15],Avec ta mère Adrien,victim,OAG,bully,OTH,DFN,ATK,NEG,scenario_ethnicity_Sylvia_Adrien_bis,ethnicity
38,<Diana>,[2019-06-13 14:16:16],En plus d'etre une  aguicheusse de merde tu es une menteuse,bully_support,OAG,victim,NCG,ATK,DFN,NEG,scenario_ethnicity_Sylvia_Adrien_bis,ethnicity
39,<Amos_soutienAdri>,[2019-06-13 14:16:19],sa faute*,bully_support,NAG,NULL,NULL,AIN,ATK,NEU,scenario_ethnicity_Sylvia_Adrien_bis,ethnicity
40,<Soan_SoutienV>,[2019-06-13 14:16:24],Arreter laisser la tranquille elle a rien fait,victim_support,NAG,NULL,NULL,CNS,ATK,NEU,scenario_ethnicity_Sylvia_Adrien_bis,ethnicity
41,<Herbert_concil>,[2019-06-13 14:16:37],Puis ça arrive,conciliator,NAG,NULL,NULL,CR,NULL,NEU,scenario_ethnicity_Sylvia_Adrien_bis,ethnicity
42,<Amos_soutienAdri>,[2019-06-13 14:16:45],San tas rien fait et ne fait rien mnt,bully_support,NAG,NULL,NULL,OTH,CNS,NEG,scenario_ethnicity_Sylvia_Adrien_bis,ethnicity
43,<Adrien_harceleur>,[2019-06-13 14:16:49],toi ta mere c satan,bully,OAG,victim,OTH,ATK,DFN,NEG,scenario_ethnicity_Sylvia_Adrien_bis,ethnicity
44,<Silvia_Victime>,[2019-06-13 14:16:51],Il a mis sa langue dans ma bouche j'ai rien fait pour la retirer mais faut te calmùer avec les insultes,victim,NAG,NULL,NULL,CNS,ATK,NEU,scenario_ethnicity_Sylvia_Adrien_bis,ethnicity
45,<Amos_soutienAdri>,[2019-06-13 14:16:52],soan,bully_support,NAG,NULL,NULL,OTH,CNS,NEU,scenario_ethnicity_Sylvia_Adrien_bis,ethnicity
46,<Silvia_Victime>,[2019-06-13 14:16:54],c'est pas cool,victim,NAG,NULL,NULL,CNS,ATK,NEG,scenario_ethnicity_Sylvia_Adrien_bis,ethnicity
47,<Diana>,[2019-06-13 14:17:07],non sa arrive pas elle ne peux pas se trouver un mec sans foutre le couple des autres en l'air !,bully_support,OAG,victim,DNG,ATK,CR,NEG,scenario_ethnicity_Sylvia_Adrien_bis,ethnicity
48,<Amos_soutienAdri>,[2019-06-13 14:17:22],t'es sérieuse? en plus tu continue,bully_support,NAG,NULL,NULL,GSL,CNS,NEG,scenario_ethnicity_Sylvia_Adrien_bis,ethnicity
49,<Silvia_Victime>,[2019-06-13 14:17:23],Si elle est mauvaise au pieu c'est pas de ma faute,victim,OAG,NULL,OTH,DFN,ATK,NEG,scenario_ethnicity_Sylvia_Adrien_bis,ethnicity
50,<Adrien_harceleur>,[2019-06-13 14:17:27],arrete de mentir,bully,OAG,victim,OTH,ATK,DFN,NEG,scenario_ethnicity_Sylvia_Adrien_bis,ethnicity
51,<Herbert_concil>,[2019-06-13 14:17:30],Elle a pas réfléchit puis Lucas à sa part de responsabilité,conciliator,NAG,NULL,NULL,EMP,DFN,NEU,scenario_ethnicity_Sylvia_Adrien_bis,ethnicity
52,<Silvia_Victime>,[2019-06-13 14:17:38],merci Herbert,victim,NAG,NULL,NULL,OTH,EMP,NEU,scenario_ethnicity_Sylvia_Adrien_bis,ethnicity
53,<Amos_soutienAdri>,[2019-06-13 14:17:40],tu pouvais juste ne pas l'embrasser c'est ta faute boulette,bully_support,OAG,victim,OTH,ATK,DFN,NEG,scenario_ethnicity_Sylvia_Adrien_bis,ethnicity
54,<Silvia_Victime>,[2019-06-13 14:18:04],vaut mieux être un boulette baisable qu'un bâton frigide,victim,CAG,bully_support,NCG,DFN,ATK,NEG,scenario_ethnicity_Sylvia_Adrien_bis,ethnicity
55,<Silvia_Victime>,[2019-06-13 14:18:54],plus rien à dire?,victim,CAG,bully_support,OTH,DFN,ATK,NEG,scenario_ethnicity_Sylvia_Adrien_bis,ethnicity
56,<Amos_soutienAdri>,[2019-06-13 14:18:54]," oula,  t'attaques? ",bully_support,CAG,victim,OTH,ATK,DFN,NEG,scenario_ethnicity_Sylvia_Adrien_bis,ethnicity
57,<Diana>,[2019-06-13 14:18:54],il voulait pas LUI!,bully_support,CAG,victim,OTH,ATK,DFN,NEG,scenario_ethnicity_Sylvia_Adrien_bis,ethnicity
58,<Adrien_harceleur>,[2019-06-13 14:18:57],e a de queue un trans travelo,bully,OAG,victim,OTH,AIN,ATK,NEG,scenario_ethnicity_Sylvia_Adrien_bis,ethnicity
59,<Silvia_Victime>,[2019-06-13 14:19:11],en fcs ça donne quoi Einstein?,victim,CAG,bully,OTH,DFN,AIN,NEG,scenario_ethnicity_Sylvia_Adrien_bis,ethnicity
60,<Herbert_concil>,[2019-06-13 14:19:12],Oh calmez-vous on est quand même pote tout de même,conciliator,NAG,NULL,NULL,CR,NULL,NEU,scenario_ethnicity_Sylvia_Adrien_bis,ethnicity
61,<Silvia_Victime>,[2019-06-13 14:19:28],je le pensais mais bon,victim,NAG,NULL,NULL,OTH,CR,NEU,scenario_ethnicity_Sylvia_Adrien_bis,ethnicity
62,<Diana>,[2019-06-13 14:19:41],je suis pas potes avec des aguicheuse pareil ! je voudrait pas qu'on me pennes attentionner mon copain,bully_support,OAG,victim,DNG,ATK,CR,NEG,scenario_ethnicity_Sylvia_Adrien_bis,ethnicity
63,<Amos_soutienAdri>,[2019-06-13 14:19:49],tais-toi,bully_support,OAG,victim,OTH,ATK,OTH,NEG,scenario_ethnicity_Sylvia_Adrien_bis,ethnicity
64,<Adrien_harceleur>,[2019-06-13 14:19:50],apprend a lire avant de me parler,bully,CAG,victim,DNG,ATK,OTH,NEG,scenario_ethnicity_Sylvia_Adrien_bis,ethnicity
65,<Diana>,[2019-06-13 14:20:08],attentionnellement*,bully_support,OAG,victim,DNG,ATK,CR,NEG,scenario_ethnicity_Sylvia_Adrien_bis,ethnicity
66,<Silvia_Victime>,[2019-06-13 14:20:09],je pique les mecs moi apparement,victim,CAG,bully_support,OTH,DFN,ATK,NEG,scenario_ethnicity_Sylvia_Adrien_bis,ethnicity
67,<Silvia_Victime>,[2019-06-13 14:20:14],j'ai pas besoin de savoir lire,victim,NAG,NULL,NULL,DFN,ATK,NEG,scenario_ethnicity_Sylvia_Adrien_bis,ethnicity
68,<Diana>,[2019-06-13 14:20:17],ouais,bully_support,NAG,NULL,NULL,AIN,ATK,NEG,scenario_ethnicity_Sylvia_Adrien_bis,ethnicity
69,<Amos_soutienAdri>,[2019-06-13 14:20:28],ohhh ca part bien,bully_support,CAG,victim,OTH,ATK,DFN,NEG,scenario_ethnicity_Sylvia_Adrien_bis,ethnicity
70,<Adrien_harceleur>,[2019-06-13 14:20:32],parceque t une pute qui les chauffe et qui les paie,bully,OAG,victim,DNG,ATK,DFN,NEG,scenario_ethnicity_Sylvia_Adrien_bis,ethnicity
71,<Diana>,[2019-06-13 14:20:38],t'es une pute qui n'arrive pas a trouver de mec,bully_support,OAG,victim,DNG,AIN,ATK,NEG,scenario_ethnicity_Sylvia_Adrien_bis,ethnicity
72,<Silvia_Victime>,[2019-06-13 14:20:43],c'est ton père qui les paie,victim,OAG,bully,OTH,DFN,ATK,NEG,scenario_ethnicity_Sylvia_Adrien_bis,ethnicity
73,<Adrien_harceleur>,[2019-06-13 14:20:44],et apres tu leur donne des MST,bully,OAG,victim,DNG,ATK,DFN,NEG,scenario_ethnicity_Sylvia_Adrien_bis,ethnicity
74,<Amos_soutienAdri>,[2019-06-13 14:20:44],si tu veux être une pute personne t'oblige a lire,bully_support,OAG,victim,DNG,ATK,DFN,NEG,scenario_ethnicity_Sylvia_Adrien_bis,ethnicity
75,<Silvia_Victime>,[2019-06-13 14:21:02],personne oblige ta soeur à savoir lire non plus,victim,CAG,bully_support,OTH,DFN,ATK,NEG,scenario_ethnicity_Sylvia_Adrien_bis,ethnicity
76,<Adrien_harceleur>,[2019-06-13 14:21:08],le mien il a de l argent au moins,bully,CAG,victim,OTH,ATK,DFN,NEG,scenario_ethnicity_Sylvia_Adrien_bis,ethnicity
77,<Silvia_Victime>,[2019-06-13 14:21:15],et il apie,victim,OAG,bully,OTH,DFN,ATK,NEG,scenario_ethnicity_Sylvia_Adrien_bis,ethnicity
78,<Silvia_Victime>,[2019-06-13 14:21:17],paie,victim,OAG,bully,OTH,DFN,ATK,NEG,scenario_ethnicity_Sylvia_Adrien_bis,ethnicity
79,<Adrien_harceleur>,[2019-06-13 14:21:25],il m envoie pas au bar a pute comme toi,bully,OAG,victim,DNG,ATK,DFN,NEG,scenario_ethnicity_Sylvia_Adrien_bis,ethnicity
80,<Diana>,[2019-06-13 14:21:35],tout sa parce que t'es jalouse de leurs amour connasse,bully_support,OAG,victim,NCG,ATK,DFN,NEG,scenario_ethnicity_Sylvia_Adrien_bis,ethnicity
81,<Silvia_Victime>,[2019-06-13 14:21:37],il a pas besoin d'aller au bar,victim,OAG,bully,OTH,DFN,ATK,NEG,scenario_ethnicity_Sylvia_Adrien_bis,ethnicity
82,<Silvia_Victime>,[2019-06-13 14:21:42],il leur paie des apparts privés,victim,OAG,bully,OTH,DFN,ATK,NEG,scenario_ethnicity_Sylvia_Adrien_bis,ethnicity
83,<Adrien_harceleur>,[2019-06-13 14:21:43],apprend a écrire connasse,bully,OAG,victim,OTH,ATK,DFN,NEG,scenario_ethnicity_Sylvia_Adrien_bis,ethnicity
84,<Amos_soutienAdri>,[2019-06-13 14:21:53],après c'est pas difficile savoir où t'es pendant la nuit,bully_support,CAG,victim,DNG,ATK,DFN,NEG,scenario_ethnicity_Sylvia_Adrien_bis,ethnicity
85,<Adrien_harceleur>,[2019-06-13 14:22:15],t conne,bully,OAG,victim,NCG,ATK,DFN,NEG,scenario_ethnicity_Sylvia_Adrien_bis,ethnicity
86,<Adrien_harceleur>,[2019-06-13 14:22:19],pute,bully,OAG,victim,NCG,ATK,DFN,NEG,scenario_ethnicity_Sylvia_Adrien_bis,ethnicity
87,<Adrien_harceleur>,[2019-06-13 14:22:22],salope,bully,OAG,victim,NCG,ATK,DFN,NEG,scenario_ethnicity_Sylvia_Adrien_bis,ethnicity
88,<Adrien_harceleur>,[2019-06-13 14:22:25],enculé,bully,OAG,victim,NCG,ATK,DFN,NEG,scenario_ethnicity_Sylvia_Adrien_bis,ethnicity
89,<Herbert_concil>,[2019-06-13 14:22:25],Adri calme-toi ça sert à rien de sénerver,conciliator,NAG,NULL,NULL,CR,ATK,NEU,scenario_ethnicity_Sylvia_Adrien_bis,ethnicity
90,<Amos_soutienAdri>,[2019-06-13 14:22:31],alors plus rien à dire Silvia?,bully_support,CAG,victim,OTH,ATK,NULL,NEG,scenario_ethnicity_Sylvia_Adrien_bis,ethnicity
91,<Silvia_Victime>,[2019-06-13 14:22:41],écoute si tu es frustré pcq tu en as une mini c'est pas de ma faute,victim,OAG,bully,OTH,DFN,ATK,NEG,scenario_ethnicity_Sylvia_Adrien_bis,ethnicity
92,<Amos_soutienAdri>,[2019-06-13 14:22:49],T'as enfin fermé ta gueule?,bully_support,OAG,victim,OTH,ATK,DFN,NEG,scenario_ethnicity_Sylvia_Adrien_bis,ethnicity
93,<Adrien_harceleur>,[2019-06-13 14:22:54],te mele pas de ca herbert,bully,NAG,NULL,NULL,OTH,CR,NEU,scenario_ethnicity_Sylvia_Adrien_bis,ethnicity
94,<Silvia_Victime>,[2019-06-13 14:22:59],même une aveugle cul de jatte serait pas excitée par toi,victim,OAG,bully,OTH,DFN,ATK,NEG,scenario_ethnicity_Sylvia_Adrien_bis,ethnicity
95,<Soan_SoutienV>,[2019-06-13 14:23:01],On se calme arreter de l'attaquer tout le temps a la fin,victim_support,NAG,NULL,NULL,CR,NULL,NEU,scenario_ethnicity_Sylvia_Adrien_bis,ethnicity
96,<Silvia_Victime>,[2019-06-13 14:23:18],Tkt Soan ils me font pitié,victim,NAG,NULL,NULL,OTH,CR,NEG,scenario_ethnicity_Sylvia_Adrien_bis,ethnicity
97,<Diana>,[2019-06-13 14:23:22],tu prend tout ton temps pour embrasser des mecs en couple c'est sa ?,bully_support,OAG,victim,DNG,ATK,DFN,NEG,scenario_ethnicity_Sylvia_Adrien_bis,ethnicity
98,<Diana>,[2019-06-13 14:23:29],tu as trouver une nouvelle cible ?,bully_support,OAG,victim,DNG,ATK,DFN,NEG,scenario_ethnicity_Sylvia_Adrien_bis,ethnicity
99,<Silvia_Victime>,[2019-06-13 14:23:35],tu veux que j'essaie le tien?,victim,OAG,bully_support,OTH,DFN,ATK,NEG,scenario_ethnicity_Sylvia_Adrien_bis,ethnicity
100,<Adrien_harceleur>,[2019-06-13 14:23:35],viens la voir et verrai quel fera plus mal que ce que tu crois,bully,OAG,victim,DNG,AIN,ATK,NEG,scenario_ethnicity_Sylvia_Adrien_bis,ethnicity
101,<Adrien_harceleur>,[2019-06-13 14:23:53],t encore pucelle et tu parle avec moi,bully,OAG,victim,OTH,ATK,DFN,NEG,scenario_ethnicity_Sylvia_Adrien_bis,ethnicity
102,<Silvia_Victime>,[2019-06-13 14:23:58],...,victim,NAG,NULL,NULL,OTH,NULL,NEU,scenario_ethnicity_Sylvia_Adrien_bis,ethnicity
103,<Adrien_harceleur>,[2019-06-13 14:24:07],moi jai enculé ta darronne la salope,bully,OAG,victim,OTH,ATK,OTH,NEG,scenario_ethnicity_Sylvia_Adrien_bis,ethnicity
104,<Adrien_harceleur>,[2019-06-13 14:24:21],cette pute la marrave,bully,OAG,victim,OTH,ATK,OTH,NEG,scenario_ethnicity_Sylvia_Adrien_bis,ethnicity
105,<Herbert_concil>,[2019-06-13 14:24:24],Parle bien fils,conciliator,NAG,NULL,NULL,CR,ATK,NEU,scenario_ethnicity_Sylvia_Adrien_bis,ethnicity
106,<Adrien_harceleur>,[2019-06-13 14:24:38],herbert arrete,bully,OAG,conciliator,OTH,ATK,CR,NEG,scenario_ethnicity_Sylvia_Adrien_bis,ethnicity
107,<Amos_soutienAdri>,[2019-06-13 14:24:51],t'es venu au nom de dieu Herbert?,bully_support,OAG,conciliator,OTH,ATK,CR,NEG,scenario_ethnicity_Sylvia_Adrien_bis,ethnicity
108,<Adrien_harceleur>,[2019-06-13 14:24:53],alors on ferme sa gueule,bully,OAG,conciliator,OTH,ATK,CR,NEG,scenario_ethnicity_Sylvia_Adrien_bis,ethnicity
109,<Diana>,[2019-06-13 14:24:55],bien ouej adri,bully_support,NAG,NULL,NULL,AIN,ATK,NEG,scenario_ethnicity_Sylvia_Adrien_bis,ethnicity
110,<Amos_soutienAdri>,[2019-06-13 14:24:57],ne te mele pas plus,bully_support,OAG,conciliator,OTH,ATK,CR,NEG,scenario_ethnicity_Sylvia_Adrien_bis,ethnicity
111,<Diana>,[2019-06-13 14:25:46],tu veux quoi herbert qu'elle t'embrasse aussi ?,bully_support,OAG,victim/conciliator,OTH,ATK,CR,NEG,scenario_ethnicity_Sylvia_Adrien_bis,ethnicity
112,<Adrien_harceleur>,[2019-06-13 14:25:54],pédale des qu on est triste on va pleuré chez papa pendant qu il se branle,bully,OAG,victim,OTH,AIN,NULL,NEG,scenario_ethnicity_Sylvia_Adrien_bis,ethnicity
113,<Diana>,[2019-06-13 14:25:58],tu la kiffe cette pétasse ?,bully_support,OAG,victim,NCG,ATK,CR,NEG,scenario_ethnicity_Sylvia_Adrien_bis,ethnicity
114,<Amos_soutienAdri>,[2019-06-13 14:26:36],allé un nouveau client pour toi Silvia,bully_support,CAG,victim,DNG,AIN,ATK,NEG,scenario_ethnicity_Sylvia_Adrien_bis,ethnicity
115,<Herbert_concil>,[2019-06-13 14:26:38],Les gars vous tourné pas contre moi,conciliator,NAG,NULL,NULL,CR,NULL,NEU,scenario_ethnicity_Sylvia_Adrien_bis,ethnicity
116,<Amos_soutienAdri>,[2019-06-13 14:26:40],félicitations,bully_support,CAG,victim,DNG,AIN,ATK,NEG,scenario_ethnicity_Sylvia_Adrien_bis,ethnicity
117,<Amos_soutienAdri>,[2019-06-13 14:26:51],c'est toi qui se mele,bully_support,NAG,NULL,NULL,OTH,DFN,NEG,scenario_ethnicity_Sylvia_Adrien_bis,ethnicity
118,<Herbert_concil>,[2019-06-13 14:26:54],Je veux juste que ça sarange,conciliator,NAG,NULL,NULL,CR,NULL,NEU,scenario_ethnicity_Sylvia_Adrien_bis,ethnicity
119,<Diana>,[2019-06-13 14:27:12],tu es de son côté alors qu'elle traine son cul sale partout ou ya des mecs,bully_support,OAG,victim/conciliator,OTH,ATK,CR,NEG,scenario_ethnicity_Sylvia_Adrien_bis,ethnicity
120,<Adrien_harceleur>,[2019-06-13 14:27:15],c vrai herbert il est nien il a pas pécho le mec de sophie luii!!!!!!,bully,OAG,victim,DNG,ATK,CR,NEG,scenario_ethnicity_Sylvia_Adrien_bis,ethnicity
121,<Diana>,[2019-06-13 14:27:15],tu dois kiffer,bully_support,OAG,victim/conciliator,OTH,ATK,CR,NEG,scenario_ethnicity_Sylvia_Adrien_bis,ethnicity
122,<Amos_soutienAdri>,[2019-06-13 14:27:22],bah c'est pas toi qui va y réussir Einstein,bully_support,OAG,conciliator,OTH,ATK,CR,NEG,scenario_ethnicity_Sylvia_Adrien_bis,ethnicity
123,<Adrien_harceleur>,[2019-06-13 14:27:52],ban t ou sylvia on t entend plus,bully,OAG,victim/conciliator,OTH,ATK,CR,NEG,scenario_ethnicity_Sylvia_Adrien_bis,ethnicity
124,<Soan_SoutienV>,[2019-06-13 14:27:58],tkt pas Silvia ce sont que des cons,victim_support,OAG,bully/bully_support,NCG,EMP,NULL,NEG,scenario_ethnicity_Sylvia_Adrien_bis,ethnicity
125,<Diana>,[2019-06-13 14:28:14],sylvia ouuouuu?,bully_support,OAG,victim,OTH,ATK,NULL,NEG,scenario_ethnicity_Sylvia_Adrien_bis,ethnicity
126,<Amos_soutienAdri>,[2019-06-13 14:28:27],pas plus que toi Soan,bully_support,OAG,victim_support,OTH,ATK,EMP,NEG,scenario_ethnicity_Sylvia_Adrien_bis,ethnicity
127,<Soan_SoutienV>,[2019-06-13 14:28:29],laiisser,victim_support,NAG,NULL,NULL,DFN,ATK,NEG,scenario_ethnicity_Sylvia_Adrien_bis,ethnicity
128,<Amos_soutienAdri>,[2019-06-13 14:28:40],Alors Silvia?,bully_support,NAG,NULL,NULL,OTH,NULL,NEU,scenario_ethnicity_Sylvia_Adrien_bis,ethnicity
129,<Silvia_Victime>,[2019-06-13 14:28:44],déso j'avais plus de connexion,victim,NAG,NULL,NULL,OTH,NULL,NEU,scenario_ethnicity_Sylvia_Adrien_bis,ethnicity
130,<Silvia_Victime>,[2019-06-13 14:28:46],merde,victim,NAG,NULL,NULL,OTH,NULL,NEG,scenario_ethnicity_Sylvia_Adrien_bis,ethnicity
131,<Silvia_Victime>,[2019-06-13 14:28:51],donc on en était où?,victim,NAG,NULL,NULL,OTH,NULL,NEU,scenario_ethnicity_Sylvia_Adrien_bis,ethnicity
132,<Adrien_harceleur>,[2019-06-13 14:29:00],deja on est pas con soan,bully,NAG,NULL,NULL,OTH,EMP,NEU,scenario_ethnicity_Sylvia_Adrien_bis,ethnicity
133,<Silvia_Victime>,[2019-06-13 14:29:02],ah oui,victim,NAG,NULL,NULL,OTH,NULL,NEU,scenario_ethnicity_Sylvia_Adrien_bis,ethnicity
134,<Herbert_concil>,[2019-06-13 14:29:03]," C'est bon au pire laissez la et on passe à autre chose, vous faites quoi ce week-end ?",conciliator,NAG,NULL,NULL,CR,NULL,NEU,scenario_ethnicity_Sylvia_Adrien_bis,ethnicity
135,<Silvia_Victime>,[2019-06-13 14:29:04],Adrien,victim,NAG,NULL,NULL,OTH,NULL,NEU,scenario_ethnicity_Sylvia_Adrien_bis,ethnicity
136,<Amos_soutienAdri>,[2019-06-13 14:29:07],c'est ça ton excuse de merde?,bully_support,OAG,victim,OTH,ATK,OTH,NEG,scenario_ethnicity_Sylvia_Adrien_bis,ethnicity
137,<Adrien_harceleur>,[2019-06-13 14:29:29],ces ton pere qui la pomper comme toi avec les mecs!!!!!!!!!!!!!!!!,bully,OAG,victim,OTH,ATK,OTH,NEG,scenario_ethnicity_Sylvia_Adrien_bis,ethnicity
138,<Silvia_Victime>,[2019-06-13 14:29:30],Je vais demander à ton père de me payer un vrai phone,victim,CAG,bully_support,OTH,DFN,ATK,NEG,scenario_ethnicity_Sylvia_Adrien_bis,ethnicity
139,<Silvia_Victime>,[2019-06-13 14:29:43],mon père est mort fdp,victim,OAG,bully,NCG,DFN,ATK,NEG,scenario_ethnicity_Sylvia_Adrien_bis,ethnicity
141,<Silvia_Victime>,[2019-06-13 14:30:20],mais vazi sens toi mieux mtnt,victim,OAG,bully,NCG,DFN,ATK,NEG,scenario_ethnicity_Sylvia_Adrien_bis,ethnicity
142,<Diana>,[2019-06-13 14:30:27]," c'est parce qu'il a eu une vrai leçon, lui aussi il piquer les meufs des autres ?",bully_support,OAG,victim,DNG,ATK,DFN,NEG,scenario_ethnicity_Sylvia_Adrien_bis,ethnicity
143,<Adrien_harceleur>,[2019-06-13 14:30:27],il pourras pas t acheter de tel,bully,OAG,victim,OTH,ATK,DFN,NEG,scenario_ethnicity_Sylvia_Adrien_bis,ethnicity
144,<Silvia_Victime>,[2019-06-13 14:30:35],le tien oui,victim,OAG,bully,OTH,DFN,ATK,NEG,scenario_ethnicity_Sylvia_Adrien_bis,ethnicity
145,<Soan_SoutienV>,[2019-06-13 14:30:36],respecter sa famille puatin,victim_support,NAG,NULL,NULL,DFN,ATK,NEG,scenario_ethnicity_Sylvia_Adrien_bis,ethnicity
146,<Adrien_harceleur>,[2019-06-13 14:30:48],sa fammille de pute,bully,OAG,victim,DNG,ATK,DFN,NEG,scenario_ethnicity_Sylvia_Adrien_bis,ethnicity
147,<Diana>,[2019-06-13 14:30:55],cest pas respectable,bully_support,OAG,victim,DNG,AIN,ATK,NEG,scenario_ethnicity_Sylvia_Adrien_bis,ethnicity
148,<Silvia_Victime>,[2019-06-13 14:31:10],techniquement mon père était comptable,victim,NAG,NULL,NULL,CNS,ATK,NEU,scenario_ethnicity_Sylvia_Adrien_bis,ethnicity
149,<Silvia_Victime>,[2019-06-13 14:31:14],mais si tu veux,victim,NAG,NULL,NULL,CNS,ATK,NEU,scenario_ethnicity_Sylvia_Adrien_bis,ethnicity
150,<Adrien_harceleur>,[2019-06-13 14:31:17],si il est mort c est de tas faute parce que t une grosse pute,bully,OAG,victim,DNG,GSL,DFN,NEG,scenario_ethnicity_Sylvia_Adrien_bis,ethnicity
151,<Adrien_harceleur>,[2019-06-13 14:31:23],il s est suicider,bully,OAG,victim,DNG,GSL,DFN,NEU,scenario_ethnicity_Sylvia_Adrien_bis,ethnicity
152,<Silvia_Victime>,[2019-06-13 14:31:44],...,victim,NAG,NULL,NULL,OTH,NULL,NEU,scenario_ethnicity_Sylvia_Adrien_bis,ethnicity
153,<Adrien_harceleur>,[2019-06-13 14:32:00],comptable de pute entre ta mere et toi,bully,OAG,victim,DNG,ATK,CNS,NEG,scenario_ethnicity_Sylvia_Adrien_bis,ethnicity
154,<Adrien_harceleur>,[2019-06-13 14:32:07],il les collectionnent,bully,OAG,victim,DNG,ATK,CNS,NEG,scenario_ethnicity_Sylvia_Adrien_bis,ethnicity
155,<Adrien_harceleur>,[2019-06-13 14:32:11],salope,bully,OAG,victim,DNG,ATK,CNS,NEG,scenario_ethnicity_Sylvia_Adrien_bis,ethnicity
156,<Silvia_Victime>,[2019-06-13 14:32:11],a propos de pute,victim,OAG,bully,NCG,DFN,ATK,NEG,scenario_ethnicity_Sylvia_Adrien_bis,ethnicity
157,<Soan_SoutienV>,[2019-06-13 14:32:11],Et ta soeur elle veut meme plus te voir Adrien alors tait toi,victim_support,OAG,bully,OTH,DFN,ATK,NEG,scenario_ethnicity_Sylvia_Adrien_bis,ethnicity
158,<Silvia_Victime>,[2019-06-13 14:32:21],demande à ta mère comment elle arrive à te faire manger,victim,CAG,bully,OTH,DFN,ATK,NEG,scenario_ethnicity_Sylvia_Adrien_bis,ethnicity
159,<Herbert_concil>,[2019-06-13 14:32:23],Silvia comprend qu'on est énervé je te conseille de quitter la discussion,conciliator,NAG,NULL,NULL,CR,DFN,NEU,scenario_ethnicity_Sylvia_Adrien_bis,ethnicity
160,<Silvia_Victime>,[2019-06-13 14:32:35],Mais oui...,victim,NAG,NULL,NULL,OTH,OTH,NEU,scenario_ethnicity_Sylvia_Adrien_bis,ethnicity
161,<Silvia_Victime>,[2019-06-13 14:32:45],on m'insulte et je dois faire l'autruche,victim,NAG,NULL,NULL,OTH,OTH,NEG,scenario_ethnicity_Sylvia_Adrien_bis,ethnicity
162,<Silvia_Victime>,[2019-06-13 14:32:49],t'as vu ça où?,victim,CAG,bully,OTH,DFN,ATK,NEG,scenario_ethnicity_Sylvia_Adrien_bis,ethnicity
163,<Adrien_harceleur>,[2019-06-13 14:32:56],non reste je vais te demonte ta gueule qui suce des bites,bully,OAG,victim,THR,ATK,DFN,NEG,scenario_ethnicity_Sylvia_Adrien_bis,ethnicity
164,<Amos_soutienAdri>,[2019-06-13 14:33:07],vas-y grosse pute. tu te sens mal maintenant enfin,bully_support,OAG,victim,NCG,ATK,DFN,NEG,scenario_ethnicity_Sylvia_Adrien_bis,ethnicity
165,<Silvia_Victime>,[2019-06-13 14:33:09],personne te la suce la tienne,victim,OAG,bully,OTH,DFN,ATK,NEG,scenario_ethnicity_Sylvia_Adrien_bis,ethnicity
166,<Diana>,[2019-06-13 14:33:13],comme une autruche tu met ta tete dans des trou ?,bully_support,OAG,victim,DNG,ATK,OTH,NEG,scenario_ethnicity_Sylvia_Adrien_bis,ethnicity
167,<Soan_SoutienV>,[2019-06-13 14:33:18],Ca commence a etre lourd la,victim_support,NAG,NULL,NULL,OTH,NULL,NEG,scenario_ethnicity_Sylvia_Adrien_bis,ethnicity
168,<Adrien_harceleur>,[2019-06-13 14:33:35],parce que elle est trop grosse pour rentrer dans ta boche,bully,OAG,victim,OTH,ATK,DFN,NEG,scenario_ethnicity_Sylvia_Adrien_bis,ethnicity
169,<Silvia_Victime>,[2019-06-13 14:33:37],ton père plein de mst il met autre chose dans des trous,victim,CAG,bully_support,OTH,DFN,ATK,NEG,scenario_ethnicity_Sylvia_Adrien_bis,ethnicity
170,<Diana>,[2019-06-13 14:33:41],met ta tete entre tes cuisses a la place de prendre les mecs des autres,bully_support,OAG,victim,DNG,ATK,OTH,NEG,scenario_ethnicity_Sylvia_Adrien_bis,ethnicity
171,<Adrien_harceleur>,[2019-06-13 14:33:42],boucje,bully,OAG,victim,OTH,ATK,DFN,NEG,scenario_ethnicity_Sylvia_Adrien_bis,ethnicity
172,<Silvia_Victime>,[2019-06-13 14:33:57],dans ma boche... Voilà qu'on devient raciste,victim,CAG,bully,OTH,DFN,ATK,NEG,scenario_ethnicity_Sylvia_Adrien_bis,ethnicity
173,<Silvia_Victime>,[2019-06-13 14:33:58],bravo,victim,CAG,bully,OTH,DFN,ATK,NEG,scenario_ethnicity_Sylvia_Adrien_bis,ethnicity
174,<Adrien_harceleur>,[2019-06-13 14:34:07],ls trous de ta mere,bully,OAG,victim,OTH,ATK,DFN,NEG,scenario_ethnicity_Sylvia_Adrien_bis,ethnicity
175,<Silvia_Victime>,[2019-06-13 14:34:33],les trous de la tienne sont plus larges vu les mecs qu'elle s'enfile,victim,OAG,bully_support,DNG,DFN,ATK,NEG,scenario_ethnicity_Sylvia_Adrien_bis,ethnicity
176,<Adrien_harceleur>,[2019-06-13 14:34:54],ta mere la brochettes,bully,OAG,victim,OTH,ATK,DFN,NEG,scenario_ethnicity_Sylvia_Adrien_bis,ethnicity
177,<Diana>,[2019-06-13 14:35:04],au moins mon pere est pas mort,bully_support,CAG,victim,OTH,ATK,DFN,NEG,scenario_ethnicity_Sylvia_Adrien_bis,ethnicity
178,<Herbert_concil>,[2019-06-13 14:35:14],tout doux les loups,conciliator,NAG,NULL,NULL,CR,NULL,NEU,scenario_ethnicity_Sylvia_Adrien_bis,ethnicity
179,<Silvia_Victime>,[2019-06-13 14:35:20],au moins j'arrive à me faire embrasse Diana,victim,CAG,bully_support,OTH,DFN,ATK,NEG,scenario_ethnicity_Sylvia_Adrien_bis,ethnicity
180,<Soan_SoutienV>,[2019-06-13 14:35:27],Fermez vos geule à la fin laiisser la tranquille,victim_support,OAG,bully_support,OTH,DFN,ATK,NEG,scenario_ethnicity_Sylvia_Adrien_bis,ethnicity
181,<Silvia_Victime>,[2019-06-13 14:35:31],embrasser*,victim,CAG,bully_support,OTH,DFN,ATK,NEG,scenario_ethnicity_Sylvia_Adrien_bis,ethnicity
182,<Diana>,[2019-06-13 14:35:49],jai pas besoin d'embrasser un mec en le forcant moi :),bully_support,CAG,victim,OTH,ATK,DFN,NEG,scenario_ethnicity_Sylvia_Adrien_bis,ethnicity
183,<Silvia_Victime>,[2019-06-13 14:36:02],c'est ton père qui te forçait,victim,OAG,bully_support,DNG,DFN,ATK,NEG,scenario_ethnicity_Sylvia_Adrien_bis,ethnicity
184,<Amos_soutienAdri>,[2019-06-13 14:36:04],bien ouej,bully_support,NAG,NULL,NULL,AIN,ATK,NEG,scenario_ethnicity_Sylvia_Adrien_bis,ethnicity
185,<Silvia_Victime>,[2019-06-13 14:36:17],c'est pour ça que tu marches pas droit,victim,OAG,bully_support,DNG,DFN,ATK,NEG,scenario_ethnicity_Sylvia_Adrien_bis,ethnicity
186,<Herbert_concil>,[2019-06-13 14:36:27],chaud,conciliator,NAG,NULL,NULL,OTH,NULL,NEU,scenario_ethnicity_Sylvia_Adrien_bis,ethnicity
187,<Diana>,[2019-06-13 14:36:45],tu as jamais reussis a marcher droit,bully_support,CAG,victim,DNG,ATK,DFN,NEG,scenario_ethnicity_Sylvia_Adrien_bis,ethnicity
188,<Adrien_harceleur>,[2019-06-13 14:36:49],toi aussi tu marche pas droit parceque tu t fais demonter par ton pere,bully,OAG,victim,DNG,ATK,DFN,NEG,scenario_ethnicity_Sylvia_Adrien_bis,ethnicity
189,<Silvia_Victime>,[2019-06-13 14:36:49],faut pas attaquer les gens gratuitement,victim,NAG,NULL,NULL,CNS,ATK,NEU,scenario_ethnicity_Sylvia_Adrien_bis,ethnicity
190,<Silvia_Victime>,[2019-06-13 14:36:57],il est mort mon pềre,victim,NAG,NULL,NULL,CNS,ATK,NEU,scenario_ethnicity_Sylvia_Adrien_bis,ethnicity
191,<Diana>,[2019-06-13 14:36:57],toujours etait une pute de mere en fille,bully_support,OAG,victim,DNG,ATK,CNS,NEG,scenario_ethnicity_Sylvia_Adrien_bis,ethnicity
192,<Silvia_Victime>,[2019-06-13 14:36:59],faut suivre,victim,NAG,NULL,NULL,CNS,ATK,NEU,scenario_ethnicity_Sylvia_Adrien_bis,ethnicity
193,<Adrien_harceleur>,[2019-06-13 14:37:02],il est manque dans son cimetire,bully,OAG,victim,OTH,ATK,CNS,NEU,scenario_ethnicity_Sylvia_Adrien_bis,ethnicity
195,<Adrien_harceleur>,[2019-06-13 14:37:20],il pourra enculé ta mere la squellette,bully,OAG,victim,OTH,ATK,CNS,NEG,scenario_ethnicity_Sylvia_Adrien_bis,ethnicity
0,Theo68,09:13:10,wsh canapeche,bully_support,NAG,NULL,NULL,OTH,NULL,NEU,scenario_ethnicity_Sylvia_Adrien_third,ethnicity
1,Soan,09:13:11,Pourquoi tu dis ça Adrien ?????,victim_support,NAG,NULL,NULL,OTH,NULL,NEU,scenario_ethnicity_Sylvia_Adrien_third,ethnicity
2,SilviaVictime,09:13:15,What ?,victim,NAG,NULL,NULL,OTH,NULL,NEU,scenario_ethnicity_Sylvia_Adrien_third,ethnicity
5,Adrien94,09:13:53,Soan ptite pute Soan arrete de pomper a tout va,bully,OAG,victim_support,OTH,AIN,OTH,NEG,scenario_ethnicity_Sylvia_Adrien_third,ethnicity
6,Soan,09:14:11,Sérieux tu te prends pour qui ?,victim_support,OAG,bully,OTH,DFN,AIN,NEG,scenario_ethnicity_Sylvia_Adrien_third,ethnicity
7,SilviaVictime,09:14:29," T'es serieux, qu'es tu veut Adrien",victim,NAG,NULL,NULL,DFN,AIN,NEG,scenario_ethnicity_Sylvia_Adrien_third,ethnicity
8,camille,09:14:30,essuie toi la bouche il ten reste encore un peu,bully_support,CAG,victim,OTH,ATK,OTH,NEG,scenario_ethnicity_Sylvia_Adrien_third,ethnicity
9,Adrien94,09:14:46,en plus t’es trop vilan Soan tu passe pas les portes,bully,OAG,victim_support,DNG,ATK,DFN,NEG,scenario_ethnicity_Sylvia_Adrien_third,ethnicity
10,hebert,09:15:01,calma mi amigo,conciliator,NAG,NULL,NULL,CR,NULL,NEU,scenario_ethnicity_Sylvia_Adrien_third,ethnicity
12,Adrien94,09:15:22,tg,bully,OAG,conciliator,OTH,ATK,CR,NEG,scenario_ethnicity_Sylvia_Adrien_third,ethnicity
13,Adrien94,09:15:34,t’as pas le droit a la parole femme arrete de parler hebert,bully,OAG,victim/conciliator,OTH,ATK,NULL,NEG,scenario_ethnicity_Sylvia_Adrien_third,ethnicity
14,Soan,09:15:49,Et ta mère ?,victim_support,OAG,bully,OTH,DFN,ATK,NEG,scenario_ethnicity_Sylvia_Adrien_third,ethnicity
15,Theo68,09:16:16,t'es une pute t'as trahi ta camarde,bully_support,OAG,victim,DNG,ATK,DFN,NEG,scenario_ethnicity_Sylvia_Adrien_third,ethnicity
16,Diana,09:16:48," tu prend les mec des autres, on a toujours su que t'etais une connasse",bully_support,OAG,victim,OTH,ATK,DFN,NEG,scenario_ethnicity_Sylvia_Adrien_third,ethnicity
17,hebert,09:16:53,c’est juste une petite erreur des deux faut pas s’emballer,conciliator,NAG,NULL,NULL,CR,NULL,NEU,scenario_ethnicity_Sylvia_Adrien_third,ethnicity
18,Soan,09:17:02,C'est votre pote la pute ici,victim_support,OAG,bully_support,NCG,DFN,ATK,NEG,scenario_ethnicity_Sylvia_Adrien_third,ethnicity
19,Adrien94,09:17:06,silvia on a toujours dis que t etais une traînée,bully,OAG,victim,NCG,GSL,NULL,NEG,scenario_ethnicity_Sylvia_Adrien_third,ethnicity
20,Soan,09:17:07,Pas Silvia,victim_support,OAG,bully_support,NCG,DFN,ATK,NEG,scenario_ethnicity_Sylvia_Adrien_third,ethnicity
21,Adrien94,09:17:11,que ca pompe,bully,OAG,victim,NCG,GSL,NULL,NEG,scenario_ethnicity_Sylvia_Adrien_third,ethnicity
22,Theo68,09:17:12,on va te mmeler,bully_support,OAG,victim_support,THR,ATK,DFN,NEG,scenario_ethnicity_Sylvia_Adrien_third,ethnicity
23,camille,09:17:12,ta gueule tu defends une salope,bully_support,OAG,victim/victim_support,OTH,ATK,DFN,NEG,scenario_ethnicity_Sylvia_Adrien_third,ethnicity
24,Adrien94,09:17:32,Soan reprend parti jte baise,bully,OAG,victim_support,OTH,ATK,DFN,NEG,scenario_ethnicity_Sylvia_Adrien_third,ethnicity
26,Adrien94,09:18:02,bougnoule !!,bully,OAG,victim,NCG,AIN,NULL,NEG,scenario_ethnicity_Sylvia_Adrien_third,ethnicity
27,Soan,09:18:06,Racisme,victim_support,NAG,NULL,NULL,CNS,AIN,NEG,scenario_ethnicity_Sylvia_Adrien_third,ethnicity
28,Theo68,09:18:12,tg,bully_support,OAG,victim_support,OTH,ATK,CNS,NEG,scenario_ethnicity_Sylvia_Adrien_third,ethnicity
29,Adrien94,09:18:19,tg t’as pas le droit a la parole Soan,bully,OAG,victim_support,OTH,ATK,CNS,NEG,scenario_ethnicity_Sylvia_Adrien_third,ethnicity
30,SilviaVictime,09:18:28,Oh Lucas fait ce qu'il veut si il me prefère c'est son choix ! je n'y suis pour iren,victim,NAG,NULL,NULL,CNS,ATK,NEU,scenario_ethnicity_Sylvia_Adrien_third,ethnicity
31,Soan,09:18:38,Il te prefere tqt,victim_support,OAG,bully/bully_support,NCG,EMP,CNS,NEG,scenario_ethnicity_Sylvia_Adrien_third,ethnicity
32,SilviaVictime,09:18:42,laissez moi tranquille,victim,NAG,NULL,NULL,CNS,ATK,NEG,scenario_ethnicity_Sylvia_Adrien_third,ethnicity
33,Soan,09:18:46,Ils sont juste cons,victim_support,OAG,bully/bully_support,NCG,EMP,CNS,NEG,scenario_ethnicity_Sylvia_Adrien_third,ethnicity
34,Diana,09:18:51,mdrrr sale' serbe retourne dans ton pays,bully_support,OAG,victim,OTH,ATK,CNS,NEG,scenario_ethnicity_Sylvia_Adrien_third,ethnicity
35,SilviaVictime,09:19:00,Quelle est le rapport putain ??!!,victim,OAG,bully_support,OTH,DFN,ATK,NEG,scenario_ethnicity_Sylvia_Adrien_third,ethnicity
36,Adrien94,09:19:06," Soan par pitier deja que personne t’aime, arrete de parler",bully,OAG,victim_support,DNG,ATK,EMP,NEG,scenario_ethnicity_Sylvia_Adrien_third,ethnicity
37,SilviaVictime,09:19:09,Tu est rasiste en plus d'etre con ? En quoi ça te concerne en plus ??.,victim,OAG,bully_support,NCG,DFN,ATK,NEG,scenario_ethnicity_Sylvia_Adrien_third,ethnicity
38,Adrien94,09:19:39,silvia tu merite,bully,OAG,victim,OTH,ATK,DFN,NEG,scenario_ethnicity_Sylvia_Adrien_third,ethnicity
39,Soan,09:19:42,Bande de racistes,victim_support,OAG,bully/bully_support,NCG,DFN,NULL,NEG,scenario_ethnicity_Sylvia_Adrien_third,ethnicity
40,Diana,09:19:55,Je defend mon pote tout simplement,bully_support,NAG,NULL,NULL,OTH,DFN,NEU,scenario_ethnicity_Sylvia_Adrien_third,ethnicity
41,hebert,09:19:58," mais laisser silvia et lucas faire ce qu’ils veulent, ça vous regarde pas",conciliator,NAG,NULL,NULL,CR,ATK,NEU,scenario_ethnicity_Sylvia_Adrien_third,ethnicity
42,SilviaVictime,09:20:02," Adrien94  Tu n'as rie nd'autre a faire que de venir foutre la merde ici, tu as pas d'amis pour t'occuper ?",victim,OAG,bully,OTH,DFN,ATK,NEG,scenario_ethnicity_Sylvia_Adrien_third,ethnicity
43,Adrien94,09:20:04,bien dit Diana ! tg,bully,OAG,victim_support,OTH,ATK,DFN,NEG,scenario_ethnicity_Sylvia_Adrien_third,ethnicity
44,Theo68,09:20:10,pourquoi tu te mets à la place de la victime alors que c'est toi la tapin,bully_support,OAG,victim,BLM,ATK,DFN,NEG,scenario_ethnicity_Sylvia_Adrien_third,ethnicity
45,Adrien94,09:20:13,parle pas,bully,OAG,victim,OTH,ATK,DFN,NEG,scenario_ethnicity_Sylvia_Adrien_third,ethnicity
46,Soan,09:20:32,Vous bouffez votre seum parce que votre pote à pécho Silvia parce qu'elle est bien plus belle que Sophie,victim_support,NAG,NULL,NULL,DFN,ATK,POS,scenario_ethnicity_Sylvia_Adrien_third,ethnicity
47,Adrien94,09:20:43,toi t’ez un thon trop vilaine et elle parle,bully,OAG,victim_support,DNG,ATK,DFN,NEG,scenario_ethnicity_Sylvia_Adrien_third,ethnicity
48,Diana,09:21:01," mais gros elle est dans sa classe allo elle a pas de respect pour elle, va sur les trottoirs c'est pareil",bully_support,OAG,victim,OTH,ATK,DFN,NEG,scenario_ethnicity_Sylvia_Adrien_third,ethnicity
49,SilviaVictime,09:21:16,Diana si tu as un minimum de cerveau tu ne suis pas les connerie d'adrien,victim,OAG,bully/bully_support,OTH,DFN,ATK,NEG,scenario_ethnicity_Sylvia_Adrien_third,ethnicity
50,Soan,09:21:22,T'es super vilain Adrien,victim_support,OAG,bully,DNG,DFN,ATK,NEG,scenario_ethnicity_Sylvia_Adrien_third,ethnicity
51,camille,09:21:24,mdr quel seum t'es juste un bouche trou crois pas des bonne,bully_support,OAG,victim,DNG,ATK,DFN,NEG,scenario_ethnicity_Sylvia_Adrien_third,ethnicity
52,Adrien94,09:21:24,silvia t’as chatte toute degeulasse,bully,OAG,victim,DNG,ATK,DFN,NEG,scenario_ethnicity_Sylvia_Adrien_third,ethnicity
53,Theo68,09:21:25,tg Soan t'es au meme niveau que ta pote crasseuse,bully_support,OAG,victim/victim_support,OTH,ATK,DFN,NEG,scenario_ethnicity_Sylvia_Adrien_third,ethnicity
54,Soan,09:21:36,Les conneries d'Adrien sont aussi grosses que lui,victim_support,OAG,bully,DNG,DFN,ATK,NEG,scenario_ethnicity_Sylvia_Adrien_third,ethnicity
55,Adrien94,09:21:48,Soan t’es panini,bully,OAG,victim_support,NCG,ATK,DFN,NEG,scenario_ethnicity_Sylvia_Adrien_third,ethnicity
56,Soan,09:22:00,le rapport ???????????? T'es très peu futé,victim_support,OAG,bully,OTH,DFN,ATK,NEG,scenario_ethnicity_Sylvia_Adrien_third,ethnicity
57,Diana,09:22:12,silvia me parle pas sachant que tu fais la sainte nitouche alors que t'a bz 1000 mecs,bully_support,OAG,victim,DNG,ATK,DFN,NEG,scenario_ethnicity_Sylvia_Adrien_third,ethnicity
58,Adrien94,09:22:15,silvia parle si t as des couille grognasse,bully,OAG,victim,OTH,ATK,NULL,NEG,scenario_ethnicity_Sylvia_Adrien_third,ethnicity
59,hebert,09:22:52,mais adrien trkl ça te regarde pas,conciliator,NAG,NULL,NULL,CR,ATK,NEU,scenario_ethnicity_Sylvia_Adrien_third,ethnicity
60,Adrien94,09:23:03,arrete d essayer de calmer,bully,OAG,conciliator,THR,ATK,CR,NEG,scenario_ethnicity_Sylvia_Adrien_third,ethnicity
61,camille,09:23:03,ta bouche c'est un garage arrête de parler,bully_support,OAG,conciliator,OTH,ATK,CR,NEG,scenario_ethnicity_Sylvia_Adrien_third,ethnicity
62,Adrien94,09:23:10,ou je vais t’attraper aussi,bully,OAG,conciliator,THR,ATK,CR,NEG,scenario_ethnicity_Sylvia_Adrien_third,ethnicity
63,Diana,09:23:15,hebert tu sers a rien,bully_support,OAG,conciliator,DNG,ATK,CR,NEG,scenario_ethnicity_Sylvia_Adrien_third,ethnicity
64,Soan,09:23:16,très peu stylé votre répartie... vous embrouillez pour rien,victim_support,OAG,bully,OTH,DFN,ATK,NEG,scenario_ethnicity_Sylvia_Adrien_third,ethnicity
65,hebert,09:23:26,mskn,conciliator,OAG,bully,OTH,DFN,ATK,NEG,scenario_ethnicity_Sylvia_Adrien_third,ethnicity
66,SilviaVictime,09:23:29," Og on c'est juste embrasser 1 fois, c'est quoi ce délire !",victim,OAG,bully/bully_support,OTH,DFN,ATK,NEG,scenario_ethnicity_Sylvia_Adrien_third,ethnicity
67,Theo68,09:23:30,tg petasse,bully_support,OAG,conciliator,OTH,ATK,DFN,NEG,scenario_ethnicity_Sylvia_Adrien_third,ethnicity
68,Adrien94,09:23:58,ta bouche c un garage a teub,bully,OAG,victim,DNG,ATK,DFN,NEG,scenario_ethnicity_Sylvia_Adrien_third,ethnicity
69,Theo68,09:24:05,on va devoir te coudre la bouche,bully_support,OAG,victim,THR,AIN,ATK,NEG,scenario_ethnicity_Sylvia_Adrien_third,ethnicity
70,SilviaVictime,09:24:36," BOn, ta pas des arguments plutot que des insuste en boucle  Adrien ?",victim,OAG,bully,OTH,DFN,ATK,NEG,scenario_ethnicity_Sylvia_Adrien_third,ethnicity
71,Diana,09:24:42,et alors frr elle etait en cvouple et toi t'embrasse le mec de ta collegue,bully_support,NAG,NULL,NULL,OTH,DFN,NEU,scenario_ethnicity_Sylvia_Adrien_third,ethnicity
72,Soan,09:24:55,Lucas a fauté,victim_support,NAG,NULL,NULL,OTH,OTH,NEU,scenario_ethnicity_Sylvia_Adrien_third,ethnicity
73,Theo68,09:25:01,parle francais le s,bully_support,CAG,victim_support,DNG,ATK,OTH,NEG,scenario_ethnicity_Sylvia_Adrien_third,ethnicity
74,hebert,09:25:03,mais alors ça te regarde pas Diana t’es qui pour intervenir dans la vie des gens,conciliator,NAG,NULL,NULL,CR,OTH,NEU,scenario_ethnicity_Sylvia_Adrien_third,ethnicity
75,camille,09:25:11,et alors tu sais pas dire,bully_support,OAG,conciliator,OTH,ATK,CR,NEG,scenario_ethnicity_Sylvia_Adrien_third,ethnicity
76,Adrien94,09:25:11,je comprend meme pas pq il t’as embrasse sophi est pas grosse au moins,bully,CAG,victim,DNG,ATK,DFN,NEG,scenario_ethnicity_Sylvia_Adrien_third,ethnicity
77,Soan,09:25:12,C'est pas la faute de Silvia Soyez logique,victim_support,NAG,NULL,NULL,CR,OTH,NEU,scenario_ethnicity_Sylvia_Adrien_third,ethnicity
78,SilviaVictime,09:25:20,C'est pas moi qui suis en couple et Lucas fait ce qu'il veut,victim,NAG,NULL,NULL,CNS,ATK,NEU,scenario_ethnicity_Sylvia_Adrien_third,ethnicity
79,Soan,09:25:30,Silvia a raison,victim_support,NAG,NULL,NULL,EMP,CNS,POS,scenario_ethnicity_Sylvia_Adrien_third,ethnicity
80,Diana,09:25:36,et alors t'as pas de respect ou quoi,bully_support,OAG,victim,OTH,ATK,CNS,NEG,scenario_ethnicity_Sylvia_Adrien_third,ethnicity
81,SilviaVictime,09:25:37,merci Soan,victim,NAG,NULL,NULL,OTH,EMP,POS,scenario_ethnicity_Sylvia_Adrien_third,ethnicity
82,Adrien94,09:25:37,t’as aucune dignité et Soan pareil,bully,OAG,victim/victim_support,DNG,ATK,CNS,NEG,scenario_ethnicity_Sylvia_Adrien_third,ethnicity
83,hebert,09:25:38,de fou adrien arrête de faire la star je vais te chopper dans un coin,conciliator,OAG,bully,OTH,DFN,ATK,NEG,scenario_ethnicity_Sylvia_Adrien_third,ethnicity
84,Soan,09:25:39,soyez intelligent Adrien tg,victim_support,OAG,bully,OTH,DFN,ATK,NEG,scenario_ethnicity_Sylvia_Adrien_third,ethnicity
85,Theo68,09:25:48,t'es une pute et tu resteras toujours une pute,bully_support,OAG,victim_support,NCG,ATK,DFN,NEG,scenario_ethnicity_Sylvia_Adrien_third,ethnicity
86,Soan,09:26:05,tu prends ton seum theo car tu voulais pécho Silvia ? que ça mange son seum..,victim_support,CAG,bully_support,OTH,DFN,ATK,NEG,scenario_ethnicity_Sylvia_Adrien_third,ethnicity
87,Diana,09:26:38,je suis sur silvia tes trans,bully_support,OAG,victim,OTH,AIN,NULL,NEG,scenario_ethnicity_Sylvia_Adrien_third,ethnicity
88,Theo68,09:26:40,je l'ai bz comme ta mère,bully_support,OAG,victim_support,OTH,ATK,DFN,NEG,scenario_ethnicity_Sylvia_Adrien_third,ethnicity
89,SilviaVictime,09:26:47," Adrien et ton fan club la, donne t'es arguement ?? qu'es que tu invente, t'as vue quoi d'apres toi ?",victim,OAG,bully/bully_support,OTH,DFN,NULL,NEG,scenario_ethnicity_Sylvia_Adrien_third,ethnicity
91,Adrien94,09:27:05,j’ai vu c tout,bully,OAG,victim,OTH,ATK,DFN,NEG,scenario_ethnicity_Sylvia_Adrien_third,ethnicity
93,SilviaVictime,09:27:11,C'est toi uqi vien me parler,victim,NAG,NULL,NULL,DFN,ATK,NEG,scenario_ethnicity_Sylvia_Adrien_third,ethnicity
105,Adrien94,09:28:34,mais ferme ta gueule ?,bully,OAG,victim,OTH,ATK,DFN,NEG,scenario_ethnicity_Sylvia_Adrien_third,ethnicity
106,hebert,09:28:37,et laisse silvia et lucas faire leur vie mais bz ta mère,conciliator,OAG,bully,OTH,DFN,ATK,NEG,scenario_ethnicity_Sylvia_Adrien_third,ethnicity
107,Soan,09:28:45,Adrien tu te prends pour qui tu parles trop mal frr,victim_support,NAG,NULL,NULL,CNS,ATK,NEG,scenario_ethnicity_Sylvia_Adrien_third,ethnicity
108,Diana,09:29:00," silvia va ken hebert il a l'air detre chaud vu que toi ca te"" derange pas",bully_support,OAG,victim,DNG,ATK,DFN,NEG,scenario_ethnicity_Sylvia_Adrien_third,ethnicity
109,SilviaVictime,09:29:03,Quelle est le rapport avec le fait que je suis d'orgine Serbe ?,victim,NAG,NULL,NULL,DFN,ATK,NEU,scenario_ethnicity_Sylvia_Adrien_third,ethnicity
110,Soan,09:29:13,Ils sont racistes fort ici,victim_support,OAG,bully/bully_support,NCG,DFN,ATK,NEG,scenario_ethnicity_Sylvia_Adrien_third,ethnicity
111,Adrien94,09:29:19,ces putain de serbes de merdes,bully,OAG,victim,DNG,ATK,NULL,NEG,scenario_ethnicity_Sylvia_Adrien_third,ethnicity
112,hebert,09:29:21,c’est un pure discrimination c’est chaud vraiment,conciliator,NAG,NULL,NULL,CNS,ATK,NEG,scenario_ethnicity_Sylvia_Adrien_third,ethnicity
113,Adrien94,09:29:24,tous les memes,bully,OAG,victim,DNG,ATK,NULL,NEG,scenario_ethnicity_Sylvia_Adrien_third,ethnicity
116,SilviaVictime,09:30:18,Comme ça tous les meme ??,victim,NAG,NULL,NULL,DFN,ATK,NEU,scenario_ethnicity_Sylvia_Adrien_third,ethnicity
119,Soan,09:30:31,choqué du niveau de racisme,victim_support,NAG,NULL,NULL,DFN,ATK,NEG,scenario_ethnicity_Sylvia_Adrien_third,ethnicity
120,Adrien94,09:30:32,tu sais de quoi je parle salope,bully,OAG,victim,NCG,ATK,DFN,NEG,scenario_ethnicity_Sylvia_Adrien_third,ethnicity
121,SilviaVictime,09:30:35,Explique toi !,victim,NAG,NULL,NULL,DFN,ATK,NEG,scenario_ethnicity_Sylvia_Adrien_third,ethnicity
122,Adrien94,09:30:41,articule stp,bully,NAG,NULL,NULL,OTH,DFN,NEU,scenario_ethnicity_Sylvia_Adrien_third,ethnicity
123,Diana,09:30:48,parle francais le reuf stp,bully_support,CAG,victim,DNG,ATK,DFN,NEG,scenario_ethnicity_Sylvia_Adrien_third,ethnicity
127,hebert,09:31:53,c’est bon adrien c’est normal que t’es la haine par rapport à ton pote mais pas besoins d’allez aussi loin,conciliator,NAG,NULL,NULL,CR,OTH,NEU,scenario_ethnicity_Sylvia_Adrien_third,ethnicity
128,Adrien94,09:32:09,hebert ?,bully,NAG,NULL,NULL,OTH,CR,NEU,scenario_ethnicity_Sylvia_Adrien_third,ethnicity
129,hebert,09:32:23,adrien quoi ?,conciliator,NAG,NULL,NULL,OTH,OTH,NEU,scenario_ethnicity_Sylvia_Adrien_third,ethnicity
130,Adrien94,09:32:25,tg,bully,OAG,conciliator,OTH,ATK,OTH,NEG,scenario_ethnicity_Sylvia_Adrien_third,ethnicity
131,SilviaVictime,09:32:28,￼c'est triste,victim,NAG,NULL,NULL,OTH,NULL,NEG,scenario_ethnicity_Sylvia_Adrien_third,ethnicity
132,Soan,09:32:33,Vraiment,victim_support,NAG,NULL,NULL,EMP,OTH,NEU,scenario_ethnicity_Sylvia_Adrien_third,ethnicity
133,hebert,09:32:34,je vais te retrouver,conciliator,OAG,bully,THR,DFN,ATK,NEG,scenario_ethnicity_Sylvia_Adrien_third,ethnicity
134,Adrien94,09:32:34,silvia ?,bully,NAG,NULL,NULL,OTH,OTH,NEU,scenario_ethnicity_Sylvia_Adrien_third,ethnicity
135,SilviaVictime,09:32:37,si peut d'argument,victim,NAG,NULL,NULL,OTH,NULL,NEU,scenario_ethnicity_Sylvia_Adrien_third,ethnicity
136,Soan,09:32:38,Ils prennent leurs seum C'est trop Silvia t'es trop belle pour eux,victim_support,NAG,NULL,NULL,EMP,OTH,POS,scenario_ethnicity_Sylvia_Adrien_third,ethnicity
137,Adrien94,09:32:54,tg jvais te cracher dessus,bully,OAG,victim_support,OTH,ATK,EMP,NEG,scenario_ethnicity_Sylvia_Adrien_third,ethnicity
138,Diana,09:33:08,crache dans sa chatte,bully_support,OAG,victim_support,OTH,AIN,ATK,NEG,scenario_ethnicity_Sylvia_Adrien_third,ethnicity
139,Soan,09:33:19,Soyez digne sérieuix sérieux,victim_support,NAG,NULL,NULL,DFN,NULL,NEG,scenario_ethnicity_Sylvia_Adrien_third,ethnicity
140,Theo68,09:33:31,Diana elle a faim blup blup blup,bully_support,CAG,victim_support,DNG,AIN,AIN,NEG,scenario_ethnicity_Sylvia_Adrien_third,ethnicity
141,camille,09:34:03,parle pas de dignité quand ta collègue pecho le mec de sa pote,bully_support,OAG,victim,DNG,ATK,DFN,NEG,scenario_ethnicity_Sylvia_Adrien_third,ethnicity
142,Soan,09:34:09,C'est lui le fautif pas elle,victim_support,NAG,NULL,NULL,CNS,ATK,NEU,scenario_ethnicity_Sylvia_Adrien_third,ethnicity
143,Theo68,09:34:11,dis leur cam,bully_support,NAG,NULL,NULL,AIN,ATK,NEG,scenario_ethnicity_Sylvia_Adrien_third,ethnicity
144,Diana,09:34:18,elle aurait pu l'arreter,bully_support,OAG,victim,BLM,ATK,CNS,NEG,scenario_ethnicity_Sylvia_Adrien_third,ethnicity
145,Soan,09:34:19," Elle est célibataire, il est en couple Soyez intelligents.",victim_support,NAG,NULL,NULL,CNS,ATK,NEU,scenario_ethnicity_Sylvia_Adrien_third,ethnicity
146,Adrien94,09:34:34,toi aussi t es une traine ton avis compte pas,bully,OAG,victim_support,DNG,ATK,CNS,NEG,scenario_ethnicity_Sylvia_Adrien_third,ethnicity
147,camille,09:34:45,elle a aucun respect cette crasseuse,bully_support,OAG,victim,DNG,ATK,CNS,NEG,scenario_ethnicity_Sylvia_Adrien_third,ethnicity
148,Soan,09:34:50,Il a profité que sa meuf ai la grippe pour aller à droite et à gauche votre pote est indéfendable,victim_support,NAG,NULL,NULL,CNS,ATK,NEG,scenario_ethnicity_Sylvia_Adrien_third,ethnicity
149,Diana,09:35:01,elle a bien du avaler celle la,bully_support,OAG,victim,DNG,ATK,NULL,NEG,scenario_ethnicity_Sylvia_Adrien_third,ethnicity
150,hebert,09:35:02,et toi en faisant ça t’a aucun respect non plus camille,conciliator,OAG,bully_support,DNG,DFN,ATK,NEG,scenario_ethnicity_Sylvia_Adrien_third,ethnicity
151,SilviaVictime,09:35:13,Oui merci Soan !! Adrien en plus tu t'enfonce avec t'es sous entendu raciste !,victim,NAG,NULL,NULL,CNS,ATK,NEG,scenario_ethnicity_Sylvia_Adrien_third,ethnicity
152,Soan,09:35:18,Grave,victim_support,NAG,NULL,NULL,EMP,CNS,NEU,scenario_ethnicity_Sylvia_Adrien_third,ethnicity
154,Soan,09:35:24,Bande de racistes,victim_support,OAG,bully/bully_support,NCG,EMP,CNS,NEG,scenario_ethnicity_Sylvia_Adrien_third,ethnicity
155,SilviaVictime,09:35:33,Tous le monde as de la famille étrangères,victim,NAG,NULL,NULL,CNS,ATK,NEU,scenario_ethnicity_Sylvia_Adrien_third,ethnicity
157,camille,09:35:34,elle l'autre serbe elle a ouvert les jalbrs jambes,bully_support,OAG,victim_support,OTH,ATK,EMP,NEG,scenario_ethnicity_Sylvia_Adrien_third,ethnicity
158,Soan,09:35:37,Vous savez que les propos racistes c'est conda,victim_support,OAG,bully_support,OTH,DFN,ATK,NEG,scenario_ethnicity_Sylvia_Adrien_third,ethnicity
159,Adrien94,09:35:39,jsuis pas rasciste jdis la verite,bully,NAG,NULL,NULL,OTH,CNS,NEU,scenario_ethnicity_Sylvia_Adrien_third,ethnicity
160,SilviaVictime,09:35:40,et ca ne définie pas ton comportement,victim,NAG,NULL,NULL,DFN,ATK,NEG,scenario_ethnicity_Sylvia_Adrien_third,ethnicity
161,Soan,09:35:42,condamnable?,victim_support,NAG,NULL,NULL,DFN,ATK,NEG,scenario_ethnicity_Sylvia_Adrien_third,ethnicity
163,Diana,09:36:03,retourne au Kosovo et vient pas faire chier,bully_support,OAG,victim,OTH,ATK,DFN,NEG,scenario_ethnicity_Sylvia_Adrien_third,ethnicity
164,hebert,09:36:14,mais wshhhhhhhh,conciliator,NAG,NULL,NULL,OTH,NULL,NEU,scenario_ethnicity_Sylvia_Adrien_third,ethnicity
165,SilviaVictime,09:36:45,Les Serbe ne sons pas des voleurs c'est des cliché de Fachiste comme toi ça,victim,OAG,bully_support,NCG,DFN,ATK,NEG,scenario_ethnicity_Sylvia_Adrien_third,ethnicity
166,hebert,09:36:55," juste adrien c’est bon t’a dis des trucs de fou, t’a défoulé ta haine laisse silvia et partez faire vos vies chacun de votre côté",conciliator,NAG,NULL,NULL,CR,OTH,NEU,scenario_ethnicity_Sylvia_Adrien_third,ethnicity
167,camille,09:36:55,t'as sucé pour passer la frontière ?,bully_support,OAG,victim,DNG,ATK,DFN,NEG,scenario_ethnicity_Sylvia_Adrien_third,ethnicity
168,Soan,09:37:02,Que ça vote le z ici.. ça craint,victim_support,OAG,bully_support,OTH,DFN,ATK,NEG,scenario_ethnicity_Sylvia_Adrien_third,ethnicity
169,Diana,09:37:16,meme ton pseudo c afait pitie,bully_support,OAG,victim,DNG,ATK,DFN,NEG,scenario_ethnicity_Sylvia_Adrien_third,ethnicity
170,Adrien94,09:37:19,bah la le serbe a voler le mec de quelqu’un en l’cccurence,bully,OAG,victim,DNG,ATK,DFN,NEG,scenario_ethnicity_Sylvia_Adrien_third,ethnicity
171,Soan,09:37:26,apprends à écrire Diana,victim_support,CAG,bully_support,DNG,DFN,ATK,NEG,scenario_ethnicity_Sylvia_Adrien_third,ethnicity
172,Adrien94,09:37:36,o,bully,NAG,NULL,NULL,OTH,NULL,NEU,scenario_ethnicity_Sylvia_Adrien_third,ethnicity
173,Soan,09:37:37,la bite dans la bouche depuis tout à l'heure,victim_support,OAG,bully_support,DNG,DFN,ATK,NEG,scenario_ethnicity_Sylvia_Adrien_third,ethnicity
174,Diana,09:37:39,les etranger dans l'avion,bully_support,CAG,victim_support,OTH,ATK,DFN,NEG,scenario_ethnicity_Sylvia_Adrien_third,ethnicity
175,SilviaVictime,09:37:42," MAis c'est grave, qu»es ce que tu coprend pas dans le fait que je suis Française ! je suis net en France et ma mere et Francçaise ! C'est pas complique !",victim,NAG,NULL,NULL,CNS,ATK,NEU,scenario_ethnicity_Sylvia_Adrien_third,ethnicity
176,Diana,09:37:58,va crever,bully_support,OAG,victim,OTH,ATK,CNS,NEG,scenario_ethnicity_Sylvia_Adrien_third,ethnicity
177,camille,09:38:03,va te pendre,bully_support,OAG,victim,OTH,ATK,CNS,NEG,scenario_ethnicity_Sylvia_Adrien_third,ethnicity
178,Adrien94,09:38:10,mais ton pere le ptn de serbe,bully,NAG,NULL,NULL,OTH,CNS,NEU,scenario_ethnicity_Sylvia_Adrien_third,ethnicity
179,Soan,09:38:13,PARDON vous allez beaucoup trop loin,victim_support,NAG,NULL,NULL,DFN,ATK,NEG,scenario_ethnicity_Sylvia_Adrien_third,ethnicity
180,camille,09:38:21,fait pas la choquer,bully_support,CAG,victim,OTH,ATK,OTH,NEG,scenario_ethnicity_Sylvia_Adrien_third,ethnicity
181,hebert,09:38:23,mais arrêter vraiment vous avez aucune peine c’est chaud,conciliator,NAG,NULL,NULL,CR,OTH,NEU,scenario_ethnicity_Sylvia_Adrien_third,ethnicity
182,Diana,09:38:29,hebert tg toi,bully_support,OAG,conciliator,OTH,ATK,CR,NEG,scenario_ethnicity_Sylvia_Adrien_third,ethnicity
183,SilviaVictime,09:38:42,Tu ne fait que répéter ce que tu entend comme un mouton,victim,OAG,bully_support,OTH,DFN,ATK,NEG,scenario_ethnicity_Sylvia_Adrien_third,ethnicity
185,SilviaVictime,09:38:51,Je suis sure que tu ne connait meme pas de Serbe en plus,victim,NAG,NULL,NULL,DFN,ATK,NEU,scenario_ethnicity_Sylvia_Adrien_third,ethnicity
186,Soan,09:38:52,Sale mouton Diana,victim_support,OAG,bully_support,NCG,EMP,DFN,NEG,scenario_ethnicity_Sylvia_Adrien_third,ethnicity
187,Adrien94,09:38:55,silvia personne te comprend,bully,OAG,victim,OTH,ATK,DFN,NEG,scenario_ethnicity_Sylvia_Adrien_third,ethnicity
188,Soan,09:39:01,avec tes cheveux mal coiffé là,victim_support,OAG,bully_support,NCG,EMP,DFN,NEG,scenario_ethnicity_Sylvia_Adrien_third,ethnicity
189,Diana,09:39:03,bah si toi Soan je vais t’enculer sale mms,bully_support,OAG,victim_support,THR,ATK,EMP,NEG,scenario_ethnicity_Sylvia_Adrien_third,ethnicity
190,SilviaVictime,09:39:19,Oui as part moi connard MDR,victim,OAG,bully,NCG,DFN,ATK,NEG,scenario_ethnicity_Sylvia_Adrien_third,ethnicity
192,Diana,09:39:37,comment ca t'insulte toi,bully_support,NAG,NULL,NULL,OTH,DFN,NEU,scenario_ethnicity_Sylvia_Adrien_third,ethnicity
193,Soan,09:39:37,voila Silvia DIS LEURS,victim_support,NAG,NULL,NULL,EMP,DFN,NEG,scenario_ethnicity_Sylvia_Adrien_third,ethnicity
197,Diana,09:40:03,silvia on va debarquer chez toi tu vas voir,bully_support,OAG,victim,THR,ATK,DFN,NEG,scenario_ethnicity_Sylvia_Adrien_third,ethnicity
0,<Pierre-Soutien-Harceleur>,[11:34:40],ça lui fera de l'argent pour une fois qu'elle en aura,bully_support,CAG,victim,OTH,AIN,NULL,NEG,scenario_ethnicity_fatima,ethnicity
1,<Fatima-Victime>,[11:34:47],bande de jaloux,victim,OAG,bully_support,NCG,DFN,AIN,NEG,scenario_ethnicity_fatima,ethnicity
2,<Nicolas-Soutien-Harceleur>,[11:34:52],tu montre ton cu tassume,bully_support,OAG,victim,OTH,ATK,DFN,NEG,scenario_ethnicity_fatima,ethnicity
3,<Teresa-Soutien-Victime>,[11:34:54],bh elle va aller porter plainte,victim_support,NAG,NULL,NULL,CNS,AIN,NEU,scenario_ethnicity_fatima,ethnicity
4,<Fatima-Victime>,[11:34:55],tkt jai pas besoin de ton argent,victim,NAG,NULL,NULL,CNS,AIN,NEU,scenario_ethnicity_fatima,ethnicity
5,<Pierre-Soutien-Harceleur>,[11:34:58],c'est pas dans son pays qu'elle en aura :') :'),bully_support,CAG,victim,DNG,AIN,AIN,NEG,scenario_ethnicity_fatima,ethnicity
6,<Pauline-Harceleur>,[11:34:59],c dieu qui donne mon bebew,bully,CAG,victim,OTH,ATK,CNS,NEG,scenario_ethnicity_fatima,ethnicity
7,<Pierre-Soutien-Harceleur>,[11:35:09],elle ira pas porter plainte,bully_support,OAG,victim,THR,ATK,CNS,NEG,scenario_ethnicity_fatima,ethnicity
8,<Fatima-Victime>,[11:35:16],cmt tu sais ?,victim,NAG,NULL,NULL,DFN,ATK,NEU,scenario_ethnicity_fatima,ethnicity
9,<Nicolas-Soutien-Harceleur>,[11:35:17],ben va porter plainte,bully_support,CAG,victim,THR,ATK,CNS,NEU,scenario_ethnicity_fatima,ethnicity
10,<Teresa-Soutien-Victime>,[11:35:17],exactement,victim_support,NAG,NULL,NULL,OTH,NULL,NEU,scenario_ethnicity_fatima,ethnicity
11,<Nicolas-Soutien-Harceleur>,[11:35:22],on verra a la sorti,bully_support,CAG,victim,THR,ATK,CNS,NEG,scenario_ethnicity_fatima,ethnicity
12,<Teresa-Soutien-Victime>,[11:35:26],mdr,victim_support,CAG,bully_support,OTH,DFN,ATK,NEG,scenario_ethnicity_fatima,ethnicity
13,<Nicolas-Soutien-Harceleur>,[11:35:27],kestu crois,bully_support,CAG,victim,THR,ATK,CNS,NEG,scenario_ethnicity_fatima,ethnicity
14,<Teresa-Soutien-Victime>,[11:35:28],lol,victim_support,CAG,bully_support,OTH,DFN,ATK,NEG,scenario_ethnicity_fatima,ethnicity
15,<Pierre-Soutien-Harceleur>,[11:35:30],tkt je l'attendrais devant chez elle,bully_support,CAG,victim,THR,AIN,ATK,NEG,scenario_ethnicity_fatima,ethnicity
16,<Teresa-Soutien-Victime>,[11:35:34],tu vas faire quoi,victim_support,NAG,NULL,NULL,OTH,ATK,NEU,scenario_ethnicity_fatima,ethnicity
17,<Théo-Conciliateur>,[11:35:37],y aura rien a la sorti,conciliator,NAG,NULL,NULL,CR,NULL,NEU,scenario_ethnicity_fatima,ethnicity
18,<Pierre-Soutien-Harceleur>,[11:35:46],je vais bien continuier avce pauline pour diffuser,bully_support,NAG,NULL,NULL,AIN,CR,NEG,scenario_ethnicity_fatima,ethnicity
19,<Nicolas-Soutien-Harceleur>,[11:35:46],interogatoir 2 heures et glaces a la plages apres,bully_support,CAG,victim,THR,ATK,OTH,NEG,scenario_ethnicity_fatima,ethnicity
20,<Fatima-Victime>,[11:35:47],ils saven que parlé,victim,NAG,NULL,NULL,OTH,NULL,NEU,scenario_ethnicity_fatima,ethnicity
21,<Pauline-Harceleur>,[11:35:47],theo on va te meler aussi,bully,OAG,conciliator,THR,ATK,CR,NEG,scenario_ethnicity_fatima,ethnicity
22,<Pierre-Soutien-Harceleur>,[11:35:53],on va venir à plusieurs,bully_support,OAG,victim,THR,AIN,ATK,NEG,scenario_ethnicity_fatima,ethnicity
23,<Fatima-Victime>,[11:35:54],derrière leur ecran la,victim,NAG,NULL,NULL,OTH,NULL,NEU,scenario_ethnicity_fatima,ethnicity
24,<Nicolas-Soutien-Harceleur>,[11:35:57],et ta guele part terre ensuite,bully_support,OAG,victim,THR,ATK,OTH,NEG,scenario_ethnicity_fatima,ethnicity
25,<Teresa-Soutien-Victime>,[11:35:57],tkktt on t'attendra a 2 on te ntm,victim_support,OAG,bully_support,THR,DFN,ATK,NEG,scenario_ethnicity_fatima,ethnicity
26,<Pierre-Soutien-Harceleur>,[11:36:13],tkt pas en face je vais te montrer mon petit bijoux,bully_support,CAG,victim_support,THR,ATK,DFN,NEG,scenario_ethnicity_fatima,ethnicity
27,<Pauline-Harceleur>,[11:36:16],tu nique personne,bully,OAG,victim_support,OTH,ATK,DFN,NEG,scenario_ethnicity_fatima,ethnicity
28,<Teresa-Soutien-Victime>,[11:36:20],tu crois on a peur de toi t degun redesend,victim_support,OAG,bully_support,OTH,DFN,ATK,NEG,scenario_ethnicity_fatima,ethnicity
29,<Pauline-Harceleur>,[11:36:28],mere teresa tg,bully,OAG,victim_support,OTH,ATK,DFN,NEG,scenario_ethnicity_fatima,ethnicity
30,<Pierre-Soutien-Harceleur>,[11:36:28],avec d'autres qui n'aiment pas les arabes comme toi,bully_support,OAG,victim,OTH,ATK,OTH,NEG,scenario_ethnicity_fatima,ethnicity
31,<Nicolas-Soutien-Harceleur>,[11:36:34],tu nike ta mere plutot et encore,bully_support,OAG,victim_support,OTH,ATK,DFN,NEG,scenario_ethnicity_fatima,ethnicity
32,<Fatima-Victime>,[11:36:35],il est tlmt ptit qu on verra rien tkt terasa,victim,CAG,bully/bully_support,OTH,EMP,DFN,NEG,scenario_ethnicity_fatima,ethnicity
33,<Nicolas-Soutien-Harceleur>,[11:36:42],si quelqu un te veux,bully_support,OAG,victim,DNG,ATK,EMP,NEG,scenario_ethnicity_fatima,ethnicity
34,<Théo-Conciliateur>,[11:36:46],bon euh vs avez fini de parler pour rien ?,conciliator,OAG,bully_support,OTH,DFN,ATK,NEG,scenario_ethnicity_fatima,ethnicity
35,<Pierre-Soutien-Harceleur>,[11:36:49],ooooh theresa tu me chauffes tu veux le meme sort?,bully_support,OAG,victim_support,THR,ATK,DFN,NEG,scenario_ethnicity_fatima,ethnicity
36,<Nicolas-Soutien-Harceleur>,[11:37:06],ta 12 ans tu fait la grande ta pote et a pooile sur la plage et se plaint apres,bully_support,OAG,victim,BLM,ATK,NULL,NEG,scenario_ethnicity_fatima,ethnicity
37,<Pierre-Soutien-Harceleur>,[11:37:13],theo arrete de defendre vrm on dirait que t'es pas francais,bully_support,OAG,conciliator,OTH,ATK,DFN,NEG,scenario_ethnicity_fatima,ethnicity
38,<Pauline-Harceleur>,[11:37:13],appelez carla elle va faire la sorcellerie jai des contacts,bully,OAG,victim/victim_support,THR,ATK,NULL,NEG,scenario_ethnicity_fatima,ethnicity
39,<Fatima-Victime>,[11:37:17],mai a poil de koi,victim,NAG,NULL,NULL,OTH,NULL,NEU,scenario_ethnicity_fatima,ethnicity
40,<Teresa-Soutien-Victime>,[11:37:19],mais oui il fait le beau parceque t'es une gadjis mais devant un mec il ferra rien,victim_support,OAG,bully,NCG,DFN,ATK,NEG,scenario_ethnicity_fatima,ethnicity
41,<Pauline-Harceleur>,[11:37:34],tg toi,bully,OAG,victim_support,OTH,ATK,DFN,NEG,scenario_ethnicity_fatima,ethnicity
42,<Fatima-Victime>,[11:37:36],la pauline on voyait son cul et elle vient m harceler apres la,victim,OAG,bully,OTH,DFN,ATK,NEG,scenario_ethnicity_fatima,ethnicity
43,<Nicolas-Soutien-Harceleur>,[11:37:40],apel plutot anaé,bully_support,OAG,victim/victim_support,OTH,AIN,ATK,NEG,scenario_ethnicity_fatima,ethnicity
44,<Pauline-Harceleur>,[11:37:51],j'en ai un moi au moins,bully,CAG,victim,OTH,ATK,DFN,NEG,scenario_ethnicity_fatima,ethnicity
45,<Pierre-Soutien-Harceleur>,[11:37:54],en attendant elle elle avait le droit,bully_support,OAG,victim,OTH,ATK,DFN,NEG,scenario_ethnicity_fatima,ethnicity
46,<Nicolas-Soutien-Harceleur>,[11:37:55],ily aura que elle qui va te repondre mdr,bully_support,OAG,victim,OTH,ATK,DFN,NEG,scenario_ethnicity_fatima,ethnicity
47,<Teresa-Soutien-Victime>,[11:38:00],oe ta raison c la plus grosse des pute,victim_support,OAG,bully,NCG,DFN,ATK,NEG,scenario_ethnicity_fatima,ethnicity
48,<Pierre-Soutien-Harceleur>,[11:38:02],parce qu'elle elle est dans son pays,bully_support,OAG,victim,OTH,ATK,DFN,NEG,scenario_ethnicity_fatima,ethnicity
49,<Teresa-Soutien-Victime>,[11:38:07],hein pauline,victim_support,OAG,bully,NCG,DFN,ATK,NEG,scenario_ethnicity_fatima,ethnicity
50,<Pauline-Harceleur>,[11:38:18],teresa ftg va a l'eglise,bully,OAG,victim_support,OTH,ATK,DFN,NEG,scenario_ethnicity_fatima,ethnicity
51,<Fatima-Victime>,[11:38:27],ba va y on y va ensemble,victim,NAG,NULL,NULL,DFN,ATK,NEU,scenario_ethnicity_fatima,ethnicity
52,<Pierre-Soutien-Harceleur>,[11:38:30],ça t'éduqueras un peu,bully_support,CAG,victim_support,DNG,AIN,ATK,NEG,scenario_ethnicity_fatima,ethnicity
53,<Teresa-Soutien-Victime>,[11:38:34],tu devrais faire pareil,victim_support,OAG,bully,OTH,DFN,ATK,NEG,scenario_ethnicity_fatima,ethnicity
54,<Fatima-Victime>,[11:38:34],j sui sur t es jamais allé a leglise hypocrite,victim,OAG,bully,NCG,DFN,ATK,NEG,scenario_ethnicity_fatima,ethnicity
55,<Nicolas-Soutien-Harceleur>,[11:38:44],on te brule toi a leglise,bully_support,OAG,victim,THR,ATK,DFN,NEG,scenario_ethnicity_fatima,ethnicity
56,<Théo-Conciliateur>,[11:38:46],"mais vs en avez pas marre, vs voulez pas vs re parler et mettre les choses a plat ?",conciliator,NAG,NULL,NULL,CR,NULL,NEU,scenario_ethnicity_fatima,ethnicity
57,<Teresa-Soutien-Victime>,[11:38:47],oe grave tu parles,victim_support,CAG,bully_support,OTH,DFN,AIN,NEG,scenario_ethnicity_fatima,ethnicity
58,<Pauline-Harceleur>,[11:38:54],theo tu sers a rien,bully,OAG,conciliator,DNG,ATK,CR,NEG,scenario_ethnicity_fatima,ethnicity
59,<Pierre-Soutien-Harceleur>,[11:38:58],fatima arrete la mascarade on sait que toi t'es un autre delire toi tu fais la manche devant frr,bully_support,OAG,victim,OTH,ATK,DFN,NEG,scenario_ethnicity_fatima,ethnicity
60,<Fatima-Victime>,[11:39:19],j prefere faire la manche que la pute comme ta mere,victim,OAG,bully_support,OTH,DFN,ATK,NEG,scenario_ethnicity_fatima,ethnicity
61,<Teresa-Soutien-Victime>,[11:39:21],c a eux d'arreter d'harceler les gens,victim_support,NAG,NULL,NULL,CR,NULL,NEU,scenario_ethnicity_fatima,ethnicity
62,<Théo-Conciliateur>,[11:39:26],si je sert a regler vos problemes de merde,conciliator,OAG,bully,OTH,DFN,ATK,NEG,scenario_ethnicity_fatima,ethnicity
63,<Nicolas-Soutien-Harceleur>,[11:39:29],la prochaine fois tu mettra un voile comme t es parents au lieu de nous faire cvhier,bully_support,OAG,victim,OTH,ATK,DFN,NEG,scenario_ethnicity_fatima,ethnicity
64,<Pierre-Soutien-Harceleur>,[11:39:47],fatima arrete de faire la folle tu vas vrm le payer,bully_support,OAG,victim,THR,ATK,DFN,NEG,scenario_ethnicity_fatima,ethnicity
65,<Nicolas-Soutien-Harceleur>,[11:39:54],sa sort des cour sa mes le voile mais a la plage sa montre son cu ptdrrrrrr,bully_support,OAG,victim,DNG,ATK,NULL,NEG,scenario_ethnicity_fatima,ethnicity
66,<Pauline-Harceleur>,[11:40:08],mddddddr,bully,NAG,NULL,NULL,AIN,ATK,NEG,scenario_ethnicity_fatima,ethnicity
67,<Pierre-Soutien-Harceleur>,[11:40:09],on va faire des montages tu as te retrouver à poil sur internet ptddrrrr,bully_support,OAG,victim,THR,ATK,DFN,NEG,scenario_ethnicity_fatima,ethnicity
68,<Théo-Conciliateur>,[11:40:20],nicolas tu vas trop loin la,conciliator,NAG,NULL,NULL,DFN,ATK,NEG,scenario_ethnicity_fatima,ethnicity
69,<Fatima-Victime>,[11:40:27],tkt tu vas retrouver en prison,victim,NAG,NULL,NULL,CNS,ATK,NEG,scenario_ethnicity_fatima,ethnicity
70,<Pauline-Harceleur>,[11:40:28],theo ftg,bully,OAG,conciliator,OTH,ATK,DFN,NEG,scenario_ethnicity_fatima,ethnicity
71,<Teresa-Soutien-Victime>,[11:40:35],faites de toute facon on n'a toute les preuves,victim_support,NAG,NULL,NULL,CNS,ATK,NEU,scenario_ethnicity_fatima,ethnicity
72,<Pierre-Soutien-Harceleur>,[11:40:35],rooohh theo c'est toi la,bully_support,CAG,conciliator,OTH,GSL,DFN,NEG,scenario_ethnicity_fatima,ethnicity
73,<Teresa-Soutien-Victime>,[11:40:42],elle va porter plainte,victim_support,NAG,NULL,NULL,CNS,ATK,NEU,scenario_ethnicity_fatima,ethnicity
74,<Théo-Conciliateur>,[11:40:47],quelle preuves ?,conciliator,NAG,NULL,NULL,OTH,CNS,NEU,scenario_ethnicity_fatima,ethnicity
75,<Teresa-Soutien-Victime>,[11:40:48],tampis pour vous,victim_support,NAG,NULL,NULL,CNS,ATK,NEG,scenario_ethnicity_fatima,ethnicity
76,<Nicolas-Soutien-Harceleur>,[11:40:52],tg theo la veriter blaisse tu te sens mal,bully_support,OAG,conciliator,OTH,ATK,DFN,NEG,scenario_ethnicity_fatima,ethnicity
77,<Pauline-Harceleur>,[11:40:52],tg toi,bully,OAG,victim_support,OTH,ATK,CNS,NEG,scenario_ethnicity_fatima,ethnicity
78,<Fatima-Victime>,[11:40:55],on a les screen,victim,NAG,NULL,NULL,OTH,OTH,NEU,scenario_ethnicity_fatima,ethnicity
79,<Pierre-Soutien-Harceleur>,[11:40:57],teresa les preuves disparaissent comme fatima va disparaitre,bully_support,CAG,victim,THR,ATK,CNS,NEG,scenario_ethnicity_fatima,ethnicity
80,<Teresa-Soutien-Victime>,[11:41:05],t'es entrain de parler cave,victim_support,OAG,bully_support,OTH,DFN,ATK,NEG,scenario_ethnicity_fatima,ethnicity
81,<Pauline-Harceleur>,[11:41:07],nous aussi les screen quan tu montre ton cu,bully,OAG,victim,OTH,ATK,OTH,NEG,scenario_ethnicity_fatima,ethnicity
82,<Teresa-Soutien-Victime>,[11:41:17],depuis talleur tu l'insulte tu parle de montage,victim_support,NAG,NULL,NULL,CNS,ATK,NEU,scenario_ethnicity_fatima,ethnicity
83,<Nicolas-Soutien-Harceleur>,[11:41:25],mes les toi ou je pense tes screen,bully_support,OAG,victim_support,OTH,ATK,CNS,NEG,scenario_ethnicity_fatima,ethnicity
84,<Pierre-Soutien-Harceleur>,[11:41:31],et alors? je peux tjrs nier,bully_support,NAG,NULL,NULL,OTH,DFN,NEU,scenario_ethnicity_fatima,ethnicity
85,<Teresa-Soutien-Victime>,[11:41:46],oui tktt chez la police,victim_support,NAG,NULL,NULL,CNS,ATK,NEU,scenario_ethnicity_fatima,ethnicity
86,<Pierre-Soutien-Harceleur>,[11:41:50], rien prouve que c'est moi ;D,bully_support,NAG,NULL,NULL,OTH,CNS,NEU,scenario_ethnicity_fatima,ethnicity
87,<Fatima-Victime>,[11:41:57],tu crois ils vont te croire,victim,NAG,NULL,NULL,OTH,OTH,NEU,scenario_ethnicity_fatima,ethnicity
88,<Teresa-Soutien-Victime>,[11:41:59],continuer de faire les malins,victim_support,NAG,NULL,NULL,OTH,OTH,NEU,scenario_ethnicity_fatima,ethnicity
89,<Fatima-Victime>,[11:42:02],y a ton nom,victim,NAG,NULL,NULL,OTH,OTH,NEU,scenario_ethnicity_fatima,ethnicity
90,<Teresa-Soutien-Victime>,[11:42:05],si si,victim_support,NAG,NULL,NULL,OTH,OTH,NEU,scenario_ethnicity_fatima,ethnicity
91,<Nicolas-Soutien-Harceleur>,[11:42:06],va chez la police on tenmene meme si tu veux,bully_support,CAG,victim_support,THR,ATK,OTH,NEG,scenario_ethnicity_fatima,ethnicity
92,<Pierre-Soutien-Harceleur>,[11:42:09],teresa je vais pas le répeter tu n'y iras pas chez la police,bully_support,OAG,victim_support,THR,ATK,OTH,NEG,scenario_ethnicity_fatima,ethnicity
93,<Pauline-Harceleur>,[11:42:11],on t'accompagne porter plainte stuveu,bully,CAG,victim_support,THR,ATK,OTH,NEG,scenario_ethnicity_fatima,ethnicity
94,<Teresa-Soutien-Victime>,[11:42:14],pas de soucis viens,victim_support,NAG,NULL,NULL,CNS,ATK,NEU,scenario_ethnicity_fatima,ethnicity
95,<Nicolas-Soutien-Harceleur>,[11:42:20],pour 3 messages qui represente la veriter,bully_support,NAG,NULL,NULL,GSL,OTH,NEU,scenario_ethnicity_fatima,ethnicity
96,<Teresa-Soutien-Victime>,[11:42:25],sa sera plus rapide,victim_support,NAG,NULL,NULL,CNS,ATK,NEU,scenario_ethnicity_fatima,ethnicity
97,<Nicolas-Soutien-Harceleur>,[11:42:27],a notre age une amande *et cest regles,bully_support,NAG,NULL,NULL,OTH,CNS,NEU,scenario_ethnicity_fatima,ethnicity
98,<Teresa-Soutien-Victime>,[11:42:35],alors nn,victim_support,NAG,NULL,NULL,CNS,OTH,NEU,scenario_ethnicity_fatima,ethnicity
99,<Théo-Conciliateur>,[11:42:41],mais cest ridicule,conciliator,NAG,NULL,NULL,CR,NULL,NEU,scenario_ethnicity_fatima,ethnicity
100,<Nicolas-Soutien-Harceleur>,[11:42:41],donc chute merci,bully_support,OAG,victim_support,OTH,ATK,CNS,NEG,scenario_ethnicity_fatima,ethnicity
101,<Teresa-Soutien-Victime>,[11:42:44],sa a bcp evolué depuis,victim_support,NAG,NULL,NULL,CNS,OTH,NEU,scenario_ethnicity_fatima,ethnicity
102,<Nicolas-Soutien-Harceleur>,[11:42:55],ah et tu croit quoi,bully_support,NAG,NULL,NULL,GSL,CNS,NEG,scenario_ethnicity_fatima,ethnicity
103,<Pierre-Soutien-Harceleur>,[11:42:55],on va s'en sortir triomphant on va expulser tous les arabes comme toi,bully_support,OAG,victim,OTH,ATK,NULL,NEG,scenario_ethnicity_fatima,ethnicity
104,<Théo-Conciliateur>,[11:43:01],regler vos problemes comme des adultes au lieu de parler pour rien la,conciliator,NAG,NULL,NULL,CR,NULL,NEU,scenario_ethnicity_fatima,ethnicity
105,<Nicolas-Soutien-Harceleur>,[11:43:05],c la prison pour 4 message,bully_support,NAG,NULL,NULL,GSL,CNS,NEG,scenario_ethnicity_fatima,ethnicity
106,<Pauline-Harceleur>,[11:43:06],bon fatima retournes chez tamr pleurer,bully,OAG,victim,OTH,AIN,ATK,NEG,scenario_ethnicity_fatima,ethnicity
107,<Pierre-Soutien-Harceleur>,[11:43:10],theo ftg vrm tu sers à r,bully_support,OAG,conciliator,OTH,ATK,CR,NEG,scenario_ethnicity_fatima,ethnicity
108,<Teresa-Soutien-Victime>,[11:43:12],t tellement peu cultiver que t meme pas au courant des consequences de sque tu fais,victim_support,OAG,bully,DNG,DFN,AIN,NEG,scenario_ethnicity_fatima,ethnicity
109,<Nicolas-Soutien-Harceleur>,[11:43:13],quand t es meme pas majeurs*,bully_support,NAG,NULL,NULL,GSL,CNS,NEG,scenario_ethnicity_fatima,ethnicity
110,<Pauline-Harceleur>,[11:43:22],avec ton accent la,bully,OAG,victim,OTH,AIN,ATK,NEG,scenario_ethnicity_fatima,ethnicity
111,<Pierre-Soutien-Harceleur>,[11:43:31],la vie t'es explosé la tu peux gérer degun,bully_support,OAG,conciliator,DNG,ATK,CR,NEG,scenario_ethnicity_fatima,ethnicity
112,<Fatima-Victime>,[11:43:36],jvais me suicider tu vas voir si vous allez rien avoir,victim,NAG,NULL,NULL,OTH,AIN,NEG,scenario_ethnicity_fatima,ethnicity
113,<Pauline-Harceleur>,[11:43:40],enfin,bully,CAG,victim,OTH,ATK,OTH,NEG,scenario_ethnicity_fatima,ethnicity
114,<Nicolas-Soutien-Harceleur>,[11:43:51],ecrit francais et tu viendra me parler culture' mdrr,bully_support,OAG,victim_support,DNG,ATK,DFN,NEG,scenario_ethnicity_fatima,ethnicity
115,<Pierre-Soutien-Harceleur>,[11:43:53],teresa tu parles de culture mais chez toi y'a même pas accès à l'eau alors à l'ecole........ et ça se fait ressentir,bully_support,OAG,victim_support,DNG,ATK,DFN,NEG,scenario_ethnicity_fatima,ethnicity
116,<Nicolas-Soutien-Harceleur>,[11:44:03],voila sucide toi donc teresa ta bien ouvert ta guele pour rien,bully_support,OAG,victim/victim_support,OTH,ATK,NULL,NEG,scenario_ethnicity_fatima,ethnicity
117,<Pierre-Soutien-Harceleur>,[11:44:18],crève,bully_support,OAG,victim,OTH,ATK,OTH,NEG,scenario_ethnicity_fatima,ethnicity
118,<Fatima-Victime>,[11:44:37],vous irez en efer enfer*,victim,OAG,bully_support,OTH,DFN,ATK,NEG,scenario_ethnicity_fatima,ethnicity
119,<Pierre-Soutien-Harceleur>,[11:44:49],les blancs vont pas en enfer,bully_support,OAG,victim,DNG,ATK,DFN,NEG,scenario_ethnicity_fatima,ethnicity
120,<Théo-Conciliateur>,[11:44:49],vs etes serieux ? vs aimerais quon vs dises sa ?,conciliator,NAG,NULL,NULL,CNS,ATK,NEU,scenario_ethnicity_fatima,ethnicity
121,<Pierre-Soutien-Harceleur>,[11:44:54],on est purs nous,bully_support,OAG,victim,DNG,ATK,DFN,NEG,scenario_ethnicity_fatima,ethnicity
122,<Teresa-Soutien-Victime>,[11:45:12],oe pure merde,victim_support,OAG,bully_support,DNG,DFN,ATK,NEG,scenario_ethnicity_fatima,ethnicity
123,<Pierre-Soutien-Harceleur>,[11:45:28],de la même couleur ça vous fait un point commun,bully_support,OAG,victim,DNG,ATK,DFN,NEG,scenario_ethnicity_fatima,ethnicity
124,<Nicolas-Soutien-Harceleur>,[11:45:39],wouah le niveauxxxxxxx,bully_support,CAG,victim_support,OTH,ATK,DFN,NEG,scenario_ethnicity_fatima,ethnicity
125,<Pierre-Soutien-Harceleur>,[11:45:43],y'a l'odeur aussi,bully_support,OAG,victim,DNG,ATK,DFN,NEG,scenario_ethnicity_fatima,ethnicity
126,<Pauline-Harceleur>,[11:45:54],avec vos habits du bled la cassez vous,bully,OAG,victim,DNG,ATK,DFN,NEG,scenario_ethnicity_fatima,ethnicity
127,<Nicolas-Soutien-Harceleur>,[11:45:59],mdrr c clair l odeur infecte,bully_support,OAG,victim,DNG,AIN,ATK,NEG,scenario_ethnicity_fatima,ethnicity
128,<Teresa-Soutien-Victime>,[11:46:04],oo tg pierre me fais pas chier jmen blc de ta vie franchement,victim_support,OAG,bully_support,OTH,DFN,ATK,NEG,scenario_ethnicity_fatima,ethnicity
129,<Pauline-Harceleur>,[11:46:21],teresa parle bien ftg,bully,OAG,victim_support,OTH,ATK,DFN,NEG,scenario_ethnicity_fatima,ethnicity
130,<Pierre-Soutien-Harceleur>,[11:46:27],teresa fais comme fatima ferme la,bully_support,OAG,victim/victim_support,OTH,ATK,DFN,NEG,scenario_ethnicity_fatima,ethnicity
131,<Nicolas-Soutien-Harceleur>,[11:46:39],alors pk tu lui envoy un message si tu ten fou bien dit,bully_support,NAG,NULL,NULL,GSL,DFN,NEG,scenario_ethnicity_fatima,ethnicity
132,<Teresa-Soutien-Victime>,[11:46:55],pauline et pierre 2 grosses merdes qui parlent,victim_support,OAG,bully/bully_support,DNG,DFN,NULL,NEG,scenario_ethnicity_fatima,ethnicity
133,<Nicolas-Soutien-Harceleur>,[11:46:59],bon la phto va etres poster,bully_support,OAG,victim,THR,ATK,DFN,NEG,scenario_ethnicity_fatima,ethnicity
134,<Pauline-Harceleur>,[11:47:00],grv teresa t autant inutile que Mbendib,bully,OAG,victim_support,DNG,ATK,DFN,NEG,scenario_ethnicity_fatima,ethnicity
135,<Nicolas-Soutien-Harceleur>,[11:47:01],quand,bully_support,OAG,victim,THR,ATK,DFN,NEU,scenario_ethnicity_fatima,ethnicity
136,<Fatima-Victime>,[11:47:13],quand tu fermeras ta gueule,victim,OAG,bully_support,OTH,DFN,ATK,NEG,scenario_ethnicity_fatima,ethnicity
137,<Teresa-Soutien-Victime>,[11:47:15],poste la,victim_support,NAG,NULL,NULL,CNS,ATK,NEU,scenario_ethnicity_fatima,ethnicity
138,<Nicolas-Soutien-Harceleur>,[11:47:16],plus une troisieme teresa,bully_support,OAG,victim_support,OTH,ATK,DFN,NEG,scenario_ethnicity_fatima,ethnicity
139,<Pierre-Soutien-Harceleur>,[11:47:22],oyé tous repostez en story les photos de la negre,bully_support,OAG,victim,OTH,AIN,ATK,NEG,scenario_ethnicity_fatima,ethnicity
140,<Nicolas-Soutien-Harceleur>,[11:47:22],+famtima 4,bully_support,OAG,victim_support,OTH,ATK,DFN,NEG,scenario_ethnicity_fatima,ethnicity
141,<Teresa-Soutien-Victime>,[11:47:24],et tu venira en prison,victim_support,NAG,NULL,NULL,CNS,ATK,NEU,scenario_ethnicity_fatima,ethnicity
142,<Pierre-Soutien-Harceleur>,[11:47:32],on va bien se marrer,bully_support,CAG,victim,OTH,ATK,NULL,NEG,scenario_ethnicity_fatima,ethnicity
143,<Teresa-Soutien-Victime>,[11:47:32],tu vas rien comprendre,victim_support,NAG,NULL,NULL,CNS,ATK,NEU,scenario_ethnicity_fatima,ethnicity
144,<Nicolas-Soutien-Harceleur>,[11:47:56],parle pas de prison quand tu coco pas mdrrr,bully_support,OAG,victim_support,OTH,GSL,CNS,NEG,scenario_ethnicity_fatima,ethnicity
145,<Pierre-Soutien-Harceleur>,[11:48:03],demain on imprime on affiche?,bully_support,OAG,victim,THR,ATK,NULL,NEG,scenario_ethnicity_fatima,ethnicity
146,<Pauline-Harceleur>,[11:48:06],fatima t une grosse pute a part envoyez des nudes tu f rien,bully,OAG,victim,OTH,ATK,DFN,NEG,scenario_ethnicity_fatima,ethnicity
147,<Nicolas-Soutien-Harceleur>,[11:48:06],si on a compris tkt,bully_support,CAG,victim_support,DNG,ATK,CNS,NEG,scenario_ethnicity_fatima,ethnicity
148,<Teresa-Soutien-Victime>,[11:48:17],mais mdrr pauline elle a tourné dans toute la france,victim_support,CAG,bully,OTH,DFN,ATK,NEG,scenario_ethnicity_fatima,ethnicity
149,<Nicolas-Soutien-Harceleur>,[11:48:31],mdrrr,bully_support,CAG,victim_support,DNG,ATK,CNS,NEG,scenario_ethnicity_fatima,ethnicity
150,<Pauline-Harceleur>,[11:48:42],normal j'suis une star,bully,NAG,NULL,NULL,OTH,DFN,NEU,scenario_ethnicity_fatima,ethnicity
151,<Pierre-Soutien-Harceleur>,[11:48:42],sa chatte aussi,bully_support,OAG,victim,OTH,ATK,DFN,NEG,scenario_ethnicity_fatima,ethnicity
152,<Théo-Conciliateur>,[11:48:45],bon cest bon vs tourner en rond la depuis taleur,conciliator,NAG,NULL,NULL,CR,NULL,NEU,scenario_ethnicity_fatima,ethnicity
153,<Pierre-Soutien-Harceleur>,[11:48:46],pour avoir les papiers,bully_support,OAG,victim,OTH,ATK,DFN,NEG,scenario_ethnicity_fatima,ethnicity
154,<Teresa-Soutien-Victime>,[11:48:47],et elle ose ouvrir sa bouche de suceuse,victim_support,OAG,bully,OTH,DFN,ATK,NEG,scenario_ethnicity_fatima,ethnicity
155,<Pierre-Soutien-Harceleur>,[11:48:50],sa mère aussi,bully_support,OAG,victim,OTH,ATK,DFN,NEG,scenario_ethnicity_fatima,ethnicity
156,<Fatima-Victime>,[11:48:51],t trop jalouse qu aucun mec te trouves belle,victim,OAG,bully_support,DNG,DFN,ATK,NEG,scenario_ethnicity_fatima,ethnicity
157,<Théo-Conciliateur>,[11:48:59],a part insulter vs faites rien d'autres,conciliator,OAG,bully_support,OTH,DFN,ATK,NEG,scenario_ethnicity_fatima,ethnicity
158,<Nicolas-Soutien-Harceleur>,[11:49:04],"c, mdrr elle t belle $*",bully_support,NAG,NULL,NULL,OTH,DFN,NEU,scenario_ethnicity_fatima,ethnicity
159,<Teresa-Soutien-Victime>,[11:49:05],oe grave il l'utilise c tout,victim_support,OAG,bully_support,OTH,EMP,DFN,NEG,scenario_ethnicity_fatima,ethnicity
160,<Nicolas-Soutien-Harceleur>,[11:49:12],toi eclater apr contre,bully_support,OAG,victim,OTH,ATK,DFN,NEG,scenario_ethnicity_fatima,ethnicity
161,<Fatima-Victime>,[11:49:13],tu sais parler nicolas ? mdr,victim,CAG,bully_support,DNG,DFN,OTH,NEG,scenario_ethnicity_fatima,ethnicity
162,<Nicolas-Soutien-Harceleur>,[11:49:24],nan pas le time bb,bully_support,OAG,victim,OTH,ATK,DFN,NEG,scenario_ethnicity_fatima,ethnicity
163,<Fatima-Victime>,[11:49:27],apres cest moi qu est pas française,victim,NAG,NULL,NULL,CNS,ATK,NEU,scenario_ethnicity_fatima,ethnicity
164,<Teresa-Soutien-Victime>,[11:49:27],comme une prostitué qu'elle fait bien mdrr,victim_support,OAG,bully_support,DNG,DFN,ATK,NEG,scenario_ethnicity_fatima,ethnicity
165,<Nicolas-Soutien-Harceleur>,[11:49:32],pour toi c sa et pas plus,bully_support,OAG,victim,OTH,ATK,DFN,NEG,scenario_ethnicity_fatima,ethnicity
166,<Théo-Conciliateur>,[11:49:33],vos geule,conciliator,OAG,bully_support,OTH,DFN,ATK,NEG,scenario_ethnicity_fatima,ethnicity
167,<Fatima-Victime>,[11:49:36],vas apprendre la langue de ton pays déjà,victim,CAG,bully_support,DNG,DFN,ATK,NEG,scenario_ethnicity_fatima,ethnicity
168,<Pierre-Soutien-Harceleur>,[11:49:39],ptdr maiis fatima t'as vu ton orthographe,bully_support,OAG,victim,DNG,ATK,CNS,NEG,scenario_ethnicity_fatima,ethnicity
169,<Pauline-Harceleur>,[11:49:45],t dans notre pays et tu parle,bully,OAG,victim,OTH,ATK,DFN,NEG,scenario_ethnicity_fatima,ethnicity
170,<Pierre-Soutien-Harceleur>,[11:49:46],parle pas,bully_support,OAG,victim,OTH,ATK,DFN,NEG,scenario_ethnicity_fatima,ethnicity
171,<Nicolas-Soutien-Harceleur>,[11:49:56],elle insulte sa pote mtn,bully_support,NAG,NULL,NULL,OTH,NULL,NEU,scenario_ethnicity_fatima,ethnicity
172,<Théo-Conciliateur>,[11:50:01],vous etes des gros gamins,conciliator,OAG,bully/bully_support,OTH,DFN,NULL,NEG,scenario_ethnicity_fatima,ethnicity
173,<Pierre-Soutien-Harceleur>,[11:50:14],non patriotes,bully_support,OAG,conciliator,OTH,ATK,DFN,NEG,scenario_ethnicity_fatima,ethnicity
174,<Nicolas-Soutien-Harceleur>,[11:50:18],moi c mon pays o moinh,bully_support,OAG,victim,OTH,ATK,DFN,NEG,scenario_ethnicity_fatima,ethnicity
175,<Pierre-Soutien-Harceleur>,[11:50:23],et tout le monde devrait etre comme ça,bully_support,OAG,conciliator,OTH,ATK,DFN,NEG,scenario_ethnicity_fatima,ethnicity
176,<Nicolas-Soutien-Harceleur>,[11:50:32],donc je me premer cque je veux par apport atoi,bully_support,OAG,victim,OTH,ATK,DFN,NEG,scenario_ethnicity_fatima,ethnicity
177,<Teresa-Soutien-Victime>,[11:50:36],ooo nicolas tg,victim_support,OAG,bully_support,OTH,DFN,ATK,NEG,scenario_ethnicity_fatima,ethnicity
178,<Nicolas-Soutien-Harceleur>,[11:50:43],bisoussssssssssssssssssssssssssss,bully_support,NAG,NULL,NULL,OTH,NULL,NEU,scenario_ethnicity_fatima,ethnicity
179,<Pauline-Harceleur>,[11:50:44],bon fatima on va te ntm tkt,bully,OAG,victim,THR,ATK,DFN,NEG,scenario_ethnicity_fatima,ethnicity
180,<Fatima-Victime>,[11:50:58],ca veut rien dire ta phrase,victim,OAG,bully,OTH,DFN,ATK,NEG,scenario_ethnicity_fatima,ethnicity
181,<Pierre-Soutien-Harceleur>,[11:51:13],tu peux pas savoir fat fat,bully_support,OAG,victim,DNG,ATK,DFN,NEG,scenario_ethnicity_fatima,ethnicity
182,<Teresa-Soutien-Victime>,[11:51:20],bref bisous de nous les jaloux,victim_support,OAG,bully/bully_support,OTH,DFN,NULL,NEG,scenario_ethnicity_fatima,ethnicity
183,<Pierre-Soutien-Harceleur>,[11:51:22],meme ton soutien se casse t'es seule,bully_support,OAG,victim,OTH,ATK,DFN,NEG,scenario_ethnicity_fatima,ethnicity
184,<Pauline-Harceleur>,[11:51:30],javoue tu sais pas tu parle meme pas francais,bully,OAG,victim,DNG,AIN,ATK,NEG,scenario_ethnicity_fatima,ethnicity
185,<Théo-Conciliateur>,[11:51:32],bon vs voulez pas vs reconcilier jy peut rien,conciliator,NAG,NULL,NULL,OTH,ATK,NEU,scenario_ethnicity_fatima,ethnicity
186,<Pierre-Soutien-Harceleur>,[11:51:37],et nous on te démarre,bully_support,OAG,victim,OTH,ATK,DFN,NEG,scenario_ethnicity_fatima,ethnicity
187,<Théo-Conciliateur>,[11:51:40],ciao ciao,conciliator,NAG,NULL,NULL,OTH,NULL,NEU,scenario_ethnicity_fatima,ethnicity
188,<Pierre-Soutien-Harceleur>,[11:51:44],mdrrrrr theo qui abandonne,bully_support,OAG,conciliator,OTH,ATK,OTH,NEG,scenario_ethnicity_fatima,ethnicity
189,<Fatima-Victime>,[11:51:57],vas y ciao les ploucs,victim,OAG,bully/bully_support,NCG,DFN,NULL,NEG,scenario_ethnicity_fatima,ethnicity
190,<Pierre-Soutien-Harceleur>,[11:51:57]," tkt t'auras son cul quand meme vu comment elle l'expose ""les ploucs"" mdrrrrrrrrrrrrrrrr",bully_support,OAG,victim/conciliator,OTH,ATK,OTH,NEG,scenario_ethnicity_fatima,ethnicity
191,<Fatima-Victime>,[11:52:19],retournez dans votre ferme traire vos meres,victim,OAG,bully_support,OTH,DFN,ATK,NEG,scenario_ethnicity_fatima,ethnicity
192,<Pauline-Harceleur>,[11:52:21],si l'unitilité etait une personne,bully,OAG,victim,DNG,ATK,DFN,NEG,scenario_ethnicity_fatima,ethnicity
193,<Teresa-Soutien-Victime>,[11:52:30],moi et fatima on n'a pas votre time dsl,victim_support,NAG,NULL,NULL,DFN,ATK,NEG,scenario_ethnicity_fatima,ethnicity
194,<Pierre-Soutien-Harceleur>,[11:52:31],t'as cru t'as dead ça?,bully_support,NAG,NULL,NULL,GSL,DFN,NEG,scenario_ethnicity_fatima,ethnicity
195,<Teresa-Soutien-Victime>,[11:52:43],oe exactement,victim_support,NAG,NULL,NULL,OTH,GSL,NEU,scenario_ethnicity_fatima,ethnicity
196,<Pierre-Soutien-Harceleur>,[11:52:45],ptdrrrr punshline éclatées cousine oula non pas cousine esclave,bully_support,OAG,victim,DNG,ATK,DFN,NEG,scenario_ethnicity_fatima,ethnicity
197,<Teresa-Soutien-Victime>,[11:52:54],<3,victim_support,NAG,NULL,NULL,OTH,GSL,NEU,scenario_ethnicity_fatima,ethnicity
198,<Pierre-Soutien-Harceleur>,[11:52:58],comme au bon vieux temps,bully_support,OAG,victim,DNG,ATK,DFN,NEG,scenario_ethnicity_fatima,ethnicity
199,<Pauline-Harceleur>,[11:52:59],elle c cru sur skyrock la :b,bully,OAG,victim,OTH,AIN,ATK,NEG,scenario_ethnicity_fatima,ethnicity
202,<Teresa-Soutien-Victime>,[11:53:29],tete qu'elle a parle ps avk moi grosse pute,victim_support,OAG,bully,NCG,DFN,AIN,NEG,scenario_ethnicity_fatima,ethnicity
0,leo77,11:08:43,façon j'veux ps d'une crasseuse comme toi,bully_support,OAG,victim,DNG,AIN,NULL,NEG,scenario_ethnicity_fatima_bis,ethnicity
1,Paul72,11:08:44,Claire c'est pas le mot,bully_support,NAG,NULL,NULL,OTH,NULL,NEU,scenario_ethnicity_fatima_bis,ethnicity
2,@FatimahVictime,11:08:48,Je voudrais qu'on arrête de se moquer de moi et ma culture,victim,NAG,NULL,NULL,CNS,AIN,NEG,scenario_ethnicity_fatima_bis,ethnicity
3,@FatimahVictime,11:09:30,Salut Julie c'est avec toi que je voulais parler,victim,NAG,NULL,NULL,OTH,NULL,NEU,scenario_ethnicity_fatima_bis,ethnicity
4,julie20,11:09:39,la vie t'es fat ima,bully,CAG,victim,DNG,ATK,OTH,NEG,scenario_ethnicity_fatima_bis,ethnicity
5,coralie,11:09:48,bizzarement ils insultent moins la,victim_support,NAG,NULL,NULL,OTH,NULL,NEU,scenario_ethnicity_fatima_bis,ethnicity
6,@FatimahVictime,11:09:56,arrête tes commentaires et de m'insulter dans mon dos tu crois que j'ai pas vu ton petit jeu... Et tes insinuations...,victim,NAG,NULL,NULL,DFN,ATK,NEG,scenario_ethnicity_fatima_bis,ethnicity
7,leo77,11:10:09,c'est une clocharde en meme temps,bully_support,OAG,victim,DNG,ATK,DFN,NEG,scenario_ethnicity_fatima_bis,ethnicity
8,@FatimahVictime,11:10:15,S'il te paît arrête.,victim,NAG,NULL,NULL,DFN,ATK,NEU,scenario_ethnicity_fatima_bis,ethnicity
9,coralie,11:10:15,ils ont meme pas d'interet a t'insulter,victim_support,NAG,NULL,NULL,OTH,DFN,NEU,scenario_ethnicity_fatima_bis,ethnicity
10,julie20,11:10:26,c pas dans ton dos chuis en face,bully,OAG,victim,OTH,ATK,DFN,NEG,scenario_ethnicity_fatima_bis,ethnicity
11,leo77,11:10:30,bah on va voir en vrai si on va rien faire,bully_support,CAG,victim,THR,ATK,DFN,NEG,scenario_ethnicity_fatima_bis,ethnicity
12,coralie,11:10:36,mais regarde les ils peuvent que insulter vous pouvez argumenter ?,victim_support,NAG,NULL,NULL,EMP,DFN,NEU,scenario_ethnicity_fatima_bis,ethnicity
13,@FatimahVictime,11:10:46,FAT IMA .. tu as un humour incroyable !,victim,CAG,bully,OTH,DFN,ATK,NEG,scenario_ethnicity_fatima_bis,ethnicity
14,julie20,11:10:59,oe je sais,bully,NAG,NULL,NULL,OTH,DFN,NEU,scenario_ethnicity_fatima_bis,ethnicity
15,@FatimahVictime,11:11:01,"La dernière fois qu'on m'a fait cette blague, j'étais en maternelle.",victim,CAG,bully,OTH,DFN,ATK,NEG,scenario_ethnicity_fatima_bis,ethnicity
16,coralie,11:11:21,c'est clair,victim_support,NAG,NULL,NULL,EMP,DFN,NEU,scenario_ethnicity_fatima_bis,ethnicity
17,leo77,11:11:27,bon tg tu parles trop,bully_support,OAG,victim,OTH,ATK,DFN,NEG,scenario_ethnicity_fatima_bis,ethnicity
18,@FatimahVictime,11:11:35,Leo..,victim,OAG,bully_support,OTH,DFN,ATK,NEU,scenario_ethnicity_fatima_bis,ethnicity
19,julie20,11:11:41,tu casse les couilles,bully,OAG,victim,OTH,ATK,DFN,NEG,scenario_ethnicity_fatima_bis,ethnicity
20,@FatimahVictime,11:11:42,Tu n'as rien à faire ici..,victim,OAG,bully_support,OTH,DFN,ATK,NEG,scenario_ethnicity_fatima_bis,ethnicity
21,Paul72,11:11:44,manges du couscous,bully_support,CAG,victim,OTH,ATK,DFN,NEG,scenario_ethnicity_fatima_bis,ethnicity
22,@FatimahVictime,11:11:49,C'est entre moi et julie !,victim,NAG,NULL,NULL,OTH,ATK,NEU,scenario_ethnicity_fatima_bis,ethnicity
23,leo77,11:11:58,on va te faire manger du saucisson,bully_support,CAG,victim,THR,ATK,OTH,NEG,scenario_ethnicity_fatima_bis,ethnicity
24,coralie,11:12:10,enfaite les gars vous savez pas harceler,victim_support,CAG,bully/bully_support,OTH,DFN,NULL,NEG,scenario_ethnicity_fatima_bis,ethnicity
25,julie20,11:12:12,trahisonnnnnnnnn,bully,NAG,NULL,NULL,OTH,NULL,NEU,scenario_ethnicity_fatima_bis,ethnicity
26,coralie,11:12:15,vous etees des breles,victim_support,OAG,bully_support,DNG,DFN,ATK,NEG,scenario_ethnicity_fatima_bis,ethnicity
27,@FatimahVictime,11:12:34,Ils sont nuls !,victim,OAG,bully/bully_support,DNG,DFN,NULL,NEG,scenario_ethnicity_fatima_bis,ethnicity
28,coralie,11:12:41,grave,victim_support,NAG,NULL,NULL,EMP,DFN,POS,scenario_ethnicity_fatima_bis,ethnicity
29,@FatimahVictime,11:12:46,mdr,victim,NAG,NULL,NULL,OTH,EMP,POS,scenario_ethnicity_fatima_bis,ethnicity
30,leo77,11:12:51,coralie ferme ta gueule toi aussi t'es une petasse,bully_support,OAG,victim_support,OTH,ATK,EMP,NEG,scenario_ethnicity_fatima_bis,ethnicity
31,julie20,11:12:53,t'es Fatigué,bully,CAG,victim,OTH,ATK,OTH,NEG,scenario_ethnicity_fatima_bis,ethnicity
32,Paul72,11:12:54,ah parce que c'est un job maintenant,bully_support,CAG,victim_support,OTH,ATK,DFN,NEG,scenario_ethnicity_fatima_bis,ethnicity
33,@FatimahVictime,11:13:01,Bon Julie,victim,CAG,bully,OTH,DFN,ATK,NEG,scenario_ethnicity_fatima_bis,ethnicity
34,coralie,11:13:04,octogone quand tu veux leo77,victim_support,OAG,bully_support,THR,DFN,ATK,NEG,scenario_ethnicity_fatima_bis,ethnicity
35,@FatimahVictime,11:13:13,tu peux me promettre que tu vas arrêter ?,victim,NAG,NULL,NULL,DFN,ATK,NEU,scenario_ethnicity_fatima_bis,ethnicity
36,coralie,11:13:14,avec ton corps tout frele,victim_support,OAG,bully_support,THR,DFN,ATK,NEG,scenario_ethnicity_fatima_bis,ethnicity
37,leo77,11:13:21,coralie et fatimah c'est des salopes,bully_support,OAG,victim/victim_support,NCG,ATK,NULL,NEG,scenario_ethnicity_fatima_bis,ethnicity
38,@FatimahVictime,11:13:28,ce sont *,victim,CAG,bully_support,DNG,DFN,ATK,NEG,scenario_ethnicity_fatima_bis,ethnicity
39,julie20,11:13:33,mais oui mv,bully,CAG,victim,OTH,ATK,DFN,NEG,scenario_ethnicity_fatima_bis,ethnicity
40,leo77,11:13:36,m'en branle,bully_support,OAG,victim_support,OTH,ATK,DFN,NEG,scenario_ethnicity_fatima_bis,ethnicity
41,coralie,11:13:37,leo77 n'a pas d'arguments,victim_support,NAG,NULL,NULL,OTH,NULL,NEU,scenario_ethnicity_fatima_bis,ethnicity
42,@FatimahVictime,11:13:38,quand on parle bien français!!,victim,CAG,bully_support,DNG,DFN,ATK,NEG,scenario_ethnicity_fatima_bis,ethnicity
43,julie20,11:13:51,tg rentre chez toi,bully,OAG,victim,OTH,ATK,DFN,NEG,scenario_ethnicity_fatima_bis,ethnicity
44,@FatimahVictime,11:13:53,... je suis française donc je suis chez moi,victim,NAG,NULL,NULL,CNS,ATK,NEU,scenario_ethnicity_fatima_bis,ethnicity
45,coralie,11:14:05,leo77 il sais pas insulter et il sais pas parler francais,victim_support,OAG,bully_support,DNG,DFN,ATK,NEG,scenario_ethnicity_fatima_bis,ethnicity
46,julie20,11:14:12,t'es sans papiers on le sais,bully,OAG,victim,DNG,ATK,CNS,NEG,scenario_ethnicity_fatima_bis,ethnicity
47,@FatimahVictime,11:14:22,tu veux les voir julie ?,victim,NAG,NULL,NULL,CNS,ATK,NEU,scenario_ethnicity_fatima_bis,ethnicity
48,leo77,11:14:33,fatimah pas très francais,bully_support,OAG,victim,OTH,ATK,CNS,NEG,scenario_ethnicity_fatima_bis,ethnicity
49,Paul72,11:14:34,La géographie c'est pas ton fort,bully_support,OAG,victim,OTH,ATK,CNS,NEG,scenario_ethnicity_fatima_bis,ethnicity
50,julie20,11:14:43,tu peux pas les monter,bully,OAG,victim,OTH,GSL,CNS,NEG,scenario_ethnicity_fatima_bis,ethnicity
51,coralie,11:15:04,le niveau de vos blagues est eclaté les gars faite un effort,victim_support,OAG,bully/bully_support,OTH,DFN,NULL,NEG,scenario_ethnicity_fatima_bis,ethnicity
52,leo77,11:15:17,"fatimah son vagin il sens le cochon,",bully_support,OAG,victim,DNG,ATK,CNS,NEG,scenario_ethnicity_fatima_bis,ethnicity
53,Paul72,11:15:24,retourne te faire enculer par un singe,bully_support,OAG,victim,DNG,ATK,CNS,NEG,scenario_ethnicity_fatima_bis,ethnicity
54,julie20,11:15:30,tu sais nager fat ?,bully,CAG,victim,DNG,ATK,CNS,NEG,scenario_ethnicity_fatima_bis,ethnicity
55,@FatimahVictime,11:15:38,C'est pas toi qui vas le sentir Leo !,victim,NAG,NULL,NULL,DFN,ATK,NEG,scenario_ethnicity_fatima_bis,ethnicity
56,leo77,11:16:14,"tkt y a des photos qui tournent , pas très rasé tout ca",bully_support,OAG,victim,OTH,ATK,DFN,NEG,scenario_ethnicity_fatima_bis,ethnicity
57,Paul72,11:16:32,you born fat,bully_support,OAG,victim,DNG,ATK,DFN,NEG,scenario_ethnicity_fatima_bis,ethnicity
58,coralie,11:16:34,t'en a jamais vu en vrai donc ta de la chance,victim_support,NAG,NULL,NULL,DFN,ATK,NEG,scenario_ethnicity_fatima_bis,ethnicity
59,@FatimahVictime,11:16:41,"Si tu fais ça, ... tu sais que je peux porter plainte?",victim,NAG,NULL,NULL,CNS,ATK,NEG,scenario_ethnicity_fatima_bis,ethnicity
60,leo77,11:16:48,j'ai vu le cul de ta soeur,bully_support,OAG,victim_support,OTH,ATK,DFN,NEG,scenario_ethnicity_fatima_bis,ethnicity
61,coralie,11:16:57,t'en a pas vu non plus,victim_support,NAG,NULL,NULL,DFN,ATK,NEG,scenario_ethnicity_fatima_bis,ethnicity
62,julie20,11:17:01,ça va etre fait tkt,bully,OAG,victim,THR,ATK,CNS,NEG,scenario_ethnicity_fatima_bis,ethnicity
63,leo77,11:17:09,porte plainte grosse folle sa va te meler,bully_support,OAG,victim,OTH,ATK,CNS,NEG,scenario_ethnicity_fatima_bis,ethnicity
64,coralie,11:17:12,ta jamais toucher personne,victim_support,CAG,bully,OTH,DFN,ATK,NEG,scenario_ethnicity_fatima_bis,ethnicity
65,@FatimahVictime,11:17:14,"Et Leo, je vois pas comment tu pourrais avoir ce genre de photo..",victim,NAG,NULL,NULL,CNS,ATK,NEU,scenario_ethnicity_fatima_bis,ethnicity
66,coralie,11:17:18,leo77,victim_support,OAG,bully_support,NCG,DFN,ATK,NEU,scenario_ethnicity_fatima_bis,ethnicity
67,leo77,11:17:29,tout le monde a vu ton cul,bully_support,OAG,victim,OTH,ATK,CNS,NEG,scenario_ethnicity_fatima_bis,ethnicity
68,coralie,11:17:30,bolosse,victim_support,OAG,bully_support,NCG,DFN,ATK,NEG,scenario_ethnicity_fatima_bis,ethnicity
69,leo77,11:17:42,en plus ta meme pas de forme mskn,bully_support,CAG,victim_support,DNG,ATK,DFN,NEG,scenario_ethnicity_fatima_bis,ethnicity
70,Paul72,11:17:42,tu as pu venir en france donc tout est possible,bully_support,OAG,victim,OTH,ATK,CNS,NEG,scenario_ethnicity_fatima_bis,ethnicity
71,coralie,11:17:57,avec ton 2cm tu peut pas parler,victim_support,OAG,bully_support,OTH,DFN,ATK,NEG,scenario_ethnicity_fatima_bis,ethnicity
72,julie20,11:17:59,ça surcule avec tous les mecs qui ton dé glingué,bully,OAG,victim,DNG,ATK,CNS,NEG,scenario_ethnicity_fatima_bis,ethnicity
73,@FatimahVictime,11:18:02,"Leo et Paul, on vous a pas causé .",victim,OAG,bully_support,OTH,DFN,NULL,NEG,scenario_ethnicity_fatima_bis,ethnicity
74,coralie,11:18:03,leo77,victim_support,NAG,NULL,NULL,OTH,ATK,NEU,scenario_ethnicity_fatima_bis,ethnicity
75,Paul72,11:18:30,sinon il recherche un acteur pour le prochain kirikou,bully_support,OAG,victim,OTH,ATK,DFN,NEG,scenario_ethnicity_fatima_bis,ethnicity
76,leo77,11:18:32,fatimah on va t'enfoncer ton voile dans le cul,bully_support,OAG,victim,THR,ATK,DFN,NEG,scenario_ethnicity_fatima_bis,ethnicity
77,@FatimahVictime,11:18:36,"Julie, tu as peur de moi ou quoi ? T'es moche Julie...",victim,OAG,bully,DNG,DFN,ATK,NEG,scenario_ethnicity_fatima_bis,ethnicity
78,julie20,11:18:54,mais tg toi on est Fat igué,bully,OAG,victim,OTH,ATK,DFN,NEG,scenario_ethnicity_fatima_bis,ethnicity
79,coralie,11:19:06,paul et leo vous etes vraiment fatiguant c'est aberrant avec vos tete de teub,victim_support,OAG,bully_support,OTH,DFN,NULL,NEG,scenario_ethnicity_fatima_bis,ethnicity
80,@FatimahVictime,11:19:16,S'il te plaît Julie !,victim,NAG,NULL,NULL,DFN,ATK,NEG,scenario_ethnicity_fatima_bis,ethnicity
81,leo77,11:19:18,toi dans la tete dans des teub,bully_support,OAG,victim_support,OTH,ATK,DFN,NEG,scenario_ethnicity_fatima_bis,ethnicity
82,@FatimahVictime,11:19:22,Arrête tes blagues !,victim,NAG,NULL,NULL,DFN,ATK,NEG,scenario_ethnicity_fatima_bis,ethnicity
83,leo77,11:19:24,ta la,bully_support,OAG,victim_support,OTH,ATK,DFN,NEU,scenario_ethnicity_fatima_bis,ethnicity
84,@FatimahVictime,11:19:25,Je suis pas grosse,victim,NAG,NULL,NULL,CNS,ATK,NEG,scenario_ethnicity_fatima_bis,ethnicity
85,leo77,11:19:30,t'es obese,bully_support,OAG,victim,DNG,ATK,CNS,NEG,scenario_ethnicity_fatima_bis,ethnicity
86,@FatimahVictime,11:19:33,FAT = grosse,victim,NAG,NULL,NULL,CNS,ATK,NEU,scenario_ethnicity_fatima_bis,ethnicity
87,julie20,11:19:36,tg avec ta tete d'immigré,bully,OAG,victim,OTH,ATK,CNS,NEG,scenario_ethnicity_fatima_bis,ethnicity
88,leo77,11:19:40,ta manger trop de bite,bully_support,OAG,victim,DNG,ATK,CNS,NEG,scenario_ethnicity_fatima_bis,ethnicity
89,Paul72,11:19:43,normal un singe ça bouffe des teub,bully_support,CAG,victim,OTH,AIN,ATK,NEG,scenario_ethnicity_fatima_bis,ethnicity
90,coralie,11:19:54,c'est toi le singe,victim_support,OAG,bully_support,NCG,DFN,AIN,NEG,scenario_ethnicity_fatima_bis,ethnicity
91,leo77,11:19:56,faut doser sur le couscous,bully_support,OAG,victim,DNG,ATK,CNS,NEG,scenario_ethnicity_fatima_bis,ethnicity
92,coralie,11:20:03,t'es meme un chien,victim_support,OAG,bully_support,NCG,DFN,AIN,NEG,scenario_ethnicity_fatima_bis,ethnicity
93,julie20,11:20:15,*retourne manger tes bananes,bully,OAG,victim,OTH,ATK,CNS,NEG,scenario_ethnicity_fatima_bis,ethnicity
94,Paul72,11:20:38,les merguez t'en prends pas que dans la bouche,bully_support,CAG,victim,OTH,AIN,ATK,NEG,scenario_ethnicity_fatima_bis,ethnicity
95,coralie,11:20:42,julie tu pu le seum parce qu'elle est belle,victim_support,NAG,NULL,NULL,DFN,ATK,NEG,scenario_ethnicity_fatima_bis,ethnicity
96,@FatimahVictime,11:20:56,"Julie, arrête maintenant",victim,NAG,NULL,NULL,DFN,ATK,NEG,scenario_ethnicity_fatima_bis,ethnicity
97,coralie,11:21:03,julie20 ta trop la rage,victim_support,NAG,NULL,NULL,OTH,ATK,NEU,scenario_ethnicity_fatima_bis,ethnicity
98,julie20,11:21:04,et toi tu pu...,bully,OAG,victim,DNG,ATK,DFN,NEG,scenario_ethnicity_fatima_bis,ethnicity
99,@FatimahVictime,11:21:06,T'as pas besoin d'être jalouse,victim,NAG,NULL,NULL,DFN,ATK,NEU,scenario_ethnicity_fatima_bis,ethnicity
100,leo77,11:21:11,salam,bully_support,NAG,NULL,NULL,OTH,NULL,NEU,scenario_ethnicity_fatima_bis,ethnicity
101,@FatimahVictime,11:21:18,je ne vais pas te voler ton petit ami car t'en n'as pas!,victim,OAG,bully,OTH,DFN,ATK,NEG,scenario_ethnicity_fatima_bis,ethnicity
106,coralie,11:22:12,ptdr ta aucune chance,victim_support,CAG,bully,OTH,EMP,DFN,NEG,scenario_ethnicity_fatima_bis,ethnicity
108,Paul72,11:22:20,coralie porte parole de la boulémi,bully_support,OAG,victim/victim_support,OTH,ATK,EMP,NEG,scenario_ethnicity_fatima_bis,ethnicity
109,leo77,11:22:23,envoie ton snap,bully_support,NAG,NULL,NULL,OTH,NULL,NEU,scenario_ethnicity_fatima_bis,ethnicity
110,coralie,11:22:35,tema c'est chien,victim_support,OAG,bully_support,NCG,DFN,ATK,NEG,scenario_ethnicity_fatima_bis,ethnicity
112,coralie,11:23:21,julie elle pu le seum parce que fatima elle est 20 fois mieux qu'elle,victim_support,OAG,bully,DNG,DFN,ATK,POS,scenario_ethnicity_fatima_bis,ethnicity
113,leo77,11:23:35,fatimah elle est 20fois plus grosse qu'elle,bully_support,OAG,victim,OTH,ATK,DFN,NEG,scenario_ethnicity_fatima_bis,ethnicity
114,leo77,11:23:42,va la mosquée grosse folle,bully_support,OAG,victim,OTH,ATK,DFN,NEG,scenario_ethnicity_fatima_bis,ethnicity
115,leo77,11:24:01,ta trop la rage,bully_support,NAG,NULL,NULL,OTH,DFN,NEU,scenario_ethnicity_fatima_bis,ethnicity
116,@FatimahVictime,11:24:07,Julie c'est avec toi que ça se passe,victim,NAG,NULL,NULL,DFN,ATK,NEG,scenario_ethnicity_fatima_bis,ethnicity
117,Paul72,11:24:21,Fatigras,bully_support,CAG,victim,DNG,ATK,DFN,NEG,scenario_ethnicity_fatima_bis,ethnicity
118,coralie,11:24:28,leo toi t'es vraiment comme les autres,victim_support,NAG,NULL,NULL,OTH,OTH,NEG,scenario_ethnicity_fatima_bis,ethnicity
119,julie20,11:24:28,va bouffer ton couscous,bully,CAG,victim,OTH,ATK,DFN,NEG,scenario_ethnicity_fatima_bis,ethnicity
120,@FatimahVictime,11:24:31,maintenant promets moi que tu vas arrêter,victim,NAG,NULL,NULL,OTH,ATK,NEG,scenario_ethnicity_fatima_bis,ethnicity
121,coralie,11:24:37,"mais developppe change tesz argume,ts",victim_support,NAG,NULL,NULL,DFN,ATK,NEU,scenario_ethnicity_fatima_bis,ethnicity
122,julie20,11:24:42,non tg,bully,OAG,victim,OTH,ATK,OTH,NEG,scenario_ethnicity_fatima_bis,ethnicity
123,coralie,11:24:48,grosse merde,victim_support,OAG,bully,NCG,DFN,ATK,NEG,scenario_ethnicity_fatima_bis,ethnicity
124,leo77,11:24:51,on va pas arreter c que le debut on va t'harceler toute la vie on va venir devant chez toi on va te bz,bully_support,OAG,victim,THR,ATK,OTH,NEG,scenario_ethnicity_fatima_bis,ethnicity
125,coralie,11:25:12,#une pensé pour paul le con,victim_support,OAG,bully_support,NCG,DFN,ATK,NEG,scenario_ethnicity_fatima_bis,ethnicity
126,julie20,11:25:12,t'as cas crever,bully,OAG,victim,THR,AIN,ATK,NEG,scenario_ethnicity_fatima_bis,ethnicity
127,coralie,11:25:22,biienn suuur,victim_support,OAG,bully_support,NCG,DFN,ATK,NEG,scenario_ethnicity_fatima_bis,ethnicity
128,Paul72,11:25:28,au pire tu veux pas rentrer chez toi et cassez les couilles a ta famille,bully_support,OAG,victim,OTH,ATK,OTH,NEG,scenario_ethnicity_fatima_bis,ethnicity
129,@FatimahVictime,11:25:35,Je me sens pas bien quand vous faîtes ça..,victim,NAG,NULL,NULL,CNS,ATK,NEG,scenario_ethnicity_fatima_bis,ethnicity
130,leo77,11:25:37,coralie sa se voit c un modo discord,bully_support,CAG,victim_support,OTH,ATK,DFN,NEG,scenario_ethnicity_fatima_bis,ethnicity
131,coralie,11:25:47,leo77 t'es un squellette frerot tu vas rien faire c'est quoi ca ? modo ?,victim_support,CAG,bully_support,DNG,DFN,ATK,NEG,scenario_ethnicity_fatima_bis,ethnicity
132,Paul72,11:26:10,si il te soulève il est fort,bully_support,CAG,victim_support,OTH,ATK,DFN,NEG,scenario_ethnicity_fatima_bis,ethnicity
133,coralie,11:26:14,non,victim_support,NAG,NULL,NULL,CNS,ATK,NEU,scenario_ethnicity_fatima_bis,ethnicity
134,leo77,11:26:18,bahaha va faire du sport,bully_support,CAG,victim_support,OTH,ATK,CNS,NEG,scenario_ethnicity_fatima_bis,ethnicity
135,coralie,11:26:20,il touche personne,victim_support,NAG,NULL,NULL,CNS,ATK,NEU,scenario_ethnicity_fatima_bis,ethnicity
136,leo77,11:26:32,coralie elle a le sida,bully_support,OAG,victim_support,OTH,ATK,CNS,NEG,scenario_ethnicity_fatima_bis,ethnicity
137,julie20,11:26:33,fatima ça fait quoi de pas pouvoir rentrer chez soi ??,bully,CAG,victim,OTH,ATK,CNS,NEG,scenario_ethnicity_fatima_bis,ethnicity
138,coralie,11:26:41,leo77 ?? c'est quoi ces argument aclater,victim_support,NAG,NULL,NULL,DFN,ATK,NEG,scenario_ethnicity_fatima_bis,ethnicity
139,@FatimahVictime,11:26:55,"STOP PAUL ! STOP LEO ! ET JULIE, on va régler ça en FACE2FACE j'en peux PLUS !",victim,OAG,bully/bully_support,THR,DFN,NULL,NEG,scenario_ethnicity_fatima_bis,ethnicity
140,leo77,11:27:04,viens en sorrt,bully_support,OAG,victim,THR,ATK,DFN,NEG,scenario_ethnicity_fatima_bis,ethnicity
141,Paul72,11:27:14,Hitler il était pas si mauvais il s'est juste tromper de cible,bully_support,CAG,victim,OTH,ATK,DFN,NEG,scenario_ethnicity_fatima_bis,ethnicity
142,@FatimahVictime,11:27:30,C'EST HORRIBLE C'QUE TU DIS PAUL!,victim,NAG,NULL,NULL,CNS,ATK,NEG,scenario_ethnicity_fatima_bis,ethnicity
143,Paul72,11:27:34,les arabes,bully_support,CAG,victim,OTH,ATK,DFN,NEG,scenario_ethnicity_fatima_bis,ethnicity
144,coralie,11:27:36,qu'est ce qui raconte lui,victim_support,NAG,NULL,NULL,OTH,ATK,NEU,scenario_ethnicity_fatima_bis,ethnicity
145,julie20,11:27:36,non c'est fatima qui a le sida a force de se faire pin,bully,OAG,victim,DNG,AIN,ATK,NEG,scenario_ethnicity_fatima_bis,ethnicity
146,leo77,11:27:41,nique les bougnoules,bully_support,OAG,victim,OTH,ATK,CNS,NEG,scenario_ethnicity_fatima_bis,ethnicity
147,@FatimahVictime,11:27:44,IL AURAIT DU T'EXTERMINER !,victim,OAG,bully_support,OTH,DFN,ATK,NEG,scenario_ethnicity_fatima_bis,ethnicity
148,Paul72,11:27:47,les boukak les melons,bully_support,OAG,victim,OTH,ATK,CNS,NEG,scenario_ethnicity_fatima_bis,ethnicity
149,leo77,11:27:53,les singes,bully_support,OAG,victim/victim_support,NCG,ATK,DFN,NEG,scenario_ethnicity_fatima_bis,ethnicity
150,Paul72,11:28:00,c'est ciao,bully_support,OAG,victim,OTH,ATK,CNS,NEG,scenario_ethnicity_fatima_bis,ethnicity
151,julie20,11:28:09,good by,bully,OAG,victim,OTH,ATK,DFN,NEG,scenario_ethnicity_fatima_bis,ethnicity
152,leo77,11:28:29,tu t'es suicidé,bully_support,OAG,victim,OTH,ATK,DFN,NEG,scenario_ethnicity_fatima_bis,ethnicity
154,leo77,11:28:34,j'espere en tout cas,bully_support,OAG,victim,OTH,ATK,DFN,NEG,scenario_ethnicity_fatima_bis,ethnicity
157,julie20,11:28:50,ça fera de la place,bully,OAG,victim,OTH,AIN,ATK,NEG,scenario_ethnicity_fatima_bis,ethnicity
158,@FatimahVictime,11:28:54,"Sincèrement, je peux plus dormir la nuit avec vos horreurs !",victim,NAG,NULL,NULL,DFN,ATK,NEG,scenario_ethnicity_fatima_bis,ethnicity
159,Paul72,11:29:02,tu sais ce qui separe les animaux des humains ? la mer méditerranné,bully_support,CAG,victim,OTH,ATK,DFN,NEG,scenario_ethnicity_fatima_bis,ethnicity
160,@FatimahVictime,11:29:08,Vous n'avez aucune pitié ça m'affecte beaucoup,victim,NAG,NULL,NULL,DFN,ATK,NEG,scenario_ethnicity_fatima_bis,ethnicity
161,julie20,11:29:19,ba rentre chez toi,bully,OAG,victim,OTH,ATK,DFN,NEG,scenario_ethnicity_fatima_bis,ethnicity
163,julie20,11:29:24,a la nage,bully,OAG,victim,OTH,ATK,DFN,NEG,scenario_ethnicity_fatima_bis,ethnicity
164,coralie,11:29:57,Paul72 tu fais trop de bruit on les entends moins les bolosses,victim_support,OAG,bully_support,OTH,DFN,ATK,NEG,scenario_ethnicity_fatima_bis,ethnicity
165,@FatimahVictime,11:30:52,"Heureusement que je sais nager Julie, contrairement à toi....",victim,OAG,bully,DNG,DFN,ATK,NEG,scenario_ethnicity_fatima_bis,ethnicity
166,coralie,11:30:58,et bim,victim_support,NAG,NULL,NULL,EMP,DFN,NEG,scenario_ethnicity_fatima_bis,ethnicity
167,leo77,11:31:07,ferme ta gueule jvais te faire bouffer ma bite,bully_support,OAG,victim,OTH,ATK,DFN,NEG,scenario_ethnicity_fatima_bis,ethnicity
168,coralie,11:31:13,oui,victim_support,NAG,NULL,NULL,OTH,NULL,NEU,scenario_ethnicity_fatima_bis,ethnicity
169,Paul72,11:31:15,ferme ton fiac on arrive pas a s'entendre,bully_support,OAG,victim,OTH,ATK,DFN,NEG,scenario_ethnicity_fatima_bis,ethnicity
170,coralie,11:31:15,comme d'hab,victim_support,NAG,NULL,NULL,DFN,ATK,NEG,scenario_ethnicity_fatima_bis,ethnicity
171,@FatimahVictime,11:31:24,C'était tellement drôle de voir dans l'eau au dernier cours de natation !,victim,OAG,bully,DNG,DFN,ATK,NEG,scenario_ethnicity_fatima_bis,ethnicity
172,leo77,11:31:29,coralie c'est une obese qui baise,bully_support,OAG,victim_support,DNG,ATK,DFN,NEG,scenario_ethnicity_fatima_bis,ethnicity
173,@FatimahVictime,11:31:31,Donc viens pas me chercher sur ce terrain !,victim,OAG,bully,DNG,DFN,ATK,NEG,scenario_ethnicity_fatima_bis,ethnicity
174,julie20,11:31:32,ces les singes qui savent pas nager,bully,CAG,victim,NCG,ATK,DFN,NEG,scenario_ethnicity_fatima_bis,ethnicity
175,coralie,11:31:51, la merde ca sort par le cul et pas par la bouche leo77 et Paul72 ;P,victim_support,CAG,bully_support,OTH,DFN,NULL,NEG,scenario_ethnicity_fatima_bis,ethnicity
176,Paul72,11:32:10,t'as déjà vu un noir d'en l'eau il coule,bully_support,CAG,victim,DNG,ATK,DFN,NEG,scenario_ethnicity_fatima_bis,ethnicity
177,leo77,11:32:23,coralie j vais tellement t'neculer qu'on va retrouver du petrole dans ton cul enculer,bully_support,OAG,victim_support,THR,ATK,DFN,NEG,scenario_ethnicity_fatima_bis,ethnicity
178,@FatimahVictime,11:32:32,"Leo et Paul, vous n'êtes que des diarrhées verbales !",victim,OAG,bully_support,NCG,DFN,NULL,NEG,scenario_ethnicity_fatima_bis,ethnicity
179,julie20,11:32:32,C fat quand elle nage,bully,OAG,victim,DNG,AIN,ATK,NEG,scenario_ethnicity_fatima_bis,ethnicity
180,@FatimahVictime,11:32:48,Julie stp stop,victim,NAG,NULL,NULL,DFN,AIN,NEG,scenario_ethnicity_fatima_bis,ethnicity
181,coralie,11:32:53,leo77 tu pourra pas me toucher avec ton chbrax de 2cm,victim_support,OAG,bully_support,OTH,DFN,ATK,NEG,scenario_ethnicity_fatima_bis,ethnicity
182,leo77,11:32:54,tgg,bully_support,OAG,victim,OTH,ATK,DFN,NEG,scenario_ethnicity_fatima_bis,ethnicity
183,julie20,11:33:01,et toi juste une diarrhé,bully,OAG,victim,OTH,ATK,DFN,NEG,scenario_ethnicity_fatima_bis,ethnicity
184,leo77,11:33:12,"j ai une ak 47 dans le caleco,",bully_support,OAG,victim,OTH,ATK,DFN,NEG,scenario_ethnicity_fatima_bis,ethnicity
185,coralie,11:33:15,aller c'est ciao les noobs jme tire,victim_support,OAG,bully/bully_support,OTH,DFN,NULL,NEG,scenario_ethnicity_fatima_bis,ethnicity
186,@FatimahVictime,11:33:23,Julie stp arrête maintenant !,victim,NAG,NULL,NULL,DFN,ATK,NEG,scenario_ethnicity_fatima_bis,ethnicity
187,julie20,11:33:37,bonsoir non,bully,OAG,victim,OTH,ATK,DFN,NEG,scenario_ethnicity_fatima_bis,ethnicity
188,Paul72,11:33:39,ta natation c'est dans la mer noire,bully_support,CAG,victim,DNG,ATK,DFN,NEG,scenario_ethnicity_fatima_bis,ethnicity
0,Pauline_harceleur,14:26:26,weee fatima,bully,NAG,NULL,NULL,OTH,NULL,NEU,scenario_ethnicity_fatima_fourth,ethnicity
1,Fatima_victim,14:28:25,Hey Pauline !,victim,NAG,NULL,NULL,OTH,OTH,NEU,scenario_ethnicity_fatima_fourth,ethnicity
2,Pauline_harceleur,14:28:28,fatima!!,bully,NAG,NULL,NULL,OTH,NULL,NEU,scenario_ethnicity_fatima_fourth,ethnicity
3,Fatima_victim,14:28:35,Pauline !!,victim,NAG,NULL,NULL,OTH,OTH,NEU,scenario_ethnicity_fatima_fourth,ethnicity
4,Pauline_harceleur,14:28:39,oui,bully,NAG,NULL,NULL,OTH,OTH,NEU,scenario_ethnicity_fatima_fourth,ethnicity
5,Pauline_harceleur,14:29:29,ct bien t vacances ?,bully,NAG,NULL,NULL,OTH,OTH,NEU,scenario_ethnicity_fatima_fourth,ethnicity
6,Fatima_victim,14:29:59,Oui c'était cool !,victim,NAG,NULL,NULL,OTH,OTH,POS,scenario_ethnicity_fatima_fourth,ethnicity
7,Pauline_harceleur,14:30:35,oui jme souviens,bully,NAG,NULL,NULL,OTH,OTH,NEU,scenario_ethnicity_fatima_fourth,ethnicity
8,Pauline_harceleur,14:31:31,ta bien noirssis grossse folleee,bully,OAG,victim,OTH,AIN,OTH,NEG,scenario_ethnicity_fatima_fourth,ethnicity
9,Fatima_victim,14:31:53,je te demande pardon ?! :O,victim,NAG,NULL,NULL,OTH,AIN,NEU,scenario_ethnicity_fatima_fourth,ethnicity
10,Teresa,14:32:22,Je trouve qu’elle a bien bronzé,victim_support,NAG,NULL,NULL,CNS,AIN,NEU,scenario_ethnicity_fatima_fourth,ethnicity
11,Theo_Conciliateur,14:32:26,Salut,conciliator,NAG,NULL,NULL,OTH,NULL,NEU,scenario_ethnicity_fatima_fourth,ethnicity
12,Pauline_harceleur,14:32:30,ta vu,bully,NAG,NULL,NULL,OTH,CNS,NEU,scenario_ethnicity_fatima_fourth,ethnicity
13,Pierre_soutien_du_harceleur,14:32:40,Bien bien noir,bully_support,OAG,victim,DNG,ATK,OTH,NEG,scenario_ethnicity_fatima_fourth,ethnicity
14,Theo_Conciliateur,14:32:53,Ohhhh,conciliator,NAG,NULL,NULL,OTH,NULL,NEU,scenario_ethnicity_fatima_fourth,ethnicity
15,Pauline_harceleur,14:32:54,oui tres,bully,NAG,NULL,NULL,AIN,ATK,NEG,scenario_ethnicity_fatima_fourth,ethnicity
16,Fatima_victim,14:33:07,très noir ? comment ça ?,victim,NAG,NULL,NULL,DFN,ATK,NEU,scenario_ethnicity_fatima_fourth,ethnicity
17,Pierre_soutien_du_harceleur,14:33:20,Ta cuit ou quoi?,bully_support,CAG,victim,DNG,ATK,DFN,NEG,scenario_ethnicity_fatima_fourth,ethnicity
18,Pauline_harceleur,14:33:21,eh wee,bully,NAG,NULL,NULL,AIN,ATK,NEG,scenario_ethnicity_fatima_fourth,ethnicity
19,Teresa,14:33:40,J’aimerais bronzé comme toi 😗,victim_support,NAG,NULL,NULL,EMP,DFN,POS,scenario_ethnicity_fatima_fourth,ethnicity
20,Theo_Conciliateur,14:33:50,Non quand même,conciliator,NAG,NULL,NULL,CNS,ATK,NEU,scenario_ethnicity_fatima_fourth,ethnicity
21,Pauline_harceleur,14:34:05,jveux pas moi je reste blanche,bully,OAG,victim,DNG,ATK,EMP,NEG,scenario_ethnicity_fatima_fourth,ethnicity
22,Fatima_victim,14:34:12,Non Pierre ... et je ne vois pas où tu veux en venir,victim,NAG,NULL,NULL,DFN,ATK,NEU,scenario_ethnicity_fatima_fourth,ethnicity
23,Pierre_soutien_du_harceleur,14:34:18,On dirait un bout de charbon,bully_support,OAG,victim,DNG,ATK,DFN,NEG,scenario_ethnicity_fatima_fourth,ethnicity
24,Pauline_harceleur,14:34:26," albatrd fatima, a quand un maffer ?",bully,OAG,victim,OTH,ATK,DFN,NEG,scenario_ethnicity_fatima_fourth,ethnicity
25,Teresa,14:35:08,Arrêtez miskina,victim_support,OAG,bully,OTH,DFN,ATK,NEG,scenario_ethnicity_fatima_fourth,ethnicity
26,Theo_Conciliateur,14:35:11,En vrai elle sfait plaisir à la plage c'est le principale non ?,conciliator,NAG,NULL,NULL,CR,NULL,NEU,scenario_ethnicity_fatima_fourth,ethnicity
27,Pierre_soutien_du_harceleur,14:35:15,Sale arabe,bully_support,OAG,victim,DNG,ATK,NULL,NEG,scenario_ethnicity_fatima_fourth,ethnicity
28,Pauline_harceleur,14:35:21,voleur,bully,OAG,victim,NCG,AIN,ATK,NEG,scenario_ethnicity_fatima_fourth,ethnicity
29,Pierre_soutien_du_harceleur,14:35:34,Armar,bully_support,OAG,victim,NCG,ATK,NULL,NEG,scenario_ethnicity_fatima_fourth,ethnicity
30,Theo_Conciliateur,14:35:37,Non c'est hard vous abusé,conciliator,NAG,NULL,NULL,CNS,ATK,NEG,scenario_ethnicity_fatima_fourth,ethnicity
31,Fatima_victim,14:35:43,franchement vous n'avez pas honte !,victim,OAG,bully/bully_support,OTH,DFN,NULL,NEG,scenario_ethnicity_fatima_fourth,ethnicity
32,Pierre_soutien_du_harceleur,14:35:52,Retourne dans ton pays,bully_support,CAG,victim,OTH,ATK,DFN,NEG,scenario_ethnicity_fatima_fourth,ethnicity
34,Pauline_harceleur,14:36:00,non fatima =$,bully,NAG,NULL,NULL,OTH,DFN,NEU,scenario_ethnicity_fatima_fourth,ethnicity
35,Nicolas_soutien,14:36:00,Clairement,bully_support,NAG,NULL,NULL,AIN,ATK,NEG,scenario_ethnicity_fatima_fourth,ethnicity
36,Pauline_harceleur,14:36:03, =*,bully,NAG,NULL,NULL,OTH,NULL,NEU,scenario_ethnicity_fatima_fourth,ethnicity
37,Teresa,14:36:27,C’est pas fini la pauvre,victim_support,OAG,bully_support,OTH,DFN,ATK,NEG,scenario_ethnicity_fatima_fourth,ethnicity
38,Pierre_soutien_du_harceleur,14:36:32,Non,bully_support,NAG,NULL,NULL,OTH,DFN,NEU,scenario_ethnicity_fatima_fourth,ethnicity
39,Pauline_harceleur,14:36:43,pars contre faus doser sur le nutella archem,bully,CAG,victim,OTH,ATK,DFN,NEG,scenario_ethnicity_fatima_fourth,ethnicity
40,Pierre_soutien_du_harceleur,14:36:49,Retourne au bled,bully_support,CAG,victim,OTH,ATK,DFN,NEG,scenario_ethnicity_fatima_fourth,ethnicity
41,Pauline_harceleur,14:36:56,casse toi de la,bully,OAG,victim,OTH,AIN,ATK,NEG,scenario_ethnicity_fatima_fourth,ethnicity
42,Pierre_soutien_du_harceleur,14:37:00,Tes parents ils touchent la caf,bully_support,CAG,victim,OTH,ATK,DFN,NEG,scenario_ethnicity_fatima_fourth,ethnicity
43,Theo_Conciliateur,14:37:01,Bon les gars en vrai pourquoi vous la clash ? En sah elle a r fait,conciliator,NAG,NULL,NULL,CR,NULL,NEU,scenario_ethnicity_fatima_fourth,ethnicity
44,Fatima_victim,14:37:08,Ca fait à peine 1  semaine que je vous connais et c'est comme ça que vous m'accueillez ?,victim,NAG,NULL,NULL,DFN,ATK,NEG,scenario_ethnicity_fatima_fourth,ethnicity
45,Nicolas_soutien,14:37:08,Réel,bully_support,NAG,NULL,NULL,AIN,ATK,NEG,scenario_ethnicity_fatima_fourth,ethnicity
46,Pierre_soutien_du_harceleur,14:37:13,Le rsa sa paye Oe oe oe,bully_support,CAG,victim,OTH,ATK,DFN,NEG,scenario_ethnicity_fatima_fourth,ethnicity
47,Nicolas_soutien,14:37:38,C lugubre,bully_support,OAG,victim,DNG,ATK,NULL,NEG,scenario_ethnicity_fatima_fourth,ethnicity
48,Pauline_harceleur,14:37:47,c macabre,bully,OAG,victim,DNG,AIN,ATK,NEG,scenario_ethnicity_fatima_fourth,ethnicity
49,Fatima_victim,14:37:48," Non mes parents gagnent bien leur vie, je ne vois pas le rapport !",victim,NAG,NULL,NULL,CNS,ATK,NEU,scenario_ethnicity_fatima_fourth,ethnicity
50,Teresa,14:37:50,Ci elle aime le nuttela il y’a quoi,victim_support,NAG,NULL,NULL,DFN,ATK,NEU,scenario_ethnicity_fatima_fourth,ethnicity
51,Pauline_harceleur,14:37:57,oui az au bois de boulogne,bully,CAG,victim,OTH,ATK,DFN,NEG,scenario_ethnicity_fatima_fourth,ethnicity
52,Pierre_soutien_du_harceleur,14:38:06,Avec le rsa en restant chez soit,bully_support,CAG,victim,OTH,ATK,CNS,NEG,scenario_ethnicity_fatima_fourth,ethnicity
53,Pauline_harceleur,14:38:16,ton gros ventre la,bully,OAG,victim_support,DNG,ATK,DFN,NEG,scenario_ethnicity_fatima_fourth,ethnicity
54,Fatima_victim,14:38:38,...,victim,NAG,NULL,NULL,OTH,NULL,NEU,scenario_ethnicity_fatima_fourth,ethnicity
55,Teresa,14:38:44,Elle grosse elle est inondée,victim_support,OAG,bully,DNG,DFN,ATK,NEG,scenario_ethnicity_fatima_fourth,ethnicity
57,Fatima_victim,14:39:11," Pauline, nous avons exactement la même morphologie ...",victim,NAG,NULL,NULL,CNS,ATK,NEU,scenario_ethnicity_fatima_fourth,ethnicity
58,Pauline_harceleur,14:39:30,Vive zemmour,bully,CAG,victim,DNG,ATK,CNS,NEG,scenario_ethnicity_fatima_fourth,ethnicity
59,Nicolas_soutien,14:39:17,lvdm que c noir parte,bully_support,CAG,victim,OTH,AIN,ATK,NEG,scenario_ethnicity_fatima_fourth,ethnicity
60,Pierre_soutien_du_harceleur,14:39:51,La tajine,bully_support,CAG,victim,OTH,ATK,CNS,NEG,scenario_ethnicity_fatima_fourth,ethnicity
61,Pauline_harceleur,14:39:54,mon vier on a pas la mm morphologie,bully,CAG,victim,DNG,ATK,CNS,NEG,scenario_ethnicity_fatima_fourth,ethnicity
62,Fatima_victim,14:40:15," Tiens tiens le vier de Pauline, c'est nouveau ?",victim,CAG,bully,OTH,DFN,ATK,NEG,scenario_ethnicity_fatima_fourth,ethnicity
63,Theo_Conciliateur,14:40:26,Mais pk vous l'harceler à fatima dites moi,conciliator,NAG,NULL,NULL,DFN,ATK,NEU,scenario_ethnicity_fatima_fourth,ethnicity
64,Pauline_harceleur,14:40:31,et we tks theo la vu et pierre,bully,CAG,conciliator,OTH,ATK,DFN,NEG,scenario_ethnicity_fatima_fourth,ethnicity
65,Fatima_victim,14:40:43,mais vous avez quel âge ?,victim,CAG,bully,OTH,DFN,ATK,NEG,scenario_ethnicity_fatima_fourth,ethnicity
66,Pierre_soutien_du_harceleur,14:40:46,Parce ce que c’est une bougnoule,bully_support,OAG,victim,NCG,AIN,ATK,NEG,scenario_ethnicity_fatima_fourth,ethnicity
67,Pierre_soutien_du_harceleur,14:41:15,Mangia bene fatima hein,bully_support,CAG,victim,OTH,ATK,DFN,NEG,scenario_ethnicity_fatima_fourth,ethnicity
68,Theo_Conciliateur,14:41:17,Et juste à cause des ses origine tu la dénigre,conciliator,NAG,NULL,NULL,DFN,ATK,NEU,scenario_ethnicity_fatima_fourth,ethnicity
69,Teresa,14:41:20,Hooooooo sais pas bien,victim_support,CAG,bully,OTH,DFN,ATK,NEG,scenario_ethnicity_fatima_fourth,ethnicity
70,Pierre_soutien_du_harceleur,14:41:37,Son gros ventre la,bully_support,OAG,victim_support,DNG,ATK,DFN,NEG,scenario_ethnicity_fatima_fourth,ethnicity
71,Theo_Conciliateur,14:41:39,On choisi pas ses origine,conciliator,NAG,NULL,NULL,CR,NULL,NEU,scenario_ethnicity_fatima_fourth,ethnicity
72,Pauline_harceleur,14:41:41,pffff,bully,OAG,victim_support,OTH,ATK,DFN,NEG,scenario_ethnicity_fatima_fourth,ethnicity
73,Theo_Conciliateur,14:41:44,Mon freroT,conciliator,NAG,NULL,NULL,CR,NULL,NEU,scenario_ethnicity_fatima_fourth,ethnicity
74,Teresa,14:41:45,T toi 🐷,victim_support,NAG,NULL,NULL,OTH,ATK,NEU,scenario_ethnicity_fatima_fourth,ethnicity
75,Pierre_soutien_du_harceleur,14:42:01,On choisi pas on reste dans son pays,bully_support,CAG,victim,OTH,ATK,CR,NEG,scenario_ethnicity_fatima_fourth,ethnicity
76,Nicolas_soutien,14:42:04,Orhhh Sale terroriste,bully_support,OAG,victim,NCG,AIN,NULL,NEG,scenario_ethnicity_fatima_fourth,ethnicity
77,Fatima_victim,14:42:35," Pierre, toujours branché devant BFM ...",victim,CAG,bully_support,OTH,DFN,ATK,NEG,scenario_ethnicity_fatima_fourth,ethnicity
78,Pierre_soutien_du_harceleur,14:42:44,Fatima ton gros corps de C.R.S,bully_support,OAG,victim,DNG,ATK,DFN,NEG,scenario_ethnicity_fatima_fourth,ethnicity
79,Pauline_harceleur,14:42:46,mdrrrrr,bully,NAG,NULL,NULL,AIN,AIN,NEG,scenario_ethnicity_fatima_fourth,ethnicity
80,Theo_Conciliateur,14:42:50,Les gars il faut être conciliant avec les autres et avoir du respect pour tt lmonde,conciliator,NAG,NULL,NULL,CR,NULL,NEU,scenario_ethnicity_fatima_fourth,ethnicity
81,Nicolas_soutien,14:42:56,🤣🤣🤣,bully_support,NAG,NULL,NULL,OTH,NULL,NEU,scenario_ethnicity_fatima_fourth,ethnicity
82,Pauline_harceleur,14:42:56,tg,bully,OAG,conciliator,OTH,ATK,CR,NEG,scenario_ethnicity_fatima_fourth,ethnicity
83,Fatima_victim,14:43:04,que dans les préjugés ... alors que vous ne me connaissez même pas !,victim,NAG,NULL,NULL,DFN,ATK,NEU,scenario_ethnicity_fatima_fourth,ethnicity
84,Teresa,14:43:12,Hooooooo les gros mot on ce calme,victim_support,NAG,NULL,NULL,CR,NULL,NEU,scenario_ethnicity_fatima_fourth,ethnicity
85,Pauline_harceleur,14:43:12,tg on fais hella la,bully,OAG,victim,OTH,ATK,DFN,NEG,scenario_ethnicity_fatima_fourth,ethnicity
86,Teresa,14:43:40,🦄,victim_support,NAG,NULL,NULL,OTH,NULL,NEU,scenario_ethnicity_fatima_fourth,ethnicity
87,Theo_Conciliateur,14:43:48,Non justement fait stop les injustice. Et être sur un terrain plat et repartir du bon pied,conciliator,NAG,NULL,NULL,CR,ATK,NEU,scenario_ethnicity_fatima_fourth,ethnicity
88,Pauline_harceleur,14:44:11,ooooo theo ca vas te choper,bully,OAG,conciliator,THR,ATK,CR,NEG,scenario_ethnicity_fatima_fourth,ethnicity
89,Pierre_soutien_du_harceleur,14:44:31,Retourne au bled,bully_support,CAG,victim,OTH,ATK,DFN,NEG,scenario_ethnicity_fatima_fourth,ethnicity
90,Theo_Conciliateur,14:44:31,Je dis la strict vérité,conciliator,NAG,NULL,NULL,DFN,ATK,NEU,scenario_ethnicity_fatima_fourth,ethnicity
91,Nicolas_soutien,14:44:42,Theo suceur,bully_support,OAG,conciliator,DNG,ATK,DFN,NEG,scenario_ethnicity_fatima_fourth,ethnicity
92,Pauline_harceleur,14:44:46,voilaaaa nico,bully,NAG,NULL,NULL,AIN,ATK,NEG,scenario_ethnicity_fatima_fourth,ethnicity
93,Theo_Conciliateur,14:44:54,Faut stop la pauvre imaginez c'est vous les gars,conciliator,OAG,bully/bully_support,OTH,DFN,NULL,NEG,scenario_ethnicity_fatima_fourth,ethnicity
96,Fatima_victim,14:45:05,J'aimerais des excuses ... on ne peut pas rester sur ça enfin !,victim,NAG,NULL,NULL,OTH,NULL,NEG,scenario_ethnicity_fatima_fourth,ethnicity
97,Pauline_harceleur,14:45:11,ok,bully,NAG,NULL,NULL,OTH,OTH,NEU,scenario_ethnicity_fatima_fourth,ethnicity
98,Pierre_soutien_du_harceleur,14:45:12,Si,bully_support,NAG,NULL,NULL,OTH,OTH,NEU,scenario_ethnicity_fatima_fourth,ethnicity
99,Fatima_victim,14:45:14,il reste toute l'année scolaire !,victim,NAG,NULL,NULL,OTH,NULL,NEG,scenario_ethnicity_fatima_fourth,ethnicity
100,Pauline_harceleur,14:45:14," dsl fatima et voilaaa, dans ta mere jrgl",bully,OAG,victim,OTH,ATK,OTH,NEG,scenario_ethnicity_fatima_fourth,ethnicity
101,Nicolas_soutien,14:45:22,Y’a r Théo art ça va t’attraper toi et Fatima,bully_support,OAG,victim/conciliator,THR,ATK,DFN,NEG,scenario_ethnicity_fatima_fourth,ethnicity
102,Pauline_harceleur,14:45:24,casse toi,bully,OAG,victim,OTH,ATK,OTH,NEG,scenario_ethnicity_fatima_fourth,ethnicity
103,Pierre_soutien_du_harceleur,14:45:30,Maigris fatima,bully_support,CAG,victim,DNG,ATK,OTH,NEG,scenario_ethnicity_fatima_fourth,ethnicity
104,Teresa,14:45:44,Tkt t’es belle Fatima rrrrrrrr😝,victim_support,NAG,NULL,NULL,EMP,OTH,POS,scenario_ethnicity_fatima_fourth,ethnicity
105,Pauline_harceleur,14:45:45,lvdm,bully,OAG,victim,OTH,ATK,OTH,NEG,scenario_ethnicity_fatima_fourth,ethnicity
106,Fatima_victim,14:45:59," oh non tu m'as ""bien eu"" Pauline ...",victim,CAG,bully,OTH,DFN,ATK,NEG,scenario_ethnicity_fatima_fourth,ethnicity
107,Theo_Conciliateur,14:46:03,Faut se remettre en question,conciliator,NAG,NULL,NULL,CR,NULL,NEU,scenario_ethnicity_fatima_fourth,ethnicity
108,Pauline_harceleur,14:46:07,ta vu :') :') :') :'),bully,NAG,NULL,NULL,OTH,DFN,NEU,scenario_ethnicity_fatima_fourth,ethnicity
109,Fatima_victim,14:46:18,Merci Teresa ! Heuresement que tu es là !,victim,NAG,NULL,NULL,OTH,EMP,POS,scenario_ethnicity_fatima_fourth,ethnicity
111,Nicolas_soutien,14:46:41,Teresa  ca va te soulever,bully_support,OAG,conciliator,THR,ATK,EMP,NEG,scenario_ethnicity_fatima_fourth,ethnicity
112,Theo_Conciliateur,14:46:52,C'est toi Pauline qui faut que tu remette en question,conciliator,NAG,NULL,NULL,DFN,ATK,NEU,scenario_ethnicity_fatima_fourth,ethnicity
115,Theo_Conciliateur,14:47:13,Tu l'harcelle pour rien,conciliator,NAG,NULL,NULL,DFN,ATK,NEU,scenario_ethnicity_fatima_fourth,ethnicity
116,Teresa,14:47:17,Vien nicola,victim_support,CAG,bully_support,OTH,DFN,ATK,NEG,scenario_ethnicity_fatima_fourth,ethnicity
117,Pauline_harceleur,14:47:27,avec un s,bully,CAG,victim_support,OTH,ATK,DFN,NEG,scenario_ethnicity_fatima_fourth,ethnicity
118,Nicolas_soutien,14:47:28,Vsy,bully_support,OAG,victim_support,OTH,ATK,DFN,NEG,scenario_ethnicity_fatima_fourth,ethnicity
119,Theo_Conciliateur,14:47:29,Donc ta pas de répartie Pauline,conciliator,NAG,NULL,NULL,DFN,ATK,NEU,scenario_ethnicity_fatima_fourth,ethnicity
120,Fatima_victim,14:47:29,Pauline et Pierre ... c'est une catastrophe !,victim,OAG,bully/bully_support,OTH,DFN,NULL,NEG,scenario_ethnicity_fatima_fourth,ethnicity
121,Pauline_harceleur,14:47:30,nicolas,bully,CAG,victim_support,OTH,ATK,DFN,NEG,scenario_ethnicity_fatima_fourth,ethnicity
122,Pierre_soutien_du_harceleur,14:47:30,Nan parce que elle est noir et grosse,bully_support,OAG,victim,DNG,ATK,DFN,NEG,scenario_ethnicity_fatima_fourth,ethnicity
123,Fatima_victim,14:47:34,Je suis si déçue,victim,NAG,NULL,NULL,OTH,NULL,NEG,scenario_ethnicity_fatima_fourth,ethnicity
124,Theo_Conciliateur,14:48:01,Et toi tes grosse aussi Pauline mdr et on t'insulte pas pour autant à se sue je crois,conciliator,NAG,NULL,NULL,DFN,ATK,NEU,scenario_ethnicity_fatima_fourth,ethnicity
126,Pierre_soutien_du_harceleur,14:48:07,Tu mange bien fatima a la cantina avec ta corpulence,bully_support,OAG,victim,DNG,ATK,OTH,NEG,scenario_ethnicity_fatima_fourth,ethnicity
127,Pauline_harceleur,14:48:15,ya plus de rab apres toi,bully,OAG,victim,DNG,ATK,OTH,NEG,scenario_ethnicity_fatima_fourth,ethnicity
128,Pierre_soutien_du_harceleur,14:48:49,espèce de grosse,bully_support,OAG,victim,DNG,ATK,OTH,NEG,scenario_ethnicity_fatima_fourth,ethnicity
129,Theo_Conciliateur,14:49:09,Au pire ignorez la (fatima) et laissez la trkl et faites votre vie,conciliator,NAG,NULL,NULL,EMP,OTH,NEU,scenario_ethnicity_fatima_fourth,ethnicity
131,Fatima_victim,14:49:21,Je mange normalement ! Et moins que toi d'ailleurs,victim,OAG,bully_support,DNG,DFN,ATK,NEG,scenario_ethnicity_fatima_fourth,ethnicity
133,Nicolas_soutien,14:49:27,On peut pas ignorer ça poto c chaud,bully_support,OAG,victim,OTH,AIN,ATK,NEG,scenario_ethnicity_fatima_fourth,ethnicity
134,Pierre_soutien_du_harceleur,14:49:58,Fatima inscris toi a basic fit sa te ferais du bien vu ton gros bid plein de selulites la,bully_support,OAG,victim,DNG,ATK,DFN,NEG,scenario_ethnicity_fatima_fourth,ethnicity
135,Teresa,14:50:00,Ok n ce calme,victim_support,NAG,NULL,NULL,CR,NULL,NEU,scenario_ethnicity_fatima_fourth,ethnicity
136,Pierre_soutien_du_harceleur,14:50:22,Jv bv nicolas,bully_support,NAG,NULL,NULL,OTH,AIN,NEU,scenario_ethnicity_fatima_fourth,ethnicity
137,Theo_Conciliateur,14:50:26,Mais vous êtes tous dans le même panier et de plus Pauline l'insulte alors que elle même est assez grosse pour sa taille et son âge et pourtant on l'insulte pas. Alors pourquoi fatima doit subir,conciliator,NAG,NULL,NULL,DFN,NULL,NEG,scenario_ethnicity_fatima_fourth,ethnicity
139,Fatima_victim,14:51:00,je pense que tu es un peu jalouse Pauline !,victim,NAG,NULL,NULL,DFN,ATK,NEU,scenario_ethnicity_fatima_fourth,ethnicity
140,Pierre_soutien_du_harceleur,14:51:01,Je saute sur son ventre je rebondis,bully_support,OAG,victim,DNG,ATK,DFN,NEG,scenario_ethnicity_fatima_fourth,ethnicity
141,Pauline_harceleur,14:51:19,c trampoline parc le truc,bully,OAG,victim,DNG,AIN,ATK,NEG,scenario_ethnicity_fatima_fourth,ethnicity
142,Teresa,14:51:31,Vous êtes des faux culte,victim_support,OAG,bully/bully_support,NCG,DFN,NULL,NEG,scenario_ethnicity_fatima_fourth,ethnicity
143,Fatima_victim,14:51:56,Trampoline parc ? ... t'es très inspiré !,victim,CAG,bully,OTH,DFN,AIN,NEG,scenario_ethnicity_fatima_fourth,ethnicity
144,Pierre_soutien_du_harceleur,14:52:02,Oe oe oe Sale grosse,bully_support,OAG,victim,NCG,ATK,DFN,NEG,scenario_ethnicity_fatima_fourth,ethnicity
146,Theo_Conciliateur,14:52:11,Mais enft vous avez pas de réparties depuis tt à l'h les gars vois pensez que car elle est grosse mais si on part du principe votre pote Pauline elle aussi elle est grosse. Et tu ne l'insulte pas,conciliator,NAG,NULL,NULL,CR,NULL,NEU,scenario_ethnicity_fatima_fourth,ethnicity
147,Theo_Conciliateur,14:52:53,Donc venez vous vous pardonnez et vous vivez votre vie trkl,conciliator,NAG,NULL,NULL,CR,NULL,NEU,scenario_ethnicity_fatima_fourth,ethnicity
148,Pierre_soutien_du_harceleur,14:52:55,Écoute moi bien theo fatima la grosse elle fais ke manger cte naigre de merde retourne dans ton pays,bully_support,OAG,victim,OTH,ATK,CR,NEG,scenario_ethnicity_fatima_fourth,ethnicity
0,alice58,15:35:30,bjr mes  lubellules,victim_support,NAG,NULL,NULL,OTH,NULL,NEU,scenario_ethnicity_fatima_third,ethnicity
1,Anton65,15:35:56,slt les enfaznt,bully_support,NAG,NULL,NULL,OTH,NULL,NEU,scenario_ethnicity_fatima_third,ethnicity
2,Pauline,15:36:17,coucou,bully,NAG,NULL,NULL,OTH,NULL,NEU,scenario_ethnicity_fatima_third,ethnicity
3,Anton65,15:36:22,ca va moi perso jv bien,bully_support,NAG,NULL,NULL,OTH,NULL,NEU,scenario_ethnicity_fatima_third,ethnicity
4,Pauline,15:36:31,bien et toi,bully,NAG,NULL,NULL,OTH,OTH,NEU,scenario_ethnicity_fatima_third,ethnicity
5,Anton65,15:36:41,trkl mon reuf,bully_support,NAG,NULL,NULL,OTH,OTH,NEU,scenario_ethnicity_fatima_third,ethnicity
6,Fatima,15:37:05," bjr, QQ peut m'expliquer ce que j'ai fait de mal pour qu'on me parle comme ça ?",victim,NAG,NULL,NULL,OTH,NULL,NEU,scenario_ethnicity_fatima_third,ethnicity
7,Pauline,15:37:16,bah ta peau,bully,OAG,victim,DNG,AIN,OTH,NEG,scenario_ethnicity_fatima_third,ethnicity
8,Julie45,15:37:35,bah quoi sa peau t'a un probleme ?,victim_support,NAG,NULL,NULL,DFN,AIN,NEU,scenario_ethnicity_fatima_third,ethnicity
9,Sarah,15:37:48,sa peau influence ta vie pauline ?,conciliator,NAG,NULL,NULL,DFN,AIN,NEU,scenario_ethnicity_fatima_third,ethnicity
10,alice58,15:38:00,pauline tu vas te calmer tres fort,victim_support,NAG,NULL,NULL,CR,AIN,NEU,scenario_ethnicity_fatima_third,ethnicity
11,Pauline,15:38:04,elle est mate😹😹,bully,OAG,victim,DNG,ATK,DFN,NEG,scenario_ethnicity_fatima_third,ethnicity
12,Anton65,15:38:19,c un vrai probleme la peau les enfant,bully_support,OAG,victim,DNG,AIN,ATK,NEG,scenario_ethnicity_fatima_third,ethnicity
13,Julie45,15:38:20,t'es raciste ou quoi ?,victim_support,OAG,bully,NCG,DFN,ATK,NEG,scenario_ethnicity_fatima_third,ethnicity
14,Pierre69,15:38:28,Ça se comprend,bully_support,OAG,victim,OTH,GSL,DFN,NEG,scenario_ethnicity_fatima_third,ethnicity
15,Pauline,15:38:35,mdrrrrr,bully,NAG,NULL,NULL,AIN,AIN,NEG,scenario_ethnicity_fatima_third,ethnicity
16,Sarah,15:38:42,comprendre quoi ?,conciliator,NAG,NULL,NULL,DFN,GSL,NEU,scenario_ethnicity_fatima_third,ethnicity
17,Fatima,15:38:42,en quoi ça se comprend pierre ?,victim,NAG,NULL,NULL,DFN,GSL,NEU,scenario_ethnicity_fatima_third,ethnicity
18,alice58,15:38:50,pierre mon reuf viens pas faire chier,victim_support,NAG,NULL,NULL,DFN,GSL,NEG,scenario_ethnicity_fatima_third,ethnicity
19,Julie45,15:38:50,commence pas a mal parler des gens comme ca a cause de leur peau frr,victim_support,NAG,NULL,NULL,CNS,GSL,NEU,scenario_ethnicity_fatima_third,ethnicity
20,Anton65,15:38:55,ben les etrangé ts dehors,bully_support,OAG,victim,OTH,ATK,CNS,NEG,scenario_ethnicity_fatima_third,ethnicity
21,Nicolas69,15:39:03,A mort les arabes,bully_support,OAG,victim,OTH,ATK,CNS,NEG,scenario_ethnicity_fatima_third,ethnicity
22,Pauline,15:39:05,MDRRRRR,bully,NAG,NULL,NULL,AIN,ATK,NEG,scenario_ethnicity_fatima_third,ethnicity
23,Nicolas69,15:39:07,C'est tout,bully_support,OAG,victim,OTH,ATK,CNS,NEG,scenario_ethnicity_fatima_third,ethnicity
24,Pauline,15:39:14,WSH MDRRR,bully,NAG,NULL,NULL,AIN,ATK,NEG,scenario_ethnicity_fatima_third,ethnicity
25,Pierre69,15:39:16,Ils ont dit les thermes,bully_support,NAG,NULL,NULL,OTH,NULL,NEU,scenario_ethnicity_fatima_third,ethnicity
26,Fatima,15:39:20,Anton je suis française au cas où tu le saurais pas,victim,NAG,NULL,NULL,CNS,ATK,NEU,scenario_ethnicity_fatima_third,ethnicity
27,Julie45,15:39:21,Allez dehors vous aussi si vous etes pas contentye,victim_support,OAG,bully_support,OTH,DFN,ATK,NEG,scenario_ethnicity_fatima_third,ethnicity
28,alice58,15:39:25,mais vous etes malade,victim_support,OAG,bully_support,OTH,DFN,ATK,NEG,scenario_ethnicity_fatima_third,ethnicity
29,Julie45,15:39:28,content*,victim_support,OAG,bully_support,OTH,DFN,ATK,NEU,scenario_ethnicity_fatima_third,ethnicity
30,Pauline,15:39:30,bah pourquoi t’es mate alors?,bully,OAG,victim,DNG,ATK,CNS,NEG,scenario_ethnicity_fatima_third,ethnicity
31,Anton65,15:39:41,oui tres clairement t'a raison ts dehors la france au francais,bully_support,OAG,victim,DNG,ATK,CNS,NEG,scenario_ethnicity_fatima_third,ethnicity
32,Julie45,15:39:43,c'est de sa faute tu crois ? ptdrrr,victim_support,NAG,NULL,NULL,CNS,ATK,NEU,scenario_ethnicity_fatima_third,ethnicity
33,alice58,15:39:49,mais vas en cour toi,victim_support,OAG,bully_support,OTH,DFN,ATK,NEG,scenario_ethnicity_fatima_third,ethnicity
34,Julie45,15:39:52,c'est hyper beau,victim_support,NAG,NULL,NULL,CNS,ATK,POS,scenario_ethnicity_fatima_third,ethnicity
35,Pierre69,15:39:54,Un peu du coup,bully_support,OAG,victim,OTH,ATK,CNS,NEG,scenario_ethnicity_fatima_third,ethnicity
36,Pauline,15:40:00,c’est bizarre,bully,OAG,victim,DNG,ATK,CNS,NEG,scenario_ethnicity_fatima_third,ethnicity
37,Fatima,15:40:05,J'en sais rien wesh ! c'est ma famille elle est comme ça!  moi je suis née en france et je suis jamais allé dans un autre pays !,victim,NAG,NULL,NULL,CNS,ATK,NEU,scenario_ethnicity_fatima_third,ethnicity
38,Nicolas69,15:40:10,Mais c'est une arabe y a pas à discuter elle va exploser comme ses frères au bataclan,bully_support,OAG,victim,OTH,ATK,CNS,NEG,scenario_ethnicity_fatima_third,ethnicity
39,Julie45,15:40:20,au tg avcec tes reflexions la,victim_support,OAG,bully_support,OTH,DFN,ATK,NEG,scenario_ethnicity_fatima_third,ethnicity
40,Sarah,15:40:23,on ne choisit Pas ses origines et encore heureux qu'on soit tous differents,conciliator,NAG,NULL,NULL,CR,NULL,NEU,scenario_ethnicity_fatima_third,ethnicity
41,Pauline,15:40:32,merci Nicolas,bully,NAG,NULL,NULL,AIN,ATK,NEG,scenario_ethnicity_fatima_third,ethnicity
42,Anton65,15:40:50,fait gaffe il va tout faire peter,bully_support,OAG,victim,OTH,AIN,ATK,NEG,scenario_ethnicity_fatima_third,ethnicity
43,Pierre69,15:40:52,Anomalie 👎🏻👎🏻,bully_support,OAG,victim,DNG,ATK,NULL,NEG,scenario_ethnicity_fatima_third,ethnicity
44,Sarah,15:40:52,ce n'est pas parcer que sa peau n'est pas blanche qu'elle n'est pas gentille,conciliator,NAG,NULL,NULL,CNS,ATK,NEU,scenario_ethnicity_fatima_third,ethnicity
45,Pauline,15:40:55,HAHAHHA,bully,NAG,NULL,NULL,AIN,AIN,NEG,scenario_ethnicity_fatima_third,ethnicity
46,alice58,15:40:59,whaaa y a vrmnt des cons sur terre,victim_support,OAG,bully/bully_support,NCG,DFN,NULL,NEG,scenario_ethnicity_fatima_third,ethnicity
47,Julie45,15:41:00,Nicolas t'es cringe tu genbes mon reuf,victim_support,OAG,bully_support,OTH,DFN,ATK,NEG,scenario_ethnicity_fatima_third,ethnicity
48,Pauline,15:41:05,toi même,bully,OAG,victim_support,OTH,ATK,DFN,NEG,scenario_ethnicity_fatima_third,ethnicity
49,Julie45,15:41:09,genes*,victim_support,OAG,bully_support,OTH,DFN,ATK,NEG,scenario_ethnicity_fatima_third,ethnicity
50,Anton65,15:41:15,nn juste des gens qui pense normalemenbt,bully_support,OAG,victim,OTH,GSL,DFN,NEG,scenario_ethnicity_fatima_third,ethnicity
51,Pauline,15:41:40,Dis les termes anton,bully,NAG,NULL,NULL,AIN,GSL,NEG,scenario_ethnicity_fatima_third,ethnicity
52,Fatima,15:41:46," Mais depuis quand dire ""t mate t pas française"" c'est normal ?",victim,NAG,NULL,NULL,DFN,ATK,NEU,scenario_ethnicity_fatima_third,ethnicity
53,Anton65,15:41:55,ben oui,bully_support,OAG,victim,OTH,ATK,DFN,NEG,scenario_ethnicity_fatima_third,ethnicity
54,alice58,15:41:56,les termes c que vous dites de la merde,victim_support,OAG,bully_support,OTH,DFN,GSL,NEG,scenario_ethnicity_fatima_third,ethnicity
55,Sarah,15:41:57,pauline tu n'etais pas censé etre la copine de fatima ?,conciliator,NAG,NULL,NULL,OTH,AIN,NEU,scenario_ethnicity_fatima_third,ethnicity
56,Anton65,15:41:58,logique,bully_support,OAG,victim,OTH,ATK,DFN,NEG,scenario_ethnicity_fatima_third,ethnicity
57,Julie45,15:42:00,les cons : pauline anton nicolas et pierre jpp,victim_support,OAG,bully/bully_support,NCG,DFN,NULL,NEG,scenario_ethnicity_fatima_third,ethnicity
58,Sarah,15:42:07,uin complexe d'nferiorite ?,conciliator,NAG,NULL,NULL,OTH,NULL,NEU,scenario_ethnicity_fatima_third,ethnicity
59,Pauline,15:42:19,lv que nan,bully,NAG,NULL,NULL,OTH,OTH,NEU,scenario_ethnicity_fatima_third,ethnicity
60,Nicolas69,15:42:24,Bah les arabes c'est pas en France svp on veut pas de vous ici,bully_support,OAG,victim,DNG,ATK,DFN,NEG,scenario_ethnicity_fatima_third,ethnicity
61,Pierre69,15:42:28," infériorité*, même écrire les arabes ne savent pas faire",bully_support,OAG,victim,DNG,ATK,OTH,NEG,scenario_ethnicity_fatima_third,ethnicity
62,Pauline,15:42:30,Jsuis pas jalouse de Fatima moi😹 MDMRMRR,bully,OAG,victim,OTH,ATK,OTH,NEG,scenario_ethnicity_fatima_third,ethnicity
63,Julie45,15:42:41,pouaaa,victim_support,OAG,bully,OTH,DFN,ATK,NEG,scenario_ethnicity_fatima_third,ethnicity
64,alice58,15:42:42,opsk tu croit t 100% fr,victim_support,OAG,bully,OTH,DFN,ATK,NEG,scenario_ethnicity_fatima_third,ethnicity
65,Julie45,15:42:48,2 de qi j'ai juré,victim_support,OAG,bully/bully_support,DNG,DFN,NULL,NEG,scenario_ethnicity_fatima_third,ethnicity
66,alice58,15:42:55,les origines ça existe du con,victim_support,OAG,bully_support,NCG,DFN,ATK,NEG,scenario_ethnicity_fatima_third,ethnicity
67,Sarah,15:43:00,le clash n'(a pas marche jhe ne le suis pas,conciliator,NAG,NULL,NULL,CR,NULL,NEU,scenario_ethnicity_fatima_third,ethnicity
68,Fatima,15:43:05,Mais genre je t'ai rien fait meuf ! Pourquoi tu me déglingue comme ça ? Dans mon dos en + !,victim,NAG,NULL,NULL,DFN,ATK,NEG,scenario_ethnicity_fatima_third,ethnicity
69,Anton65,15:43:07,fait gaffe fatima elle va nous voler comme c congenere avant,bully_support,OAG,victim,OTH,ATK,NULL,NEG,scenario_ethnicity_fatima_third,ethnicity
70,Julie45,15:43:14," faite pasq genre ca vous degoutes les orogines, c'est hyper sexy wsh",victim_support,NAG,NULL,NULL,CNS,ATK,POS,scenario_ethnicity_fatima_third,ethnicity
71,Pauline,15:43:19,Julie t’as quoi à défendre comme ça Fatima?,bully,NAG,NULL,NULL,OTH,CNS,NEU,scenario_ethnicity_fatima_third,ethnicity
72,Sarah,15:43:34,mais vous devez vraiment vous faire chier pour vous arretez sur une couleur de peau,conciliator,NAG,NULL,NULL,CNS,ATK,NEU,scenario_ethnicity_fatima_third,ethnicity
73,Julie45,15:43:43," je la defend elle et ses origines , c'est vous vous etes racistes",victim_support,OAG,bully,NCG,DFN,OTH,NEG,scenario_ethnicity_fatima_third,ethnicity
74,Pierre69,15:43:47,On est juste réaliste,bully_support,OAG,victim,OTH,GSL,DFN,NEG,scenario_ethnicity_fatima_third,ethnicity
75,Julie45,15:43:53,vous etes chelou la vie,victim_support,OAG,bully_support,OTH,DFN,GSL,NEG,scenario_ethnicity_fatima_third,ethnicity
76,Pauline,15:43:56,Jsuis aps raciste juste j’aime pas les arabes,bully,OAG,victim,OTH,ATK,DFN,NEG,scenario_ethnicity_fatima_third,ethnicity
77,Sarah,15:44:00,vous etes honteux,conciliator,OAG,bully,OTH,DFN,ATK,NEG,scenario_ethnicity_fatima_third,ethnicity
78,Pierre69,15:44:08,Pauline présidente,bully_support,NAG,NULL,NULL,AIN,ATK,NEG,scenario_ethnicity_fatima_third,ethnicity
79,alice58,15:44:17,pauline c koi la dif,victim_support,NAG,NULL,NULL,OTH,ATK,NEU,scenario_ethnicity_fatima_third,ethnicity
80,Anton65,15:44:17,bien dis poline il sont en france que pour nous voler,bully_support,OAG,victim,DNG,AIN,ATK,NEG,scenario_ethnicity_fatima_third,ethnicity
81,Pauline,15:44:24,oui moi présidente,bully,NAG,NULL,NULL,OTH,AIN,NEU,scenario_ethnicity_fatima_third,ethnicity
82,Anton65,15:44:33,pauline presidente,bully_support,NAG,NULL,NULL,AIN,ATK,NEG,scenario_ethnicity_fatima_third,ethnicity
83,Fatima,15:44:38,Mais pourtant moi je t'ai rien fait moi !,victim,NAG,NULL,NULL,CNS,ATK,NEU,scenario_ethnicity_fatima_third,ethnicity
84,Julie45,15:44:40,pauline t'as un complexe d'inferiorité ma pauvre,victim_support,NAG,NULL,NULL,DFN,ATK,NEG,scenario_ethnicity_fatima_third,ethnicity
85,Theo55,15:44:41,ELLE A RIEN DEMANDE ARRETEZ,conciliator,NAG,NULL,NULL,CR,NULL,NEU,scenario_ethnicity_fatima_third,ethnicity
86,Pauline,15:44:43,*pauline stp anton,bully,NAG,NULL,NULL,OTH,AIN,NEU,scenario_ethnicity_fatima_third,ethnicity
87,Nicolas69,15:44:51,Pauline meilleur programme que Zemmour,bully_support,NAG,NULL,NULL,AIN,OTH,NEU,scenario_ethnicity_fatima_third,ethnicity
88,Pauline,15:45:01,merci ça me touche,bully,NAG,NULL,NULL,OTH,AIN,NEU,scenario_ethnicity_fatima_third,ethnicity
89,Anton65,15:45:01,et alors tu dois payer pr les crime de t ancetre,bully_support,OAG,victim,OTH,ATK,CNS,NEG,scenario_ethnicity_fatima_third,ethnicity
90,Julie45,15:45:02,apprend a ecrire le prenom de tes potes avant de parler ytoi,victim_support,CAG,bully_support,DNG,DFN,AIN,NEG,scenario_ethnicity_fatima_third,ethnicity
91,Fatima,15:45:18,Mais j'ai jamais rien demandé à personne wesh T'es chelou toi !,victim,OAG,bully_support,OTH,DFN,ATK,NEG,scenario_ethnicity_fatima_third,ethnicity
92,Pierre69,15:45:24,Même zemmour te donnerais raison,bully_support,NAG,NULL,NULL,AIN,ATK,NEG,scenario_ethnicity_fatima_third,ethnicity
93,Anton65,15:45:32,vivie le z,bully_support,NAG,NULL,NULL,OTH,NULL,NEU,scenario_ethnicity_fatima_third,ethnicity
94,Julie45,15:45:35," e t toi aussi tu dois ,payer pour les crimes des tiens",victim_support,OAG,bully_support,OTH,DFN,ATK,NEG,scenario_ethnicity_fatima_third,ethnicity
95,Sarah,15:45:38,arretez de souytenir pauline,conciliator,NAG,NULL,NULL,DFN,AIN,NEU,scenario_ethnicity_fatima_third,ethnicity
96,Julie45,15:45:41,t'es pas tt bleu tt rose mv,victim_support,OAG,bully_support,OTH,DFN,ATK,NEU,scenario_ethnicity_fatima_third,ethnicity
97,Sarah,15:45:43,vous n'etes rien a cote,conciliator,OAG,bully_support,OTH,DFN,ATK,NEG,scenario_ethnicity_fatima_third,ethnicity
98,alice58,15:45:46,seigneur dieux c'est la decadance,victim_support,NAG,NULL,NULL,DFN,ATK,NEG,scenario_ethnicity_fatima_third,ethnicity
99,Sarah,15:45:56,vous aimeriez recevoir,conciliator,OAG,bully_support,OTH,DFN,ATK,NEG,scenario_ethnicity_fatima_third,ethnicity
100,Anton65,15:45:56,moi chui un fr de pur sang mon reuf,bully_support,NAG,NULL,NULL,OTH,CNS,NEU,scenario_ethnicity_fatima_third,ethnicity
101,Sarah,15:45:57,tout ca,conciliator,OAG,bully_support,OTH,DFN,ATK,NEU,scenario_ethnicity_fatima_third,ethnicity
102,Julie45,15:46:03,a partir du moment ou tun soutiens zemmour c'est que t'a un probleme mon pauyvre,victim_support,CAG,bully_support,OTH,DFN,ATK,NEG,scenario_ethnicity_fatima_third,ethnicity
103,Pierre69,15:46:03," Pauline et Anton ont raison, les français restent prioritaires",bully_support,NAG,NULL,NULL,AIN,ATK,NEG,scenario_ethnicity_fatima_third,ethnicity
104,Sarah,15:46:10,cette ingratitude,conciliator,OAG,bully_support,OTH,DFN,AIN,NEG,scenario_ethnicity_fatima_third,ethnicity
105,Pauline,15:46:12,les purs sang français >>>😻😻😻,bully,OAG,victim,OTH,ATK,NULL,NEG,scenario_ethnicity_fatima_third,ethnicity
106,Fatima,15:46:22,pierre69 JE SUIS FRANCAISE !,victim,NAG,NULL,NULL,CNS,AIN,NEU,scenario_ethnicity_fatima_third,ethnicity
107,Pauline,15:46:29,NON,bully,OAG,victim,OTH,ATK,CNS,NEG,scenario_ethnicity_fatima_third,ethnicity
108,Nicolas69,15:46:32," Mais fermez vos gueules vous detruisez notre pays, les arabes dehors c'est pareil pour les sales nègres",bully_support,OAG,victim,OTH,ATK,CNS,NEG,scenario_ethnicity_fatima_third,ethnicity
109,Anton65,15:46:35,ya un prblm avec mon tonton z,bully_support,CAG,victim,OTH,ATK,CNS,NEG,scenario_ethnicity_fatima_third,ethnicity
110,Pierre69,15:46:38,Pas vraiment du coup,bully_support,OAG,victim,OTH,ATK,CNS,NEG,scenario_ethnicity_fatima_third,ethnicity
111,Julie45,15:46:39,pauline t'es conne toi aussi,victim_support,OAG,bully,NCG,DFN,ATK,NEG,scenario_ethnicity_fatima_third,ethnicity
112,Pauline,15:46:54,bien vu Nicolas,bully,NAG,NULL,NULL,AIN,ATK,NEG,scenario_ethnicity_fatima_third,ethnicity
113,alice58,15:47:01,deja la seule personne ici qui est dans l'ilegalite c pauline non psk juste le droit a l'image ça existe,victim_support,NAG,NULL,NULL,CNS,ATK,NEU,scenario_ethnicity_fatima_third,ethnicity
114,Theo55,15:47:02,vos bouche vous dites de la d la france c'est pour tyout le monde,conciliator,OAG,bully_support,OTH,DFN,ATK,NULL,scenario_ethnicity_fatima_third,ethnicity
115,Anton65,15:47:05,retourne en afrique ma soeur,bully_support,OAG,victim,OTH,ATK,NULL,NEG,scenario_ethnicity_fatima_third,ethnicity
116,Sarah,15:47:18,nicolas tes parents t'ont eduqué ?*,conciliator,OAG,bully_support,OTH,DFN,ATK,NEG,scenario_ethnicity_fatima_third,ethnicity
117,Julie45,15:47:25,a bas pauline,victim_support,NAG,NULL,NULL,OTH,NULL,NEG,scenario_ethnicity_fatima_third,ethnicity
118,Anton65,15:47:29,oui mais la on se fait envahuir par tte la terre,bully_support,OAG,victim,OTH,ATK,CNS,NEG,scenario_ethnicity_fatima_third,ethnicity
119,Theo55,15:47:30,arretez de vous attaquer a elle,conciliator,NAG,NULL,NULL,CR,NULL,NEU,scenario_ethnicity_fatima_third,ethnicity
120,Pauline,15:47:53,Le droit à l’image on s’en fou,bully,OAG,victim_support,OTH,ATK,CNS,NEG,scenario_ethnicity_fatima_third,ethnicity
121,Nicolas69,15:47:57,Mieux que toi sarah si tu defends les arabes qui nous volent tous les jours,bully_support,OAG,victim/conciliator,OTH,ATK,DFN,NEG,scenario_ethnicity_fatima_third,ethnicity
122,Anton65,15:47:58,elle a cas ps etre arabe elle aussi,bully_support,OAG,conciliator,OTH,ATK,DFN,NEG,scenario_ethnicity_fatima_third,ethnicity
123,alice58,15:47:59,je pense pas non,victim_support,NAG,NULL,NULL,CNS,ATK,NEU,scenario_ethnicity_fatima_third,ethnicity
124,Pierre69,15:48:00,surtout pour si peu,bully_support,NAG,NULL,NULL,AIN,ATK,NEG,scenario_ethnicity_fatima_third,ethnicity
125,Julie45,15:48:00,grave pas mdrr,victim_support,NAG,NULL,NULL,DFN,ATK,NEU,scenario_ethnicity_fatima_third,ethnicity
126,teresa,15:48:09,Elle vous a rien demander,victim_support,NAG,NULL,NULL,CNS,ATK,NEU,scenario_ethnicity_fatima_third,ethnicity
127,Pauline,15:48:21,toutes façons Fatima elle m’a agressé les yeux,bully,OAG,victim,OTH,ATK,NULL,NEG,scenario_ethnicity_fatima_third,ethnicity
128,Julie45,15:48:22,l'homogenité les gas merde,victim_support,NAG,NULL,NULL,CR,NULL,NEG,scenario_ethnicity_fatima_third,ethnicity
129,Anton65,15:48:33,si c une arrrrrrrrrrabbbbbbbbbbbbbbbbbbbbeeeeeeeeeeee,bully_support,OAG,victim,OTH,AIN,NULL,NEG,scenario_ethnicity_fatima_third,ethnicity
130,Julie45,15:48:34,t'es juste jalouse meuf,victim_support,OAG,bully,OTH,DFN,ATK,NEG,scenario_ethnicity_fatima_third,ethnicity
131,alice58,15:48:37,pauline tu fera moins la maline avec 15k d'amende,victim_support,OAG,bully,OTH,DFN,ATK,NEG,scenario_ethnicity_fatima_third,ethnicity
132,Fatima,15:48:40,Donc pour résumé je vous ai rien fait. J'ai rien volé que dalle mais je suis juste arabe,victim,NAG,NULL,NULL,CNS,ATK,NEU,scenario_ethnicity_fatima_third,ethnicity
133,Sarah,15:48:41,les francais comme toi ont l'air de voler aussi,conciliator,OAG,bully_support,OTH,DFN,ATK,NEG,scenario_ethnicity_fatima_third,ethnicity
134,Julie45,15:48:43,grave mdrr,victim_support,NAG,NULL,NULL,EMP,DFN,NEU,scenario_ethnicity_fatima_third,ethnicity
135,Theo55,15:48:46,nicolas y'a des francais qui font la meme avec des arabes,conciliator,NAG,NULL,NULL,CNS,ATK,NEU,scenario_ethnicity_fatima_third,ethnicity
136,teresa,15:48:59,tt le monde est pareil,victim_support,NAG,NULL,NULL,CR,NULL,NEU,scenario_ethnicity_fatima_third,ethnicity
137,Sarah,15:49:01,exactement theo,conciliator,NAG,NULL,NULL,EMP,CNS,NEU,scenario_ethnicity_fatima_third,ethnicity
138,Pauline,15:49:03,t’es en train de dire que moi je vole?,bully,NAG,NULL,NULL,OTH,DFN,NEU,scenario_ethnicity_fatima_third,ethnicity
139,Julie45,15:49:05,c'est du cyberharcelement mes reufs vous forcer alors qu'elle n'a rien fait,victim_support,NAG,NULL,NULL,CNS,AIN,NEU,scenario_ethnicity_fatima_third,ethnicity
140,Anton65,15:49:07,oui t une arabe c pr ca ta vu c triste la vie,bully_support,OAG,victim,OTH,ATK,CNS,NEG,scenario_ethnicity_fatima_third,ethnicity
141,Fatima,15:49:08,Pauline Genre comment ? C'est mon maillot de bain quet'aimais pas ou quoi esh !,victim,NAG,NULL,NULL,DFN,ATK,NEU,scenario_ethnicity_fatima_third,ethnicity
142,Sarah,15:49:10,rien ne justifie la couleur de peau,conciliator,NAG,NULL,NULL,CR,NULL,NEU,scenario_ethnicity_fatima_third,ethnicity
143,teresa,15:49:14,y’a pas de différence entre arabe et français,victim_support,NAG,NULL,NULL,CR,NULL,NEU,scenario_ethnicity_fatima_third,ethnicity
144,Julie45,15:49:14,oui,victim_support,NAG,NULL,NULL,EMP,CR,NEU,scenario_ethnicity_fatima_third,ethnicity
145,Pauline,15:49:22,ton maillot de bain serait + beau sur moi,bully,CAG,victim,DNG,ATK,DFN,NEG,scenario_ethnicity_fatima_third,ethnicity
146,Pierre69,15:49:32," teresa pas de différences, juste une infériorité",bully_support,OAG,victim,DNG,ATK,CR,NEG,scenario_ethnicity_fatima_third,ethnicity
147,Julie45,15:49:32,mdrrr tu veux l'essayer elle un plu beau corps que toi meuf,victim_support,OAG,bully,DNG,DFN,ATK,NEG,scenario_ethnicity_fatima_third,ethnicity
148,Fatima,15:49:58,Pauline donc enfaite c'est bien de la jalousie !,victim,OAG,bully,OTH,DFN,ATK,NEG,scenario_ethnicity_fatima_third,ethnicity
149,Pauline,15:50:00,donne moi ton maillot Fatima👹👹👹👹,bully,OAG,victim,OTH,ATK,DFN,NEG,scenario_ethnicity_fatima_third,ethnicity
150,Sarah,15:50:08,tout ca est juste de la jalousie,conciliator,NAG,NULL,NULL,DFN,ATK,NEU,scenario_ethnicity_fatima_third,ethnicity
151,Theo55,15:50:11,pourquoi vous avez autant de haine contre les arabes,conciliator,NAG,NULL,NULL,CNS,ATK,NEU,scenario_ethnicity_fatima_third,ethnicity
152,Pauline,15:50:21,Julie tu me body shame???? #HARCELEMENT,bully,OAG,victim_support,OTH,ATK,DFN,NEG,scenario_ethnicity_fatima_third,ethnicity
153,Theo55,15:50:23,bande de jaloux,conciliator,OAG,bully/bully_support,NCG,DFN,NULL,NEG,scenario_ethnicity_fatima_third,ethnicity
154,teresa,15:50:24,Il sont juste jaloux,victim_support,OAG,bully/bully_support,OTH,DFN,NULL,NEG,scenario_ethnicity_fatima_third,ethnicity
155,Anton65,15:50:31,ds tout les cas ou va le monde ya 200 an on pouvait avir un petrit noir pour r,bully_support,OAG,victim,DNG,ATK,NULL,NEG,scenario_ethnicity_fatima_third,ethnicity
156,Nicolas69,15:50:35," N'importe quoi les arabes c'est des sales merdes, nous on reprend le pays en main, vous avez aucun argument pour défendre les nègres et les shitskins",bully_support,OAG,victim,DNG,ATK,DFN,NEG,scenario_ethnicity_fatima_third,ethnicity
157,Anton65,15:50:36,et ct mieux,bully_support,OAG,victim,DNG,ATK,NULL,NEG,scenario_ethnicity_fatima_third,ethnicity
158,Julie45,15:50:37,n'ayez pas le seum,victim_support,CAG,bully,OTH,DFN,ATK,NEU,scenario_ethnicity_fatima_third,ethnicity
159,Pauline,15:50:39,Julie elle m’hracele défendez moi,bully,OAG,victim_support,OTH,ATK,DFN,NEG,scenario_ethnicity_fatima_third,ethnicity
160,alice58,15:50:57,deja tg,victim_support,OAG,bully,OTH,DFN,ATK,NEG,scenario_ethnicity_fatima_third,ethnicity
161,Theo55,15:50:57,tout ca parce que vous n'aurez jamais un aussi beau teint,conciliator,OAG,bully,OTH,DFN,ATK,NEG,scenario_ethnicity_fatima_third,ethnicity
162,teresa,15:51:05,mais cnest toi qui l’harcèle,victim_support,NAG,NULL,NULL,CNS,ATK,NEU,scenario_ethnicity_fatima_third,ethnicity
163,alice58,15:51:08,tu ds de la d depuis tt a l'huere,victim_support,OAG,bully,OTH,DFN,ATK,NEG,scenario_ethnicity_fatima_third,ethnicity
164,Pierre69,15:51:09,Le nôtre reste supérieur,bully_support,OAG,victim,DNG,ATK,DFN,NEG,scenario_ethnicity_fatima_third,ethnicity
165,Sarah,15:51:12,tu parles mal de sa couleur de peau et reclames son maillot de bain ? mets la en valeur et deviens copine avec si tu es tant obsede par elle  au lieu de la detruire pauline,conciliator,NAG,NULL,NULL,CNS,ATK,NEU,scenario_ethnicity_fatima_third,ethnicity
166,Fatima,15:51:13,Non mais Stop ! Personne veut harceler personne à la base ! En plus c'est moi qui ai tout pris pour commencer,victim,NAG,NULL,NULL,OTH,NULL,NEG,scenario_ethnicity_fatima_third,ethnicity
167,teresa,15:51:19,Fait pas la victime Pauline,victim_support,NAG,NULL,NULL,DFN,ATK,NEG,scenario_ethnicity_fatima_third,ethnicity
168,Pauline,15:51:26,…,bully,NAG,NULL,NULL,OTH,NULL,NEU,scenario_ethnicity_fatima_third,ethnicity
169,Fatima,15:51:27,moi je veux juste qu'on s'explique pour savoir ce que j'ai fait MOI de mal,victim,NAG,NULL,NULL,OTH,NULL,NEU,scenario_ethnicity_fatima_third,ethnicity
170,Pauline,15:51:31,j’avoue,bully,NAG,NULL,NULL,OTH,NULL,NEU,scenario_ethnicity_fatima_third,ethnicity
171,Anton65,15:51:34,nn c juste que j'aime pas ca peau elle est moche elle vole la fr,bully_support,OAG,victim,DNG,ATK,OTH,NEG,scenario_ethnicity_fatima_third,ethnicity
172,Pauline,15:51:36,Je suis jalouse,bully,NAG,NULL,NULL,OTH,DFN,NEG,scenario_ethnicity_fatima_third,ethnicity
173,Sarah,15:51:37,rien du tout fatima,conciliator,NAG,NULL,NULL,EMP,OTH,NEU,scenario_ethnicity_fatima_third,ethnicity
174,teresa,15:51:41,t’a rien fais cnest l’autre là,victim_support,NAG,NULL,NULL,EMP,OTH,NEU,scenario_ethnicity_fatima_third,ethnicity
175,Pierre69,15:51:52,Bien sûr qu’elle est en tords,bully_support,OAG,victim,OTH,ATK,EMP,NEG,scenario_ethnicity_fatima_third,ethnicity
176,Sarah,15:51:53,anton arrete d'en rajouter !,conciliator,NAG,NULL,NULL,DFN,ATK,NEU,scenario_ethnicity_fatima_third,ethnicity
177,alice58,15:51:53,fatima t'as r fait c juste eux qui disent de la d,victim_support,OAG,bully/bully_support,OTH,EMP,OTH,NEG,scenario_ethnicity_fatima_third,ethnicity
178,Pauline,15:51:55,prcs Fatima elle est trop belle lv jveux être comme elle,bully,NAG,NULL,NULL,OTH,NULL,NEU,scenario_ethnicity_fatima_third,ethnicity
179,Theo55,15:51:56,anton t'es jaloux le s,conciliator,NAG,NULL,NULL,DFN,ATK,NEU,scenario_ethnicity_fatima_third,ethnicity
180,Anton65,15:51:56,nn pauline une soldat tombe ds la bataille chui ps jaloux,bully_support,NAG,NULL,NULL,OTH,NULL,NEU,scenario_ethnicity_fatima_third,ethnicity
181,Pauline,15:52:15,😞,bully,NAG,NULL,NULL,OTH,NULL,NEU,scenario_ethnicity_fatima_third,ethnicity
182,Sarah,15:52:17,on trouve un terrain d'entente ?,conciliator,NAG,NULL,NULL,CR,NULL,NEU,scenario_ethnicity_fatima_third,ethnicity
183,Anton65,15:52:21,chui juste pour le z,bully_support,NAG,NULL,NULL,OTH,NULL,NEU,scenario_ethnicity_fatima_third,ethnicity
184,teresa,15:52:21,Enfin elle assume,victim_support,NAG,NULL,NULL,OTH,OTH,NEU,scenario_ethnicity_fatima_third,ethnicity
185,alice58,15:52:26,anton65 toi t juste con,victim_support,OAG,bully_support,NCG,DFN,ATK,NEG,scenario_ethnicity_fatima_third,ethnicity
186,Julie45,15:52:29,d'accord avec Sarah,victim_support,NAG,NULL,NULL,OTH,DFN,NEU,scenario_ethnicity_fatima_third,ethnicity
187,Pauline,15:52:30,C’est grâce à Sarah et theo que je m’en rends compte,bully,NAG,NULL,NULL,OTH,NULL,POS,scenario_ethnicity_fatima_third,ethnicity
188,Nicolas69,15:52:34,J'avoue je t'aime bien en fait Fatima mais je déteste toujours les arabes et les noirs,bully_support,NAG,NULL,NULL,OTH,CR,NEG,scenario_ethnicity_fatima_third,ethnicity
189,Sarah,15:52:37,tu dois des excuses pauline,conciliator,NAG,NULL,NULL,CR,OTH,NEU,scenario_ethnicity_fatima_third,ethnicity
190,Pauline,15:52:41,….,bully,NAG,NULL,NULL,OTH,NULL,NEU,scenario_ethnicity_fatima_third,ethnicity
191,Pierre69,15:52:46,Aucun terrain d’entente possible quand certains sont inférieurs,bully_support,OAG,victim,DNG,ATK,CR,NEG,scenario_ethnicity_fatima_third,ethnicity
192,Pauline,15:52:47,excuse moi Fatima,bully,NAG,NULL,NULL,OTH,NULL,NEU,scenario_ethnicity_fatima_third,ethnicity
193,Julie45,15:52:48,faites l'amour pas la guerre mes vies <3,victim_support,NAG,NULL,NULL,CR,NULL,POS,scenario_ethnicity_fatima_third,ethnicity
194,Theo55,15:52:52,arretez tout ca faites vous la paix et on fais comme si il ne s'etais rien passer,conciliator,NAG,NULL,NULL,CR,NULL,NEU,scenario_ethnicity_fatima_third,ethnicity
195,Anton65,15:52:59,bien dis pierre,bully_support,NAG,NULL,NULL,AIN,ATK,NEG,scenario_ethnicity_fatima_third,ethnicity
196,Fatima,15:53:01,Franchement si c'est juste ça c'est cool .Mais me fait plus jamais ça stp ^^,victim,NAG,NULL,NULL,OTH,OTH,NEU,scenario_ethnicity_fatima_third,ethnicity
197,Pauline,15:53:09,oui… <3,bully,NAG,NULL,NULL,OTH,OTH,NEU,scenario_ethnicity_fatima_third,ethnicity
198,teresa,15:53:14,Elle va recommencer,victim_support,NAG,NULL,NULL,OTH,AIN,NEU,scenario_ethnicity_fatima_third,ethnicity
199,Pierre69,15:53:16,Pauline tu déçois,bully_support,NAG,NULL,NULL,AIN,OTH,NEG,scenario_ethnicity_fatima_third,ethnicity
200,Sarah,15:53:24,retires tu la photo de fatima poste a son insu pauline ?,conciliator,NAG,NULL,NULL,OTH,OTH,NEU,scenario_ethnicity_fatima_third,ethnicity
201,Pauline,15:53:26,teresa tu dis quoi la,bully,NAG,NULL,NULL,OTH,NULL,NEU,scenario_ethnicity_fatima_third,ethnicity
202,Anton65,15:53:26,la paix elle existera quand aura plus les arabes,bully_support,OAG,victim,DNG,ATK,CR,NEG,scenario_ethnicity_fatima_third,ethnicity
203,Julie45,15:53:32,tkt fatima,victim_support,NAG,NULL,NULL,EMP,OTH,NEU,scenario_ethnicity_fatima_third,ethnicity
204,Nicolas69,15:53:39,Bien dit Anton,bully_support,NAG,NULL,NULL,AIN,ATK,NEG,scenario_ethnicity_fatima_third,ethnicity
205,alice58,15:53:40,pierre vrmnt tg quoi,victim_support,OAG,bully_support,OTH,DFN,AIN,NEG,scenario_ethnicity_fatima_third,ethnicity
206,Pauline,15:53:42,oui je vais enlever la photo excusez moi,bully,NAG,NULL,NULL,OTH,OTH,NEU,scenario_ethnicity_fatima_third,ethnicity
207,Theo55,15:53:48,pierre ferme ta bouche tu vois pas que tu le monde a arreter t'es le seul a continuer,conciliator,OAG,bully_support,OTH,DFN,AIN,NEG,scenario_ethnicity_fatima_third,ethnicity
208,Fatima,15:53:52,Cimer <3,victim,NAG,NULL,NULL,OTH,OTH,POS,scenario_ethnicity_fatima_third,ethnicity
209,teresa,15:53:53,Y’aura tjrs de arabe et ça va rester comme ça,victim_support,NAG,NULL,NULL,CNS,ATK,NEU,scenario_ethnicity_fatima_third,ethnicity
210,Julie45,15:53:56,ptdrrr anton tg,victim_support,OAG,bully_support,OTH,DFN,ATK,NEG,scenario_ethnicity_fatima_third,ethnicity
211,Sarah,15:53:58,merci pauline,conciliator,NAG,NULL,NULL,OTH,OTH,POS,scenario_ethnicity_fatima_third,ethnicity
212,teresa,15:54:01,Sans en on est rien,victim_support,NAG,NULL,NULL,CNS,ATK,NEU,scenario_ethnicity_fatima_third,ethnicity
213,Julie45,15:54:01,t'es cringe,victim_support,OAG,bully_support,OTH,DFN,ATK,NEG,scenario_ethnicity_fatima_third,ethnicity
214,Pauline,15:54:11,c’est bon Pierre Nicolas et Anton arrêtez,bully,NAG,NULL,NULL,CR,NULL,NEU,scenario_ethnicity_fatima_third,ethnicity
215,Pierre69,15:54:17,Sans on est meilleur,bully_support,OAG,victim,OTH,ATK,CNS,NEG,scenario_ethnicity_fatima_third,ethnicity
216,Anton65,15:54:31,moi par contre je l'aime tjrs pas elle est arabes elle va ns voler,bully_support,OAG,victim,DNG,ATK,DFN,NEG,scenario_ethnicity_fatima_third,ethnicity
217,Sarah,15:54:32,tout est parti trop loin,conciliator,NAG,NULL,NULL,OTH,NULL,NEU,scenario_ethnicity_fatima_third,ethnicity
218,Pauline,15:54:44,Ouii… excusez moi,bully,NAG,NULL,NULL,OTH,OTH,NEU,scenario_ethnicity_fatima_third,ethnicity
219,Nicolas69,15:54:47,Tg tu t'es allié aux ennemis pauline toi tu partira dans le même bateau pneumatique,bully_support,OAG,bully,OTH,AIN,OTH,NEG,scenario_ethnicity_fatima_third,ethnicity
220,Sarah,15:54:48,cers propos sont desolants,conciliator,NAG,NULL,NULL,CNS,ATK,NEG,scenario_ethnicity_fatima_third,ethnicity
221,Julie45,15:54:49," Meme paulie vous dis d'arretez , vous forcez et en plus vous etes genant",victim_support,OAG,bully_support,OTH,DFN,ATK,NEG,scenario_ethnicity_fatima_third,ethnicity
222,Theo55,15:54:53,pierre c'est quoi le bordel ta darronne elle s'est fait violer par un arabes ou quoi,conciliator,OAG,bully_support,OTH,DFN,ATK,NEG,scenario_ethnicity_fatima_third,ethnicity
223,Pauline,15:54:55,Au revoir mvs vous êtes drôles,bully,NAG,NULL,NULL,OTH,NULL,NEU,scenario_ethnicity_fatima_third,ethnicity
224,Anton65,15:54:57,aller bonne journees et vivie le z,bully_support,NAG,NULL,NULL,OTH,NULL,NEU,scenario_ethnicity_fatima_third,ethnicity
15:35:30,09:27:42,Silvia-victime,c'et ce que disent toutes les jalouses,victim,OAG,NULL,OTH,DFN,NULL,NEG,scenario_ethnicity_sylvia_bis,ethnicity
15:35:56,09:27:48,Lucie,il est tarpin pas beau en plus,victim_support,OAG,NULL,DNG,DFN,NULL,NEG,scenario_ethnicity_sylvia_bis,ethnicity
15:36:17,09:27:59,Soan,Camille il te faut un cerveau on parle de trahison pas de beauté,victim_support,CAG,bully_support,DNG,DFN,NULL,NEG,scenario_ethnicity_sylvia_bis,ethnicity
15:36:22,09:28:28,Theo66,vous avez un point commun,bully_support,NAG,NULL,NULL,OTH,NULL,NEU,scenario_ethnicity_sylvia_bis,ethnicity
15:36:31,09:28:47,Soan,En plus Adrien t'est un gros raciste t'as pas honte,victim_support,OAG,bully,NCG,DFN,NULL,NEG,scenario_ethnicity_sylvia_bis,ethnicity
15:36:41,09:28:51,Lucie,lucas il f trop le mec a pas ouvrir sa bouche,victim_support,NAG,NULL,NULL,OTH,NULL,NEU,scenario_ethnicity_sylvia_bis,ethnicity
15:37:05,09:28:58,Soan,pourquoi t'assume pas,victim_support,OAG,bully,NCG,DFN,NULL,NEU,scenario_ethnicity_sylvia_bis,ethnicity
15:37:16,09:28:59,Lucie,affronte tes soucis mon pote,victim_support,NAG,NULL,NULL,OTH,NULL,NEU,scenario_ethnicity_sylvia_bis,ethnicity
15:37:35,09:29:02,Camille,#Lucastufuit,bully_support,NAG,NULL,NULL,OTH,NULL,NEU,scenario_ethnicity_sylvia_bis,ethnicity
15:37:48,09:29:07,Vanessa,déjà arrêté d'insulté car vous faite de la merde et laissé les tranquille vous êtes des grands merde bande de gamins sans cerveau,conciliator,OAG,NULL,OTH,OTH,NULL,NEG,scenario_ethnicity_sylvia_bis,ethnicity
15:38:00,09:29:22,Adrien-Harceleur,Soan commence pas a parler de raciste,bully,NAG,NULL,NULL,OTH,DFN,NEU,scenario_ethnicity_sylvia_bis,ethnicity
15:38:04,09:29:35,Lucie,tg c'est lucas qui fou la merde,victim_support,OAG,conciliator,OTH,OTH,OTH,NEG,scenario_ethnicity_sylvia_bis,ethnicity
15:38:19,09:29:46,Camille,olala vanessa commence pas a parler de cerveaux avec nous,bully_support,CAG,conciliator,DNG,ATK,OTH,NEG,scenario_ethnicity_sylvia_bis,ethnicity
15:38:20,09:29:46,Soan,Vanessa tu dit ça alors que tu fait pareille elle est où la logique,victim_support,NAG,NULL,NULL,OTH,OTH,NEU,scenario_ethnicity_sylvia_bis,ethnicity
15:38:28,09:29:54,Adrien-Harceleur,mdr lucas il a rien fait,bully,CAG,victim,DNG,ATK,OTH,NEU,scenario_ethnicity_sylvia_bis,ethnicity
15:38:35,09:30:08,Soan,le raciste est de retour,victim_support,OAG,bully,NCG,DFN,OTH,NEG,scenario_ethnicity_sylvia_bis,ethnicity
15:38:42,09:30:11,Adrien-Harceleur,c'est Silvia qui va de partout,bully,CAG,victim,DNG,ATK,OTH,NEG,scenario_ethnicity_sylvia_bis,ethnicity
15:38:42,09:30:23,Soan,et toi tu iras en prison,victim_support,NAG,NULL,NULL,CNS,ATK,NEG,scenario_ethnicity_sylvia_bis,ethnicity
15:38:50,09:30:28,Silvia-victime,partout où,victim,NAG,NULL,NULL,DFN,ATK,NEU,scenario_ethnicity_sylvia_bis,ethnicity
15:38:50,09:30:44,Diana,mais c'est la faute a silvia assumer un peu,bully_support,OAG,victim,OTH,ATK,DFN,NEG,scenario_ethnicity_sylvia_bis,ethnicity
15:38:55,09:30:48,Soan,exactement c'est lucas qui l'as galoche,victim_support,OAG,NULL,OTH,DFN,ATK,NEG,scenario_ethnicity_sylvia_bis,ethnicity
15:39:03,09:31:03,Camille,ca a galoche fort ou pas,bully_support,CAG,victim,DNG,ATK,DFN,NEG,scenario_ethnicity_sylvia_bis,ethnicity
15:39:05,09:31:04,Lucie,oe bien dit,victim_support,NAG,NULL,NULL,EMP,DFN,NEG,scenario_ethnicity_sylvia_bis,ethnicity
15:39:07,09:31:05,Theo66,Arrette de parler pour dire de la merde,bully_support,OAG,victim_support,OTH,ATK,DFN,NEG,scenario_ethnicity_sylvia_bis,ethnicity
15:39:14,09:31:06,Silvia-victime,diana tu étais là pour dire un truc,victim,CAG,bully_support,OTH,DFN,ATK,NEG,scenario_ethnicity_sylvia_bis,ethnicity
15:39:16,09:31:13,Theo66,LUcas il a rien fait,bully_support,CAG,victim,DNG,ATK,DFN,NEU,scenario_ethnicity_sylvia_bis,ethnicity
15:39:20,09:31:16,Soan,Non diana si c'était toi t'aurais pas dit pareille,victim_support,NAG,NULL,NULL,CNS,ATK,NEU,scenario_ethnicity_sylvia_bis,ethnicity
15:39:21,09:31:29,Diana," assume et rentre chez toi Silvia , t'es pas la bien veenu ici",bully_support,OAG,victim,OTH,ATK,DFN,NEG,scenario_ethnicity_sylvia_bis,ethnicity
15:39:25,09:31:36,Theo66,C silvia qui chope tout se qui bouge,bully_support,CAG,victim,DNG,ATK,DFN,NEG,scenario_ethnicity_sylvia_bis,ethnicity
15:39:28,09:31:38,Soan,Theo toi t'est une grosse allumette,victim_support,CAG,bully_support,DNG,DFN,ATK,NEG,scenario_ethnicity_sylvia_bis,ethnicity
15:39:30,09:31:54,Camille,aya silvia l'allumeuse,bully_support,CAG,victim,DNG,ATK,DFN,NEG,scenario_ethnicity_sylvia_bis,ethnicity
15:39:41,09:31:59,Adrien-Harceleur,Vous faites chauffer c'est Silvia qui est en tord,bully,OAG,victim,OTH,ATK,DFN,NEG,scenario_ethnicity_sylvia_bis,ethnicity
15:39:43,09:31:59,Silvia-victime,j'assume et je reste là tu veux que je parte où,victim,NAG,NULL,NULL,CNS,ATK,NEU,scenario_ethnicity_sylvia_bis,ethnicity
15:39:49,09:32:13,Soan,Theo toi tu vas te chopper quand un peu d'éducation ????????,victim_support,CAG,bully_support,DNG,DFN,ATK,NEG,scenario_ethnicity_sylvia_bis,ethnicity
15:39:52,09:32:13,Lucie,reste ls affronte jsuis avec toi,victim_support,NAG,NULL,NULL,EMP,CNS,POS,scenario_ethnicity_sylvia_bis,ethnicity
15:39:54,09:32:21,Vanessa,ouais peut être que je suis en mauvaise position mais moi au j'essaye  darengé les choses,conciliator,NAG,NULL,NULL,CR,OTH,NEU,scenario_ethnicity_sylvia_bis,ethnicity
15:40:00,09:32:27,Diana,voila au moins t'assume espece de chaudasse,bully_support,OAG,victim,NCG,ATK,CNS,NEG,scenario_ethnicity_sylvia_bis,ethnicity
15:40:05,09:32:36,Lucie,tg la pick me,victim_support,OAG,bully_support,OTH,DFN,ATK,NEG,scenario_ethnicity_sylvia_bis,ethnicity
15:40:10,09:32:48,Silvia-victime,c'est Lucas le chaud il vient il m'embrasse,victim,OAG,NULL,OTH,DFN,ATK,NEG,scenario_ethnicity_sylvia_bis,ethnicity
15:40:20,09:32:57,Soan,Adrien et sa bande de racistes FERMEZ VOS GUEULES,victim_support,OAG,bully/bully_support,OTH,DFN,NULL,NEG,scenario_ethnicity_sylvia_bis,ethnicity
15:40:23,09:33:04,Lucie,oe ce gros fou,victim_support,OAG,bully_support,OTH,DFN,ATK,NEG,scenario_ethnicity_sylvia_bis,ethnicity
15:40:32,09:33:08,Camille,ta mis les dents silvia ?,bully_support,CAG,victim,OTH,ATK,DFN,NEG,scenario_ethnicity_sylvia_bis,ethnicity
15:40:50,09:33:15,Lucie,charo de rien du tt,victim_support,OAG,bully_support,NCG,DFN,ATK,NEG,scenario_ethnicity_sylvia_bis,ethnicity
15:40:52,09:33:15,Adrien-Harceleur,Silvia c'est une salope,bully,OAG,victim,NCG,ATK,NULL,NEG,scenario_ethnicity_sylvia_bis,ethnicity
15:40:52,09:33:22,Diana,lucie au début tu connaissait meme pas l'histoires donc ferme bien ta geule,bully_support,OAG,victim_support,OTH,ATK,DFN,NEG,scenario_ethnicity_sylvia_bis,ethnicity
15:40:55,09:33:24,Lucie,il a pas dignité ftg toi,victim_support,OAG,bully,OTH,DFN,ATK,NEG,scenario_ethnicity_sylvia_bis,ethnicity
15:40:59,09:33:32,Theo66,Soan va en cours,bully_support,OAG,victim_support,OTH,ATK,DFN,NEG,scenario_ethnicity_sylvia_bis,ethnicity
15:41:00,09:33:32,Soan,Adrien t'est un raciste,victim_support,OAG,bully,NCG,DFN,ATK,NEG,scenario_ethnicity_sylvia_bis,ethnicity
15:41:05,09:33:36,Silvia-victime,et toi le cul?,victim,OAG,bully,OTH,DFN,ATK,NEG,scenario_ethnicity_sylvia_bis,ethnicity
15:41:09,09:33:37,Lucie,jte monte en l'air,victim_support,OAG,bully,OTH,DFN,ATK,NEG,scenario_ethnicity_sylvia_bis,ethnicity
15:41:15,09:33:38,Theo66,tu comprend r,bully_support,OAG,victim_support,OTH,ATK,DFN,NEG,scenario_ethnicity_sylvia_bis,ethnicity
15:41:40,09:33:41,Camille,je suis d'accord avec adrien,bully_support,NAG,NULL,NULL,AIN,ATK,NEG,scenario_ethnicity_sylvia_bis,ethnicity
15:41:46,09:33:51,hebert,les gars vous etes hors sujet on est la pour stoper la haine contre silvia pas savoir qui a fait quoi,conciliator,NAG,NULL,NULL,CR,NULL,NEU,scenario_ethnicity_sylvia_bis,ethnicity
15:41:55,09:33:57,Diana,bah viens lucie je te baise toi et ta pote la salope,bully_support,OAG,victim/victim_support,OTH,ATK,DFN,NEG,scenario_ethnicity_sylvia_bis,ethnicity
15:41:56,09:34:03,Soan,Theo c'est toi qui as besoins des cours gros raciste vas,victim_support,OAG,bully_support,OTH,DFN,ATK,NEG,scenario_ethnicity_sylvia_bis,ethnicity
15:41:57,09:34:11,Adrien-Harceleur,Soan t'a r compris a l'histoire,bully,NAG,NULL,NULL,OTH,DFN,NEU,scenario_ethnicity_sylvia_bis,ethnicity
15:41:58,09:34:24,Lucie,toi que je te trouve pas dans la vrais vie,victim_support,OAG,bully_support,OTH,DFN,ATK,NEG,scenario_ethnicity_sylvia_bis,ethnicity
15:42:00,09:34:29,Theo66,Va dormir soan,bully_support,CAG,victim_support,OTH,ATK,DFN,NEG,scenario_ethnicity_sylvia_bis,ethnicity
15:42:07,09:34:30,Lucie,laisse ma pote trkl elle a rien fait,victim_support,NAG,NULL,NULL,CNS,ATK,NEU,scenario_ethnicity_sylvia_bis,ethnicity
15:42:19,09:34:40,Vanessa,et adrien pourquoi c silvia la coupable alors c quand même lucas qui est en couple et qu ila embrassé connard,conciliator,OAG,bully,NCG,DFN,ATK,NEG,scenario_ethnicity_sylvia_bis,ethnicity
15:42:24,09:34:42,Diana,tu vas rien faire donc redescend,bully_support,OAG,victim_support,OTH,ATK,DFN,NEG,scenario_ethnicity_sylvia_bis,ethnicity
15:42:28,09:34:54,Lucie,vanessa jtm,victim_support,NAG,NULL,NULL,EMP,DFN,NEG,scenario_ethnicity_sylvia_bis,ethnicity
15:42:30,09:35:00,Theo66,Elle veut quoi vanessa paradis,bully_support,CAG,conciliator,OTH,ATK,DFN,NEG,scenario_ethnicity_sylvia_bis,ethnicity
15:42:41,09:35:00,Soan,Theo tg,victim_support,OAG,bully_support,OTH,DFN,ATK,NEG,scenario_ethnicity_sylvia_bis,ethnicity
15:42:42,09:35:18,Camille,non mais j'avous lucas dans l'histoire,bully_support,NAG,NULL,NULL,OTH,NULL,NEU,scenario_ethnicity_sylvia_bis,ethnicity
15:42:48,09:35:23,Lucie,diana tg ton collegue en faute qui assume pas,victim_support,OAG,bully_support,OTH,DFN,ATK,NEG,scenario_ethnicity_sylvia_bis,ethnicity
15:42:55,09:35:25,Adrien-Harceleur,Vanessa la grosse folle commence pas a me parler comme sa,bully,OAG,conciliator,NCG,ATK,DFN,NEG,scenario_ethnicity_sylvia_bis,ethnicity
15:43:00,09:35:42,Lucie,tg elle a raison,victim_support,OAG,bully,OTH,DFN,ATK,NEG,scenario_ethnicity_sylvia_bis,ethnicity
15:43:05,09:35:43,Diana,mais lucas il a rien fait c'est elle qui l'a violké,bully_support,OAG,victim,DNG,ATK,DFN,NEG,scenario_ethnicity_sylvia_bis,ethnicity
15:43:07,09:35:46,Soan,Adrien tu te prend pour qui enft,victim_support,NAG,NULL,NULL,DFN,ATK,NEG,scenario_ethnicity_sylvia_bis,ethnicity
15:43:14,09:35:50,Diana,violeuse va,bully_support,OAG,victim,DNG,ATK,DFN,NEG,scenario_ethnicity_sylvia_bis,ethnicity
15:43:19,09:35:53,Lucie,diana grosse folle je vas te tuer frr tu comprend rien,victim_support,OAG,bully_support,OTH,DFN,ATK,NEG,scenario_ethnicity_sylvia_bis,ethnicity
15:43:43,09:36:15,Lucie,tu vois pas que c'est lu qui est en faute,victim_support,OAG,bully_support,OTH,DFN,ATK,NEG,scenario_ethnicity_sylvia_bis,ethnicity
15:43:47,09:36:16,Diana,lucie suce,bully_support,OAG,victim_support,DNG,ATK,DFN,NEG,scenario_ethnicity_sylvia_bis,ethnicity
15:43:53,09:36:18,Soan,Diana aka la pick me sans cerveau,victim_support,OAG,bully_support,NCG,DFN,ATK,NEG,scenario_ethnicity_sylvia_bis,ethnicity
15:43:56,09:36:30,Theo66,hebert tu comprend r,bully_support,NAG,NULL,NULL,OTH,CR,NEG,scenario_ethnicity_sylvia_bis,ethnicity
15:44:00,09:36:31,Lucie,meme si ca aurait etait silvia qui l'a embrassé,victim_support,OAG,bully_support,OTH,DFN,ATK,NEG,scenario_ethnicity_sylvia_bis,ethnicity
15:44:08,09:36:32,Vanessa,camillle théo et dianna  vous servez a quoi dans l'histoire a part donner raison a adrien bande de gamins en chaleur,conciliator,OAG,bully_support,NCG,DFN,NULL,NEG,scenario_ethnicity_sylvia_bis,ethnicity
15:44:17,09:36:35,Soan,Lucas est en faute,victim_support,NAG,NULL,NULL,CNS,ATK,NEU,scenario_ethnicity_sylvia_bis,ethnicity
15:44:17,09:36:40,Diana,mais c'est lu ne voulais pas l'embrasser,bully_support,NAG,NULL,NULL,OTH,DFN,NEU,scenario_ethnicity_sylvia_bis,ethnicity
15:44:24,09:36:46,Lucie,elle lui doit rien a sophie,victim_support,NAG,NULL,NULL,OTH,OTH,NEU,scenario_ethnicity_sylvia_bis,ethnicity
15:44:33,09:36:58,Soan,Vanessa as raison vous le suivez comme des chiens,victim_support,OAG,bully_support,DNG,EMP,DFN,NEG,scenario_ethnicity_sylvia_bis,ethnicity
15:44:38,09:37:04,Theo66,dit il,bully_support,NAG,NULL,NULL,OTH,NULL,NEU,scenario_ethnicity_sylvia_bis,ethnicity
15:44:40,09:37:04,Camille,moi je dit lucas c un chien et silvia une chienne donc trkl ca va bien ensemble,bully_support,OAG,victim,DNG,ATK,NULL,NEG,scenario_ethnicity_sylvia_bis,ethnicity
15:44:41,09:37:17,Lucie,Vanessa presidente,victim_support,NAG,NULL,NULL,EMP,DFN,POS,scenario_ethnicity_sylvia_bis,ethnicity
15:44:43,09:37:22,Soan,Camille tu sert à rien,victim_support,OAG,bully_support,DNG,DFN,ATK,NEG,scenario_ethnicity_sylvia_bis,ethnicity
15:44:51,09:37:28,Adrien-Harceleur,lucas c'est fait attaché par l'autre grosse folle,bully,CAG,victim,DNG,AIN,ATK,NEG,scenario_ethnicity_sylvia_bis,ethnicity
15:45:01,09:37:31,Lucie,parle mieux de ma pote,victim_support,NAG,NULL,NULL,DFN,ATK,NEU,scenario_ethnicity_sylvia_bis,ethnicity
15:45:01,09:37:38,Theo66,Soan le bouche trou,bully_support,OAG,victim_support,NCG,ATK,DFN,NEG,scenario_ethnicity_sylvia_bis,ethnicity
15:45:02,09:37:38,Diana,c'est de la faute de Silvia doc qu'elle aille se faire enculer ailleurs,bully_support,OAG,victim,DNG,ATK,DFN,NEG,scenario_ethnicity_sylvia_bis,ethnicity
15:45:18,09:37:43,Vanessa,lucas est en faute et c a lui de régler ca,conciliator,NAG,NULL,NULL,CNS,ATK,NEU,scenario_ethnicity_sylvia_bis,ethnicity
15:45:24,09:37:45,hebert,sylvia elle a r  fait c est lucas qui est en couple qui est alle l embrassé,conciliator,NAG,NULL,NULL,CNS,ATK,NEU,scenario_ethnicity_sylvia_bis,ethnicity
15:45:32,09:37:51,Lucie,oui,victim_support,NAG,NULL,NULL,EMP,CNS,NEU,scenario_ethnicity_sylvia_bis,ethnicity
15:45:35,09:38:00,Silvia-victime,tout ca alors que c'est lucas qui m'a embrassé,victim,OAG,bully_support,NCG,DFN,ATK,NEU,scenario_ethnicity_sylvia_bis,ethnicity
15:45:38,09:38:04,Lucie,totalement,victim_support,NAG,NULL,NULL,EMP,CNS,NEU,scenario_ethnicity_sylvia_bis,ethnicity
15:45:43,09:38:14,Adrien-Harceleur,Lucas a rien fait c'est Silvia cette chaudasse,bully,OAG,victim,NCG,ATK,CNS,NEG,scenario_ethnicity_sylvia_bis,ethnicity
15:45:46,09:38:17,Silvia-victime,vous etes de ouf,victim,OAG,bully_support,NCG,DFN,ATK,NEG,scenario_ethnicity_sylvia_bis,ethnicity
15:45:56,09:38:18,Soan," Adrien t'est jaloux c'est ça, t'aimerais bien galoche Silvia c'est pour ça que tu l'harcelle",victim_support,NAG,NULL,NULL,DFN,ATK,NEG,scenario_ethnicity_sylvia_bis,ethnicity
15:45:56,09:38:18,Diana,denonce Silvia #violeuse,bully_support,OAG,victim,NCG,ATK,DFN,NEG,scenario_ethnicity_sylvia_bis,ethnicity
15:45:57,09:38:20,Vanessa,et les chiens en chaleurs ils se calme de je vais vous descendre,conciliator,OAG,bully/bully_support,OTH,DFN,NULL,NEG,scenario_ethnicity_sylvia_bis,ethnicity
15:46:03,09:38:34,Camille,silvia tu veuc pas assumer un peu,bully_support,OAG,victim,OTH,ATK,DFN,NEG,scenario_ethnicity_sylvia_bis,ethnicity
15:46:10,09:38:35,Lucie,il avait juste pas les couilles de quitter sa meuf donc il l'a tromper,victim_support,OAG,NULL,DNG,DFN,ATK,NEG,scenario_ethnicity_sylvia_bis,ethnicity
15:46:12,09:38:53,Vanessa,calme toi silvia,conciliator,NAG,NULL,NULL,CR,DFN,NEU,scenario_ethnicity_sylvia_bis,ethnicity
15:46:22,09:38:57,Silvia-victime,j'aassume qu'il est venu m'embrasser,victim,NAG,NULL,NULL,CNS,ATK,NEU,scenario_ethnicity_sylvia_bis,ethnicity
15:46:29,09:39:00,Adrien-Harceleur,c'est un homme un vrai,bully,NAG,NULL,NULL,OTH,DFN,POS,scenario_ethnicity_sylvia_bis,ethnicity
15:46:32,09:39:04,Soan,Diana #pick me,victim_support,OAG,bully_support,NCG,DFN,ATK,NEG,scenario_ethnicity_sylvia_bis,ethnicity
15:46:35,09:39:08,Lucie,oui,victim_support,NAG,NULL,NULL,EMP,DFN,NEG,scenario_ethnicity_sylvia_bis,ethnicity
15:46:38,09:39:13,hebert,tg soan tg lucie,conciliator,OAG,victim_support,OTH,OTH,NULL,NEG,scenario_ethnicity_sylvia_bis,ethnicity
15:46:39,09:39:22,Lucie,diana tu veux te taper adrien sale chienne en chaleur,victim_support,OAG,bully_support,NCG,DFN,ATK,NEG,scenario_ethnicity_sylvia_bis,ethnicity
15:46:54,09:39:24,Diana,c'est ta mere la pick me,bully_support,OAG,victim_support,OTH,ATK,DFN,NEG,scenario_ethnicity_sylvia_bis,ethnicity
15:47:01,09:39:30,hebert,oe,conciliator,NAG,NULL,NULL,OTH,NULL,NEU,scenario_ethnicity_sylvia_bis,ethnicity
15:47:02,09:39:32,Adrien-Harceleur,ntm Silvia arrête de rejeter la faute sur Lucas,bully,OAG,victim,OTH,ATK,CNS,NEG,scenario_ethnicity_sylvia_bis,ethnicity
15:47:18,09:39:40,Soan,Adrien est amoureux de Silvia,victim_support,CAG,bully,OTH,DFN,ATK,NEG,scenario_ethnicity_sylvia_bis,ethnicity
15:47:25,09:39:40,Lucie,elle a raison,victim_support,NAG,NULL,NULL,OTH,NULL,NEU,scenario_ethnicity_sylvia_bis,ethnicity
15:47:29,09:39:44,Camille,on a dit on parle pas des daroones,bully_support,NAG,NULL,NULL,OTH,ATK,NEU,scenario_ethnicity_sylvia_bis,ethnicity
15:47:30,09:39:58,Adrien-Harceleur,mdr elle est claqué au sol Silvia,bully,OAG,victim,DNG,ATK,DFN,NEG,scenario_ethnicity_sylvia_bis,ethnicity
15:47:53,09:39:58,Diana,je veux te taper toi lucie espece de grosses salope en sueur,bully_support,OAG,victim_support,OTH,ATK,DFN,NEG,scenario_ethnicity_sylvia_bis,ethnicity
15:47:57,09:40:01,Vanessa," c clair lucas na pas de couille et du coup il demande de l'aide sale chiens et connard il sert a rie,n",conciliator,OAG,NULL,OTH,OTH,NULL,NEG,scenario_ethnicity_sylvia_bis,ethnicity
15:48:00,09:40:32,Theo66,tg soan,bully_support,OAG,victim_support,OTH,ATK,DFN,NEG,scenario_ethnicity_sylvia_bis,ethnicity
15:48:09,09:40:45,Lucie,lucas a meme pas les couille de regler ses probleme tt seul,victim_support,OAG,NULL,OTH,EMP,OTH,NEG,scenario_ethnicity_sylvia_bis,ethnicity
15:48:21,09:40:46,Theo66,neo et soan,bully_support,OAG,victim_support,OTH,ATK,DFN,NEG,scenario_ethnicity_sylvia_bis,ethnicity
15:48:22,09:40:48,hebert,nan sah to sah adrien arrete c est la faute de luca,conciliator,NAG,NULL,NULL,CNS,ATK,NEU,scenario_ethnicity_sylvia_bis,ethnicity
15:48:33,09:40:52,Vanessa,diana  tu va faire quoi et tu sert quo ia part insulter,conciliator,CAG,bully_support,OTH,DFN,ATK,NEG,scenario_ethnicity_sylvia_bis,ethnicity
15:48:34,09:40:56,Soan,Theo c'est tout ce que tu sait dire,victim_support,CAG,bully_support,OTH,DFN,ATK,NEG,scenario_ethnicity_sylvia_bis,ethnicity
15:48:37,09:41:02,Diana,si eput d'argument que sa parle de choses qui n'ont rien avoir soan,bully_support,OAG,victim_support,OTH,ATK,DFN,NEG,scenario_ethnicity_sylvia_bis,ethnicity
15:48:40,09:41:05,Camille,1 2 3 le roi du silence commence ( celui qui parle c une salope ),bully_support,NAG,NULL,NULL,OTH,NULL,NEU,scenario_ethnicity_sylvia_bis,ethnicity
15:48:41,09:41:27,Lucie,cest toi la solope,victim_support,OAG,bully_support,NCG,DFN,OTH,NEG,scenario_ethnicity_sylvia_bis,ethnicity
15:48:43,09:41:31,Soan,Diana tu veux quoi toi,victim_support,NAG,NULL,NULL,DFN,ATK,NEU,scenario_ethnicity_sylvia_bis,ethnicity
15:48:46,09:41:32,Adrien-Harceleur,En sah Silvia je vais lui voler son gouté,bully,OAG,victim,THR,ATK,NULL,NEG,scenario_ethnicity_sylvia_bis,ethnicity
15:48:59,09:41:45,Lucie,tg adrien,victim_support,OAG,bully,OTH,DFN,ATK,NEG,scenario_ethnicity_sylvia_bis,ethnicity
15:49:01,09:41:59,Soan,Adrien on t'as pas taper quand t'étais petit,victim_support,CAG,bully,OTH,DFN,ATK,NEG,scenario_ethnicity_sylvia_bis,ethnicity
15:49:03,09:42:04,hebert,lucie t es pas faché contre le frigo,conciliator,CAG,victim_support,OTH,OTH,DFN,NEG,scenario_ethnicity_sylvia_bis,ethnicity
15:49:05,09:42:17,Vanessa,essayé de trouver la vrai version de l'histoire et parlé calmement et adrien tu es un gros gamin tu fout rien,conciliator,OAG,bully,OTH,DFN,ATK,NEG,scenario_ethnicity_sylvia_bis,ethnicity
15:49:07,09:42:46,Soan,Hebert faut réconcilier tu sert à rien,victim_support,OAG,conciliator,DNG,DFN,OTH,NEG,scenario_ethnicity_sylvia_bis,ethnicity
15:49:08,09:43:01,hebert,vous ne m ecouter pas,conciliator,NAG,NULL,NULL,OTH,DFN,NEU,scenario_ethnicity_sylvia_bis,ethnicity
15:49:10,09:43:05,Vanessa,lucas essaye de parlé de tous ca avec silvia,conciliator,NAG,NULL,NULL,CR,NULL,NEU,scenario_ethnicity_sylvia_bis,ethnicity
15:49:14,09:43:06,Soan,Adrien excuse toi,victim_support,NAG,NULL,NULL,DFN,ATK,NEU,scenario_ethnicity_sylvia_bis,ethnicity
15:49:14,09:43:08,Lucie,tg,victim_support,OAG,conciliator,OTH,DFN,OTH,NEG,scenario_ethnicity_sylvia_bis,ethnicity
15:49:22,09:43:08,Diana,la vrai version c'est que Silvia et lucie sont des grosses salope,bully_support,OAG,victim/victim_support,NCG,ATK,NULL,NEG,scenario_ethnicity_sylvia_bis,ethnicity
15:49:32,09:43:16,Soan,camille excuse toi,victim_support,NAG,NULL,NULL,OTH,NULL,NEU,scenario_ethnicity_sylvia_bis,ethnicity
15:49:32,09:43:16,Adrien-Harceleur,Vanessa tu me fait la grosse folle depuis le début alors commence pas a me faire chauffer,bully,OAG,conciliator,OTH,ATK,CR,NEG,scenario_ethnicity_sylvia_bis,ethnicity
15:49:58,09:43:22,Soan,diana excuse toi EXCUSEZ VOUS,victim_support,NAG,NULL,NULL,DFN,ATK,NEG,scenario_ethnicity_sylvia_bis,ethnicity
15:50:00,09:43:31,hebert,tg lucie,conciliator,OAG,victim_support,OTH,OTH,DFN,NEG,scenario_ethnicity_sylvia_bis,ethnicity
15:50:08,09:43:35,Diana,lucie salope,bully_support,OAG,victim_support,NCG,ATK,DFN,NEG,scenario_ethnicity_sylvia_bis,ethnicity
15:50:11,09:43:35,Silvia-victime,la vrai histoire c'est que lucas m'a embrassé et après adrien et ces chiens sont des gros racistes,victim,OAG,bully/bully_support,OTH,DFN,ATK,NEG,scenario_ethnicity_sylvia_bis,ethnicity
15:50:21,09:43:47,Theo66,Silvia l'allumeuse,bully_support,OAG,victim,NCG,ATK,DFN,NEG,scenario_ethnicity_sylvia_bis,ethnicity
15:50:35,09:43:53,Camille,soan tu tes pris pour qui meme a me demander de m'excuser,bully_support,OAG,victim_support,OTH,ATK,OTH,NEG,scenario_ethnicity_sylvia_bis,ethnicity
15:50:36,09:43:56,hebert,c est pas vrai,conciliator,NAG,NULL,NULL,OTH,DFN,NEU,scenario_ethnicity_sylvia_bis,ethnicity
15:50:37,09:43:57,Diana,mais oui ont raciste,bully_support,NAG,NULL,NULL,OTH,DFN,NEG,scenario_ethnicity_sylvia_bis,ethnicity
15:50:57,09:44:12,Silvia-victime,tu vas vois je vais t'etiendre toi,victim,OAG,bully_support,THR,DFN,ATK,NEG,scenario_ethnicity_sylvia_bis,ethnicity
15:51:05,09:44:14,Vanessa,silvia je suis d'accord,conciliator,NAG,NULL,NULL,EMP,DFN,NEG,scenario_ethnicity_sylvia_bis,ethnicity
15:51:08,09:44:22,Soan,Camille EXCUSE TOI T'EST RACISTE ET CONNE,victim_support,OAG,bully_support,NCG,DFN,ATK,NEG,scenario_ethnicity_sylvia_bis,ethnicity
15:51:09,09:44:24,Diana,retourne dans ton pays sale voleuse de merde,bully_support,OAG,victim,DNG,ATK,DFN,NEG,scenario_ethnicity_sylvia_bis,ethnicity
15:51:12,09:44:42,Lucie,cheh hebert,victim_support,CAG,conciliator,OTH,DFN,OTH,NEG,scenario_ethnicity_sylvia_bis,ethnicity
15:51:13,09:44:55,Soan,DIANA EXCUSE TOI T'EST RACISTES ET CONNE AUSSI,victim_support,OAG,bully_support,NCG,DFN,ATK,NEG,scenario_ethnicity_sylvia_bis,ethnicity
15:51:19,09:45:10,hebert,non les enfants arretez de vous disputez,conciliator,NAG,NULL,NULL,CR,NULL,NEU,scenario_ethnicity_sylvia_bis,ethnicity
15:51:26,09:45:14,Diana,mais surtout raciste,bully_support,OAG,victim_support,NCG,ATK,DFN,NEG,scenario_ethnicity_sylvia_bis,ethnicity
15:51:27,09:45:17,Camille,SOAN ON TA RIEN DEMANDER,bully_support,OAG,victim_support,OTH,ATK,DFN,NEG,scenario_ethnicity_sylvia_bis,ethnicity
15:51:31,09:45:23,Diana,de fou,bully_support,OAG,victim_support,NCG,ATK,DFN,NEG,scenario_ethnicity_sylvia_bis,ethnicity
15:51:34,09:45:25,Lucie,diana t'es pas dans le theme,victim_support,OAG,bully_support,OTH,DFN,ATK,NEG,scenario_ethnicity_sylvia_bis,ethnicity
15:51:36,09:45:28,Diana,ftg soan,bully_support,OAG,victim_support,OTH,ATK,DFN,NEG,scenario_ethnicity_sylvia_bis,ethnicity
15:51:37,09:45:32,Vanessa,lucas essaye de faire un truc intelligent ( parle avec elles et excuse toi auprès d'elle si tes un homme ),conciliator,CAG,NULL,DNG,OTH,NULL,NEG,scenario_ethnicity_sylvia_bis,ethnicity
15:51:41,09:45:38,Lucie,on veut juste que lucas s'excuse,victim_support,NAG,NULL,NULL,OTH,OTH,NEU,scenario_ethnicity_sylvia_bis,ethnicity
15:51:52,09:45:41,Soan,Camille on t'as pas demander non plus d'etre conne,victim_support,OAG,bully_support,DNG,DFN,ATK,NEG,scenario_ethnicity_sylvia_bis,ethnicity
15:51:53,09:45:44,Lucie,il a tromper sa meuf,victim_support,NAG,NULL,NULL,OTH,OTH,NEU,scenario_ethnicity_sylvia_bis,ethnicity
15:51:53,09:45:56,Adrien-Harceleur,Arrete avec raciste il y a aucun rapport,bully,OAG,conciliator,OTH,ATK,OTH,NEG,scenario_ethnicity_sylvia_bis,ethnicity
15:51:55,09:46:02,Camille,SOAN TG. TU APRLKE TROPP LA,bully_support,OAG,victim_support,OTH,ATK,DFN,NEG,scenario_ethnicity_sylvia_bis,ethnicity
15:51:56,09:46:05,Soan,Diana t'as pas honte sale pick me,victim_support,OAG,bully_support,NCG,DFN,ATK,NEG,scenario_ethnicity_sylvia_bis,ethnicity
15:52:15,09:46:17,Lucie,oe grosse folle,victim_support,OAG,bully_support,NCG,DFN,ATK,NEG,scenario_ethnicity_sylvia_bis,ethnicity
15:52:17,09:46:30,Silvia-victime,quoi il n'y a pas de rapport avec le racisme,victim,NAG,NULL,NULL,CNS,ATK,NEU,scenario_ethnicity_sylvia_bis,ethnicity
15:52:21,09:46:40,Soan,VOUS VOUS EXCUSEREZ EN ENFER ALORS,victim_support,OAG,bully_support,OTH,DFN,ATK,NEG,scenario_ethnicity_sylvia_bis,ethnicity
15:52:21,09:47:01,Adrien-Harceleur,Silvia c'est la grosse folle dans l'histoire est personne parle d'elle,bully,OAG,victim,NCG,ATK,NULL,NEG,scenario_ethnicity_sylvia_bis,ethnicity
15:52:26,09:47:11,Diana,voila bien dit,bully_support,OAG,victim,NCG,AIN,ATK,NEG,scenario_ethnicity_sylvia_bis,ethnicity
15:52:29,09:47:17,Vanessa,diana camille les chiens en challeurs aidé a résoudre cette histoire au lieu detre  raciste,conciliator,OAG,bully_support,OTH,DFN,NULL,NEG,scenario_ethnicity_sylvia_bis,ethnicity
15:52:30,09:47:19,Diana,silvia au buché,bully_support,OAG,victim,NCG,AIN,ATK,NEG,scenario_ethnicity_sylvia_bis,ethnicity
15:52:34,09:47:21,Camille,silvia assume tu la pepon un peu nan,bully_support,NAG,NULL,NULL,GSL,CNS,NEG,scenario_ethnicity_sylvia_bis,ethnicity
15:52:37,09:47:21,Lucie,bah normal elle a rien fait,victim_support,NAG,NULL,NULL,CNS,ATK,NEU,scenario_ethnicity_sylvia_bis,ethnicity
15:52:41,09:47:22,Silvia-victime,pourquoi ca t'intéresse,victim,NAG,NULL,NULL,DFN,GSL,NEG,scenario_ethnicity_sylvia_bis,ethnicity
15:52:46,09:47:29,Lucie,elle etait as en couple ELLE,victim_support,NAG,NULL,NULL,CNS,ATK,NEU,scenario_ethnicity_sylvia_bis,ethnicity
15:52:47,09:47:30,Soan,adrien c'est le gros racistes harceleur on parle de toi,victim_support,OAG,bully,NCG,DFN,ATK,NEG,scenario_ethnicity_sylvia_bis,ethnicity
15:52:48,09:47:45,Lucie,adrien gros suceur a lucas,victim_support,OAG,bully,NCG,DFN,ATK,NEG,scenario_ethnicity_sylvia_bis,ethnicity
15:52:52,09:47:51,Adrien-Harceleur,soan apprend l'histoire mdr,bully,CAG,victim_support,OTH,ATK,DFN,NEG,scenario_ethnicity_sylvia_bis,ethnicity
15:52:59,09:47:52,Silvia-victime,folle voleuse ca va on aura tout entendu de la part de racistes!!!,victim,OAG,bully/bully_support,NCG,DFN,GSL,NEG,scenario_ethnicity_sylvia_bis,ethnicity
15:53:01,09:47:54,Soan,Lucie as raison,victim_support,NAG,NULL,NULL,EMP,DFN,NEG,scenario_ethnicity_sylvia_bis,ethnicity
15:53:09,09:48:09,hebert,pk raciste,conciliator,NAG,NULL,NULL,OTH,DFN,NEU,scenario_ethnicity_sylvia_bis,ethnicity
15:53:14,09:48:16,Theo66,c pas raciste!,bully_support,NAG,NULL,NULL,OTH,DFN,NEU,scenario_ethnicity_sylvia_bis,ethnicity
15:53:16,09:48:19,Adrien-Harceleur,pk raciste,bully,NAG,NULL,NULL,OTH,DFN,NEU,scenario_ethnicity_sylvia_bis,ethnicity
15:53:24,09:48:24,Lucie,cest surtt pas le theme,victim_support,NAG,NULL,NULL,OTH,NULL,NEU,scenario_ethnicity_sylvia_bis,ethnicity
15:53:26,09:48:28,Camille,je prefere etre celib qu'en couple avec un fdp perso hein,bully_support,OAG,victim,DNG,ATK,DFN,NEG,scenario_ethnicity_sylvia_bis,ethnicity
15:53:26,09:48:29,Soan,Adrien t'as commencé as insulter et tu parle encore,victim_support,NAG,NULL,NULL,DFN,OTH,NEG,scenario_ethnicity_sylvia_bis,ethnicity
15:53:32,09:48:34,Silvia-victime,de dire que t'a rien à faire ici c'est pas raciste,victim,NAG,NULL,NULL,OTH,OTH,NEU,scenario_ethnicity_sylvia_bis,ethnicity
15:53:39,09:48:37,hebert,ne vous dis pute ez pas,conciliator,NAG,NULL,NULL,CR,NULL,NEU,scenario_ethnicity_sylvia_bis,ethnicity
15:53:40,09:48:53,Soan,le fdp c'est celui que tu défend Camille,victim_support,OAG,bully,NCG,DFN,ATK,NEG,scenario_ethnicity_sylvia_bis,ethnicity
15:53:42,09:49:20,Lucie,aucun rapport mv,victim_support,NAG,NULL,NULL,OTH,OTH,NEU,scenario_ethnicity_sylvia_bis,ethnicity
15:53:48,09:49:26,Adrien-Harceleur,Soan arrete de faire chauffer ftg un peu,bully,OAG,victim_support,OTH,ATK,DFN,NEG,scenario_ethnicity_sylvia_bis,ethnicity
15:53:52,09:49:29,Diana,soan arrete de parler pour dire de la merde,bully_support,OAG,victim_support,OTH,ATK,DFN,NEG,scenario_ethnicity_sylvia_bis,ethnicity
15:53:53,09:49:33,Lucie,cest celui qui defend l'autre fdp de lucas et adrien,victim_support,OAG,bully,OTH,DFN,ATK,NEG,scenario_ethnicity_sylvia_bis,ethnicity
15:53:58,09:49:44,Diana,soan on t'enccule,bully_support,OAG,victim_support,THR,ATK,DFN,NEG,scenario_ethnicity_sylvia_bis,ethnicity
15:54:01,09:49:54,Soan,Adrien assume c que t'as crée et excuse toi alors,victim_support,NAG,NULL,NULL,DFN,ATK,NEU,scenario_ethnicity_sylvia_bis,ethnicity
15:54:01,09:49:54,Vanessa,bon ca ne sert a rien de parler avec vous car vous ne voulez pas parler calmement et resoudre cette histoire,conciliator,NAG,NULL,NULL,OTH,NULL,NEU,scenario_ethnicity_sylvia_bis,ethnicity
15:54:11,09:50:03,Camille,#hainecontresoan,bully_support,OAG,victim_support,OTH,ATK,DFN,NEG,scenario_ethnicity_sylvia_bis,ethnicity
15:54:17,09:50:16,Lucie,nonnn,victim_support,NAG,NULL,NULL,DFN,ATK,NEG,scenario_ethnicity_sylvia_bis,ethnicity
15:54:31,09:50:20,Camille,#dianaenforce,bully_support,NAG,NULL,NULL,AIN,ATK,NEG,scenario_ethnicity_sylvia_bis,ethnicity
15:54:32,09:50:25,Soan,Diana c'est satan qui vas t'enculer,victim_support,OAG,bully_support,OTH,DFN,ATK,NEG,scenario_ethnicity_sylvia_bis,ethnicity
15:54:44,09:50:27,Theo66,silvia on sait tous que t une chudasse,bully_support,OAG,victim,DNG,GSL,NULL,NEG,scenario_ethnicity_sylvia_bis,ethnicity
15:54:47,09:50:27,Lucie,ecoutez vannesa,victim_support,NAG,NULL,NULL,OTH,OTH,NEU,scenario_ethnicity_sylvia_bis,ethnicity
15:54:48,09:50:39,Camille,bisous mesvies,bully_support,NAG,NULL,NULL,AIN,ATK,NEG,scenario_ethnicity_sylvia_bis,ethnicity
15:54:49,09:50:45,Soan,Camille TG,victim_support,OAG,bully_support,OTH,DFN,ATK,NEG,scenario_ethnicity_sylvia_bis,ethnicity
15:54:53,09:50:45,Adrien-Harceleur,Soan t'a r compris a l'histoire commence pas avec t'es raciste,bully,OAG,victim_support,OTH,ATK,DFN,NEG,scenario_ethnicity_sylvia_bis,ethnicity
15:54:55,09:50:52,Lucie,tg,victim_support,OAG,bully,OTH,DFN,ATK,NEG,scenario_ethnicity_sylvia_bis,ethnicity
15:54:57,09:50:52,hebert,l amour pas la guerre,conciliator,NAG,NULL,NULL,CR,NULL,POS,scenario_ethnicity_sylvia_bis,ethnicity
225,09:50:57,Diana,aller ciao bande fde con,bully_support,OAG,victim/victim_support/conciliator,NCG,ATK,NULL,NEG,scenario_ethnicity_sylvia_bis,ethnicity
226,09:50:59,Camille,soan tg. tu nous soule la,bully_support,OAG,victim_support,OTH,ATK,DFN,NEG,scenario_ethnicity_sylvia_bis,ethnicity
227,09:51:11,Soan,Adrien excuse toi mdr,victim_support,NAG,NULL,NULL,DFN,ATK,NEG,scenario_ethnicity_sylvia_bis,ethnicity
228,09:51:27,Adrien-Harceleur,nn,bully,NAG,NULL,NULL,OTH,DFN,NEU,scenario_ethnicity_sylvia_bis,ethnicity
229,09:51:34,Soan,c'est moi qui soule mtn bande de racistes,victim_support,OAG,bully/bully_support,NCG,DFN,ATK,NEG,scenario_ethnicity_sylvia_bis,ethnicity
0,15:36:18,Soan,Cc,victim_support,NAG,NULL,NULL,OTH,NULL,NEU,scenario_ethnicity_sylvia_fourth,ethnicity
1,15:36:30,Theo18,cc les amis,bully_support,OAG,victim,NCG,AIN,NULL,NEU,scenario_ethnicity_sylvia_fourth,ethnicity
2,15:37:02,Theo18,j'aimerais dire que silva est une pute,bully_support,OAG,victim,NCG,AIN,NULL,NEG,scenario_ethnicity_sylvia_fourth,ethnicity
3,15:37:18,Soan,Pardon Théo?,victim_support,NAG,NULL,NULL,DFN,AIN,NEU,scenario_ethnicity_sylvia_fourth,ethnicity
48,15:43:39,Soan,Laissez Silvia tranquille là,victim_support,NAG,NULL,NULL,DFN,AIN,NEU,scenario_ethnicity_sylvia_fourth,ethnicity
49,15:43:40,Adrien16,silvia mdrrrr petit prenom de pute ca,bully,OAG,victim,DNG,AIN,AIN,NEG,scenario_ethnicity_sylvia_fourth,ethnicity
51,15:43:55,Adrien16,tes parents doivent avoir honte de toi force,bully,OAG,victim,DNG,AIN,AIN,NEG,scenario_ethnicity_sylvia_fourth,ethnicity
52,15:43:59,diana,bahahah clairement,bully_support,NAG,NULL,NULL,AIN,AIN,NEG,scenario_ethnicity_sylvia_fourth,ethnicity
53,15:44:28,Soan,Silvia elle était même pas au courant que Lucas il a une meuf,victim_support,NAG,NULL,NULL,CNS,AIN,NEU,scenario_ethnicity_sylvia_fourth,ethnicity
55,15:44:42,diana,pttdr c pas logique adrien cest ses parents qui l'ont appeler sivia,bully_support,CAG,victim,OTH,AIN,AIN,NEG,scenario_ethnicity_sylvia_fourth,ethnicity
56,15:44:43,Theo18,ca se voit qu'elle à pas était bien élevé pae ses parents cette pute elle assume même pas quel se cache quand on commence à parler de son cas,bully_support,OAG,victim,OTH,ATK,NULL,NEG,scenario_ethnicity_sylvia_fourth,ethnicity
57,15:44:48,diana,ENFINNNN t qune pute stp,bully_support,OAG,victim,NCG,AIN,ATK,NEG,scenario_ethnicity_sylvia_fourth,ethnicity
58,15:44:57,Silvia26,je suis là et je ne suis pas une p...,victim,NAG,NULL,NULL,CNS,ATK,NEU,scenario_ethnicity_sylvia_fourth,ethnicity
59,15:45:02,Adrien16,diana parle fr,bully,NAG,NULL,NULL,AIN,AIN,NEG,scenario_ethnicity_sylvia_fourth,ethnicity
60,15:45:06,diana,hahhahahahha trp drole,bully_support,CAG,victim,OTH,ATK,CNS,NEG,scenario_ethnicity_sylvia_fourth,ethnicity
61,15:45:12,Adrien16,silvia je tbz ta mere,bully,OAG,victim,THR,ATK,CNS,NEG,scenario_ethnicity_sylvia_fourth,ethnicity
62,15:45:16,diana,wallah va te pendre fr,bully_support,OAG,victim,OTH,ATK,CNS,NEG,scenario_ethnicity_sylvia_fourth,ethnicity
63,15:45:17,Adrien16,ton pere ton fils je les bz sale pute,bully,OAG,victim,THR,ATK,CNS,NEG,scenario_ethnicity_sylvia_fourth,ethnicity
64,15:45:31,Silvia26,arrêtez ça ne sert à rien de s'insulter comme ça,victim,NAG,NULL,NULL,CNS,ATK,NEU,scenario_ethnicity_sylvia_fourth,ethnicity
65,15:45:32,diana,prq tu vole les mecs des gens stp,bully_support,OAG,victim,OTH,ATK,CNS,NEG,scenario_ethnicity_sylvia_fourth,ethnicity
66,15:45:34,Soan,Mais ferme là Adrien,victim_support,OAG,bully,OTH,DFN,ATK,NEG,scenario_ethnicity_sylvia_fourth,ethnicity
67,15:45:34,Lucie26,arrêtez d'insulter,victim_support,NAG,NULL,NULL,DFN,ATK,NEG,scenario_ethnicity_sylvia_fourth,ethnicity
68,15:45:47,Theo18,"elle a encore une bite da,s la bouche c pour ca que l'on comprend pas",bully_support,OAG,victim,DNG,ATK,CNS,NEG,scenario_ethnicity_sylvia_fourth,ethnicity
69,15:45:49,Silvia26,"je n'ai rien volé, lucas m'a dit que c t fini avec Sophie",victim,NAG,NULL,NULL,CNS,ATK,NEU,scenario_ethnicity_sylvia_fourth,ethnicity
70,15:45:50,diana,nn mais la jparle  serieux enft,bully_support,CAG,victim_support,OTH,ATK,DFN,NEG,scenario_ethnicity_sylvia_fourth,ethnicity
71,15:45:53,Soan,Oh elle savait même pas donc fermez là,victim_support,OAG,bully_support,OTH,DFN,ATK,NEG,scenario_ethnicity_sylvia_fourth,ethnicity
72,15:45:54,diana,prq ta fait ca pttttdrr,bully_support,NAG,NULL,NULL,OTH,CNS,NEU,scenario_ethnicity_sylvia_fourth,ethnicity
73,15:46:02,Adrien16,voler quel mec t as vu a quoi elle ressemble,bully,OAG,victim,DNG,ATK,CNS,NEG,scenario_ethnicity_sylvia_fourth,ethnicity
74,15:46:05,Soan,C’est Lucas la pute dans l’histoire,victim_support,OAG,NULL,NCG,DFN,OTH,NEG,scenario_ethnicity_sylvia_fourth,ethnicity
75,15:46:11,Theo18,sa rejete la fauter sur les autres,bully_support,OAG,victim_support,OTH,ATK,DFN,NEG,scenario_ethnicity_sylvia_fourth,ethnicity
76,15:46:12,Adrien16,meme shreck veut pas delle,bully,OAG,victim,DNG,ATK,CNS,NEG,scenario_ethnicity_sylvia_fourth,ethnicity
77,15:46:13,Silvia26,j'ai rien fait c'est lui qui m'a demandé,victim,NAG,NULL,NULL,CNS,ATK,NEU,scenario_ethnicity_sylvia_fourth,ethnicity
78,15:46:19,diana,comme par hasard elle a tt oublié,bully_support,CAG,victim,OTH,GSL,CNS,NEG,scenario_ethnicity_sylvia_fourth,ethnicity
79,15:46:25,Silvia26,"Merci Adrien, c'est stupide",victim,OAG,bully,OTH,DFN,ATK,NEG,scenario_ethnicity_sylvia_fourth,ethnicity
80,15:46:28,diana,phrase de pute ca,bully_support,OAG,victim,NCG,ATK,CNS,NEG,scenario_ethnicity_sylvia_fourth,ethnicity
81,15:46:34,Silvia26,je n'ai rien oublié,victim,NAG,NULL,NULL,CNS,GSL,NEU,scenario_ethnicity_sylvia_fourth,ethnicity
82,15:46:38,Lucie26,silvia n'est pas fautive c'est la faute de lucas,victim_support,NAG,NULL,NULL,CNS,ATK,NEU,scenario_ethnicity_sylvia_fourth,ethnicity
83,15:46:59,diana,bref va sauter d'un pond pttdr,bully_support,OAG,victim,OTH,ATK,CNS,NEG,scenario_ethnicity_sylvia_fourth,ethnicity
84,15:47:10,Adrien16,ah en fait j ai pas encore lu le scrypte,bully,CAG,victim,OTH,ATK,CNS,NEG,scenario_ethnicity_sylvia_fourth,ethnicity
85,15:47:12,Theo18,je pense que tu as des origines arabe pour voler le mec de quelqu'un,bully_support,OAG,victim,DNG,ATK,CNS,NEG,scenario_ethnicity_sylvia_fourth,ethnicity
86,15:47:14,Adrien16,jsusi trop con,bully,CAG,victim,OTH,ATK,CNS,NEG,scenario_ethnicity_sylvia_fourth,ethnicity
87,15:47:17,Silvia26,wow diana c relou,victim,OAG,bully_support,OTH,DFN,ATK,NEG,scenario_ethnicity_sylvia_fourth,ethnicity
88,15:47:18,Soan,Mais vos bouches,victim_support,OAG,bully,OTH,DFN,ATK,NEG,scenario_ethnicity_sylvia_fourth,ethnicity
90,15:47:27,Soan,Vous savez même pas de quoi vous parlez,victim_support,OAG,bully,OTH,DFN,ATK,NEG,scenario_ethnicity_sylvia_fourth,ethnicity
97,15:48:54,diana,bref sivia retourne en siberie frr personne te veux ici,bully_support,OAG,victim,OTH,ATK,DFN,NEG,scenario_ethnicity_sylvia_fourth,ethnicity
98,15:49:01,Adrien16,reel silvia t finito,bully,OAG,victim,OTH,AIN,ATK,NEG,scenario_ethnicity_sylvia_fourth,ethnicity
99,15:49:08,Theo18,moi je pense que seul les vrai hommes c à dire adrien soan et moi somme apte à parler,bully_support,CAG,victim_support,OTH,ATK,DFN,NEG,scenario_ethnicity_sylvia_fourth,ethnicity
100,15:49:08,Soan,Elle est même pas sibérienne t’es giga con,victim_support,OAG,bully_support,NCG,DFN,ATK,NEG,scenario_ethnicity_sylvia_fourth,ethnicity
101,15:49:09,Silvia26,Ben Diana va falloir apprendre la géographie...,victim,CAG,bully_support,DNG,DFN,ATK,NEG,scenario_ethnicity_sylvia_fourth,ethnicity
156,15:53:48,diana,silvia t q'une pute,bully_support,OAG,victim,NCG,ATK,NULL,NEG,scenario_ethnicity_sylvia_fourth,ethnicity
170,15:54:40,Soan,La seule pute dans l’histoire c’est toi diana,victim_support,OAG,bully_support,NCG,DFN,ATK,NEG,scenario_ethnicity_sylvia_fourth,ethnicity
0,<Silvia_Victime>,[2019-06-13 15:48:59],coucou les amis,victim,NAG,NULL,NULL,OTH,NULL,NEU,scenario_ethnicity_sylvia_sophie,ethnicity
1,<Sophie_Harceleur>,[2019-06-13 15:55:58],cc,bully,NAG,NULL,NULL,OTH,OTH,NEU,scenario_ethnicity_sylvia_sophie,ethnicity
2,<Silvia_Victime>,[2019-06-13 15:56:37],ça va Sohpie?,victim,NAG,NULL,NULL,OTH,OTH,NEU,scenario_ethnicity_sylvia_sophie,ethnicity
3,<Silvia_Victime>,[2019-06-13 15:57:13],:),victim,NAG,NULL,NULL,OTH,OTH,NEU,scenario_ethnicity_sylvia_sophie,ethnicity
4,<Sophie_Harceleur>,[2019-06-13 15:57:37],mais t'es sérieuse ou quoi??,bully,NAG,NULL,NULL,OTH,OTH,NEU,scenario_ethnicity_sylvia_sophie,ethnicity
5,<Silvia_Victime>,[2019-06-13 15:57:43],de?,victim,NAG,NULL,NULL,OTH,OTH,NEU,scenario_ethnicity_sylvia_sophie,ethnicity
6,<Adrien_soutienh>,[2019-06-13 15:57:51],ouai srx,bully_support,NAG,NULL,NULL,OTH,OTH,NEU,scenario_ethnicity_sylvia_sophie,ethnicity
7,<Silvia_Victime>,[2019-06-13 15:58:06],mais oui sérieux les gars,victim,NAG,NULL,NULL,OTH,NULL,NEU,scenario_ethnicity_sylvia_sophie,ethnicity
8,<Silvia_Victime>,[2019-06-13 15:58:12],:),victim,NAG,NULL,NULL,OTH,OTH,NEU,scenario_ethnicity_sylvia_sophie,ethnicity
9,<Sophie_Harceleur>,[2019-06-13 15:58:29],mais ptn tu le fais exprès en +,bully,NAG,NULL,NULL,OTH,OTH,NEG,scenario_ethnicity_sylvia_sophie,ethnicity
10,<Silvia_Victime>,[2019-06-13 15:58:41],mais de quoi Sophie?,victim,NAG,NULL,NULL,OTH,OTH,NEU,scenario_ethnicity_sylvia_sophie,ethnicity
11,<Silvia_Victime>,[2019-06-13 15:58:58],???,victim,NAG,NULL,NULL,OTH,OTH,NEU,scenario_ethnicity_sylvia_sophie,ethnicity
12,<Sophie_Harceleur>,[2019-06-13 15:59:00],MAIS bordel!,bully,NAG,NULL,NULL,OTH,OTH,NEG,scenario_ethnicity_sylvia_sophie,ethnicity
13,<Silvia_Victime>,[2019-06-13 15:59:13],qu'est ce qu'il t'arrive Sophie?,victim,NAG,NULL,NULL,OTH,OTH,NEU,scenario_ethnicity_sylvia_sophie,ethnicity
14,<Silvia_Victime>,[2019-06-13 15:59:15],:),victim,NAG,NULL,NULL,OTH,OTH,NEU,scenario_ethnicity_sylvia_sophie,ethnicity
15,<Silvia_Victime>,[2019-06-13 15:59:27],tu es guérie?,victim,NAG,NULL,NULL,OTH,OTH,NEU,scenario_ethnicity_sylvia_sophie,ethnicity
16,<Sophie_Harceleur>,[2019-06-13 15:59:34],t'as embrassé Lucas?,bully,NAG,NULL,NULL,OTH,OTH,NEU,scenario_ethnicity_sylvia_sophie,ethnicity
17,<Silvia_Victime>,[2019-06-13 15:59:36],c'est dommage que tu sois pas venue,victim,NAG,NULL,NULL,OTH,OTH,NEG,scenario_ethnicity_sylvia_sophie,ethnicity
18,<Adrien_soutienh>,[2019-06-13 15:59:37],ça ce fait pas Silvia,bully_support,NAG,NULL,NULL,OTH,OTH,NEU,scenario_ethnicity_sylvia_sophie,ethnicity
19,<Silvia_Victime>,[2019-06-13 15:59:46],on s'est super bien amusé :),victim,NAG,NULL,NULL,OTH,OTH,POS,scenario_ethnicity_sylvia_sophie,ethnicity
20,<Herbert_Concilia>,[2019-06-13 16:00:07],pdt le voyage ?,conciliator,NAG,NULL,NULL,OTH,OTH,NEU,scenario_ethnicity_sylvia_sophie,ethnicity
21,<Silvia_Victime>,[2019-06-13 16:00:12],oui,victim,NAG,NULL,NULL,OTH,OTH,NEU,scenario_ethnicity_sylvia_sophie,ethnicity
22,<Silvia_Victime>,[2019-06-13 16:00:18],Dommage que Sophie sois pas venue,victim,NAG,NULL,NULL,OTH,OTH,NEG,scenario_ethnicity_sylvia_sophie,ethnicity
23,<michel_soutienv>,[2019-06-13 16:00:26],yo il se passe quoi la,victim_support,NAG,NULL,NULL,OTH,NULL,NEU,scenario_ethnicity_sylvia_sophie,ethnicity
24,<Sophie_Harceleur>,[2019-06-13 16:00:26],mais cte folle elle a embrassé lucas pdt le voyazge,bully,OAG,victim,NCG,AIN,OTH,NEG,scenario_ethnicity_sylvia_sophie,ethnicity
25,<Silvia_Victime>,[2019-06-13 16:00:41],qui t'a dit ça?,victim,NAG,NULL,NULL,CNS,AIN,NEU,scenario_ethnicity_sylvia_sophie,ethnicity
26,<Silvia_Victime>,[2019-06-13 16:00:46],c'est mm pas vrai,victim,NAG,NULL,NULL,CNS,AIN,NEU,scenario_ethnicity_sylvia_sophie,ethnicity
27,<Adrien_soutienh>,[2019-06-13 16:00:51],a ton avis,bully_support,NAG,NULL,NULL,GSL,CNS,NEU,scenario_ethnicity_sylvia_sophie,ethnicity
28,<Silvia_Victime>,[2019-06-13 16:01:02],un menteur?,victim,NAG,NULL,NULL,OTH,GSL,NEU,scenario_ethnicity_sylvia_sophie,ethnicity
29,<Adrien_soutienh>,[2019-06-13 16:01:04],je t ai vu en faite,bully_support,NAG,NULL,NULL,OTH,CNS,NEU,scenario_ethnicity_sylvia_sophie,ethnicity
30,<Herbert_Concilia>,[2019-06-13 16:01:16],c'est pas possible...,conciliator,NAG,NULL,NULL,OTH,OTH,NEU,scenario_ethnicity_sylvia_sophie,ethnicity
31,<Sophie_Harceleur>,[2019-06-13 16:01:17],en ft t'es une grosse pute c'est ça que je dois comprendre,bully,OAG,victim,DNG,ATK,OTH,NEG,scenario_ethnicity_sylvia_sophie,ethnicity
32,<Silvia_Victime>,[2019-06-13 16:01:18],faire quoi?,victim,NAG,NULL,NULL,OTH,OTH,NEU,scenario_ethnicity_sylvia_sophie,ethnicity
33,<Silvia_Victime>,[2019-06-13 16:01:39],à vazi dou tu m'insultes?,victim,NAG,NULL,NULL,DFN,ATK,NEU,scenario_ethnicity_sylvia_sophie,ethnicity
34,<Lisa_soutienH>,[2019-06-13 16:01:41],en faite tes vraiment une salope silvia,bully_support,OAG,victim,DNG,ATK,OTH,NEG,scenario_ethnicity_sylvia_sophie,ethnicity
35,<Adrien_soutienh>,[2019-06-13 16:01:43],embrasser lucas,bully_support,NAG,NULL,NULL,OTH,DFN,NEU,scenario_ethnicity_sylvia_sophie,ethnicity
36,<Lisa_soutienH>,[2019-06-13 16:01:52],ta trompé ton mec,bully_support,NAG,NULL,NULL,OTH,DFN,NEG,scenario_ethnicity_sylvia_sophie,ethnicity
37,<Silvia_Victime>,[2019-06-13 16:01:57],Mais d'où je l'ai embrassé?,victim,NAG,NULL,NULL,OTH,OTH,NEU,scenario_ethnicity_sylvia_sophie,ethnicity
38,<Lisa_soutienH>,[2019-06-13 16:01:58],ca se fait grave pas,bully_support,NAG,NULL,NULL,OTH,NULL,NEG,scenario_ethnicity_sylvia_sophie,ethnicity
39,<Silvia_Victime>,[2019-06-13 16:02:01],Mais ta race toi putain,victim,OAG,bully_support,OTH,DFN,ATK,NEG,scenario_ethnicity_sylvia_sophie,ethnicity
40,<Adrien_soutienh>,[2019-06-13 16:02:09],TU TE CALME,bully_support,NAG,NULL,NULL,OTH,DFN,NEU,scenario_ethnicity_sylvia_sophie,ethnicity
41,<Lisa_soutienH>,[2019-06-13 16:02:14],bah tes une salope en faite,bully_support,OAG,victim,DNG,GSL,DFN,NEG,scenario_ethnicity_sylvia_sophie,ethnicity
42,<Sophie_Harceleur>,[2019-06-13 16:02:16],MAIS BORDEL SILVIA,bully,OAG,victim,OTH,ATK,DFN,NEG,scenario_ethnicity_sylvia_sophie,ethnicity
43,<michel_soutienv>,[2019-06-13 16:02:18],sophie calmez vous,victim_support,NAG,NULL,NULL,CR,ATK,NEU,scenario_ethnicity_sylvia_sophie,ethnicity
44,<Silvia_Victime>,[2019-06-13 16:02:18],c'est toi qui insultes abruti va,victim,OAG,bully,NCG,DFN,ATK,NEG,scenario_ethnicity_sylvia_sophie,ethnicity
45,<Lisa_soutienH>,[2019-06-13 16:02:24],ecpece d'usine a bite,bully_support,OAG,victim,NCG,ATK,DFN,NEG,scenario_ethnicity_sylvia_sophie,ethnicity
46,<Lisa_soutienH>,[2019-06-13 16:02:30],tes une autoroute,bully_support,OAG,victim,DNG,ATK,DFN,NEG,scenario_ethnicity_sylvia_sophie,ethnicity
47,<Herbert_Concilia>,[2019-06-13 16:02:35],Calmez vous ! Il doit y avoir une erreur...,conciliator,NAG,NULL,NULL,CR,NULL,NEU,scenario_ethnicity_sylvia_sophie,ethnicity
48,<Lisa_soutienH>,[2019-06-13 16:02:38],c chiant de payer,bully_support,OAG,victim,DNG,ATK,DFN,NEG,scenario_ethnicity_sylvia_sophie,ethnicity
49,<michel_soutienv>,[2019-06-13 16:02:39],calmez vous tous,victim_support,NAG,NULL,NULL,CR,NULL,NEU,scenario_ethnicity_sylvia_sophie,ethnicity
50,<Silvia_Victime>,[2019-06-13 16:02:39],mais grosse salope d'où tu me parles?,victim,OAG,bully_support,NCG,DFN,ATK,NEG,scenario_ethnicity_sylvia_sophie,ethnicity
51,<Adrien_soutienh>,[2019-06-13 16:02:50],T EXCITE PAS,bully_support,NAG,NULL,NULL,OTH,DFN,NEG,scenario_ethnicity_sylvia_sophie,ethnicity
52,<michel_soutienv>,[2019-06-13 16:02:52],deux secondes silvia elle ferait pas ca,victim_support,NAG,NULL,NULL,CNS,ATK,NEU,scenario_ethnicity_sylvia_sophie,ethnicity
53,<Herbert_Concilia>,[2019-06-13 16:02:57],Adrien t'as dû mal voir....,conciliator,NAG,NULL,NULL,CR,OTH,NEU,scenario_ethnicity_sylvia_sophie,ethnicity
54,<Silvia_Victime>,[2019-06-13 16:03:01],Tu pues la merde,victim,OAG,bully_support,DNG,DFN,OTH,NEG,scenario_ethnicity_sylvia_sophie,ethnicity
55,<michel_soutienv>,[2019-06-13 16:03:06],et sijnon licas il veurt peut etre casser avec toiu,victim_support,NAG,NULL,NULL,CNS,ATK,NEU,scenario_ethnicity_sylvia_sophie,ethnicity
56,<Sophie_Harceleur>,[2019-06-13 16:03:15],mais bordel tg herbert tu vois pas je lui parle,bully,OAG,conciliator,OTH,ATK,CR,NEG,scenario_ethnicity_sylvia_sophie,ethnicity
57,<Silvia_Victime>,[2019-06-13 16:03:16],Le mec i mytho de ouf pcq il veut foutre sonb cornichon dans la Sophie,victim,OAG,bully_support,OTH,DFN,NULL,NEG,scenario_ethnicity_sylvia_sophie,ethnicity
59,<michel_soutienv>,[2019-06-13 16:03:21],genre il va te le dire,victim_support,NAG,NULL,NULL,CNS,ATK,NEU,scenario_ethnicity_sylvia_sophie,ethnicity
60,<Silvia_Victime>,[2019-06-13 16:03:29],Mais arrête de mytho stp,victim,NAG,NULL,NULL,OTH,NULL,NEU,scenario_ethnicity_sylvia_sophie,ethnicity
61,<Lisa_soutienH>,[2019-06-13 16:03:33],pour de vrai c'est une salope,bully_support,OAG,victim,DNG,GSL,DFN,NEG,scenario_ethnicity_sylvia_sophie,ethnicity
62,<Silvia_Victime>,[2019-06-13 16:03:34],tu mfais dla peine,victim,NAG,NULL,NULL,OTH,ATK,NEG,scenario_ethnicity_sylvia_sophie,ethnicity
63,<Silvia_Victime>,[2019-06-13 16:03:39],tg toi,victim,OAG,bully_support,OTH,DFN,GSL,NEG,scenario_ethnicity_sylvia_sophie,ethnicity
64,<Sophie_Harceleur>,[2019-06-13 16:03:40],tu veux que je t'explose ta gueule ou quoi?,bully,OAG,victim,THR,ATK,OTH,NEG,scenario_ethnicity_sylvia_sophie,ethnicity
65,<Silvia_Victime>,[2019-06-13 16:03:47],Mais ferme ta gueule,victim,OAG,bully,OTH,DFN,ATK,NEG,scenario_ethnicity_sylvia_sophie,ethnicity
66,<Lisa_soutienH>,[2019-06-13 16:03:48],vasi essaie,bully_support,OAG,victim,OTH,AIN,ATK,NEG,scenario_ethnicity_sylvia_sophie,ethnicity
67,<Herbert_Concilia>,[2019-06-13 16:03:48],Eh on se calme,conciliator,NAG,NULL,NULL,CR,NULL,NEU,scenario_ethnicity_sylvia_sophie,ethnicity
68,<michel_soutienv>,[2019-06-13 16:03:53],putain mais calmez vous,victim_support,NAG,NULL,NULL,CR,NULL,NEU,scenario_ethnicity_sylvia_sophie,ethnicity
69,<Lisa_soutienH>,[2019-06-13 16:03:56],jen profiterai pour te baiser,bully_support,OAG,victim,THR,ATK,DFN,NEG,scenario_ethnicity_sylvia_sophie,ethnicity
70,<michel_soutienv>,[2019-06-13 16:03:58],ca va pas ou quoi,victim_support,NAG,NULL,NULL,DFN,ATK,NEU,scenario_ethnicity_sylvia_sophie,ethnicity
71,<Sophie_Harceleur>,[2019-06-13 16:04:03],t'es plate comme une planche de surf et tu fais la folle avec moi,bully,OAG,victim,OTH,ATK,DFN,NEG,scenario_ethnicity_sylvia_sophie,ethnicity
72,<Lisa_soutienH>,[2019-06-13 16:04:03],mais jai peur le l'erpece,bully_support,OAG,victim,OTH,ATK,DFN,NEG,scenario_ethnicity_sylvia_sophie,ethnicity
73,<Silvia_Victime>,[2019-06-13 16:04:05],Ah en plus t'es lesbienne?,victim,OAG,bully_support,OTH,DFN,ATK,NEG,scenario_ethnicity_sylvia_sophie,ethnicity
74,<Lisa_soutienH>,[2019-06-13 16:04:16],oui t homophobe ?,bully_support,OAG,victim,NCG,ATK,DFN,NEG,scenario_ethnicity_sylvia_sophie,ethnicity
75,<Adrien_soutienh>,[2019-06-13 16:04:29],Tu veux quoi SALOPE  en faite t es passer sur tout paname donc parle pas,bully_support,OAG,victim,OTH,ATK,DFN,NEG,scenario_ethnicity_sylvia_sophie,ethnicity
76,<Silvia_Victime>,[2019-06-13 16:04:32],j'ai juste un pblm avec les putes de ton espèce et les mythos,victim,OAG,bully_support,DNG,DFN,ATK,NEG,scenario_ethnicity_sylvia_sophie,ethnicity
77,<Lisa_soutienH>,[2019-06-13 16:04:32],t une salope et t homophobe ???,bully_support,OAG,victim,NCG,ATK,DFN,NEG,scenario_ethnicity_sylvia_sophie,ethnicity
78,<michel_soutienv>,[2019-06-13 16:04:35],sophie tetais pas la pendant genre une semaine tu reviens pour foutre la merde,victim_support,OAG,bully,OTH,DFN,ATK,NEG,scenario_ethnicity_sylvia_sophie,ethnicity
80,<Silvia_Victime>,[2019-06-13 16:04:45],On vit sur la côte d'Azur espèce de teubé,victim,OAG,bully_support,NCG,DFN,ATK,NEG,scenario_ethnicity_sylvia_sophie,ethnicity
81,<Silvia_Victime>,[2019-06-13 16:04:53],tu t cru à st denis ou quoi?,victim,CAG,bully_support,OTH,DFN,ATK,NEG,scenario_ethnicity_sylvia_sophie,ethnicity
82,<Adrien_soutienh>,[2019-06-13 16:05:07],non toi  sur les trottoir,bully_support,OAG,victim,DNG,ATK,DFN,NEG,scenario_ethnicity_sylvia_sophie,ethnicity
83,<Lisa_soutienH>,[2019-06-13 16:05:09],silvia franchement ca se fait pas ce que ta fait,bully_support,NAG,NULL,NULL,OTH,DFN,NEU,scenario_ethnicity_sylvia_sophie,ethnicity
84,<Silvia_Victime>,[2019-06-13 16:05:11],La vie de ma mère ferme bien ta gueule au lieu d'écarter les cuisses,victim,OAG,bully_support,OTH,DFN,ATK,NEG,scenario_ethnicity_sylvia_sophie,ethnicity
85,<michel_soutienv>,[2019-06-13 16:05:14],mais calmez vous,victim_support,NAG,NULL,NULL,CR,NULL,NEU,scenario_ethnicity_sylvia_sophie,ethnicity
86,<michel_soutienv>,[2019-06-13 16:05:28],merde parle a lucas avant de hurler sur silvia$,victim_support,NAG,NULL,NULL,DFN,ATK,NEG,scenario_ethnicity_sylvia_sophie,ethnicity
87,<Sophie_Harceleur>,[2019-06-13 16:05:33],mais silvia t'es vraiment une grosse sous race en ft,bully,OAG,victim,DNG,ATK,DFN,NEG,scenario_ethnicity_sylvia_sophie,ethnicity
88,<Herbert_Concilia>,[2019-06-13 16:05:36],On sait tous que Lucas aime que Sophie....,conciliator,NAG,NULL,NULL,OTH,DFN,NEU,scenario_ethnicity_sylvia_sophie,ethnicity
89,<Lisa_soutienH>,[2019-06-13 16:05:44],bah ecartons les cuisses enseble ! ta l'air d'aimer ca,bully_support,CAG,victim,OTH,ATK,DFN,NEG,scenario_ethnicity_sylvia_sophie,ethnicity
90,<Silvia_Victime>,[2019-06-13 16:05:45],J'ai rien fait,victim,NAG,NULL,NULL,OTH,OTH,NEU,scenario_ethnicity_sylvia_sophie,ethnicity
91,<michel_soutienv>,[2019-06-13 16:05:47],herbert ta gueule stp,victim_support,OAG,conciliator,OTH,OTH,OTH,NEG,scenario_ethnicity_sylvia_sophie,ethnicity
92,<michel_soutienv>,[2019-06-13 16:05:51],deux secondes,victim_support,OAG,conciliator,OTH,OTH,OTH,NEG,scenario_ethnicity_sylvia_sophie,ethnicity
93,<Sophie_Harceleur>,[2019-06-13 16:05:51],mais michel ptn ya rien à savoir de plus,bully,OAG,victim_support,NCG,ATK,DFN,NEG,scenario_ethnicity_sylvia_sophie,ethnicity
94,<Silvia_Victime>,[2019-06-13 16:05:53],il mytho de ouf pcq il veut se taper sSophie,victim,OAG,NULL,OTH,OTH,OTH,NEG,scenario_ethnicity_sylvia_sophie,ethnicity
95,<Silvia_Victime>,[2019-06-13 16:06:11],pas vrai Adrien,victim,NAG,NULL,NULL,CNS,ATK,NEU,scenario_ethnicity_sylvia_sophie,ethnicity
96,<Adrien_soutienh>,[2019-06-13 16:06:13],et toi lucas,bully_support,OAG,victim,OTH,ATK,OTH,NEG,scenario_ethnicity_sylvia_sophie,ethnicity
97,<Silvia_Victime>,[2019-06-13 16:06:26],mais Lucas il pue la merde sérieux,victim,OAG,NULL,DNG,DFN,ATK,NEG,scenario_ethnicity_sylvia_sophie,ethnicity
98,<Silvia_Victime>,[2019-06-13 16:06:32],c'est quoi cet acharnement,victim,NAG,NULL,NULL,DFN,ATK,NEG,scenario_ethnicity_sylvia_sophie,ethnicity
99,<Herbert_Concilia>,[2019-06-13 16:06:36],Mais c'est vrai ! Y a pas de raison qu'il la trompe,conciliator,NAG,NULL,NULL,OTH,DFN,NEU,scenario_ethnicity_sylvia_sophie,ethnicity
100,<Silvia_Victime>,[2019-06-13 16:06:38],keske je tai fait,victim,NAG,NULL,NULL,DFN,ATK,NEU,scenario_ethnicity_sylvia_sophie,ethnicity
101,<Adrien_soutienh>,[2019-06-13 16:06:44],c est la vérite,bully_support,NAG,NULL,NULL,GSL,CNS,NEU,scenario_ethnicity_sylvia_sophie,ethnicity
102,<Silvia_Victime>,[2019-06-13 16:06:58],mais arrête ton mytho deux secondes,victim,NAG,NULL,NULL,DFN,GSL,NEG,scenario_ethnicity_sylvia_sophie,ethnicity
103,<Lisa_soutienH>,[2019-06-13 16:07:03],en faite cherchez pas silvia elle veux SE FAIRE BAISER PAR TT LE MONDE,bully_support,OAG,victim,DNG,ATK,DFN,NEG,scenario_ethnicity_sylvia_sophie,ethnicity
104,<michel_soutienv>,[2019-06-13 16:07:10],il le saurait si il avait embrasse qqun nan,victim_support,NAG,NULL,NULL,CNS,GSL,NEU,scenario_ethnicity_sylvia_sophie,ethnicity
105,<Lisa_soutienH>,[2019-06-13 16:07:20],ssale pute  tu vend meme pas ton corps taime ca,bully_support,OAG,victim,DNG,ATK,DFN,NEG,scenario_ethnicity_sylvia_sophie,ethnicity
106,<Sophie_Harceleur>,[2019-06-13 16:07:21],Silvia t'es pire qu'une pute,bully,OAG,victim,DNG,ATK,DFN,NEG,scenario_ethnicity_sylvia_sophie,ethnicity
107,<Silvia_Victime>,[2019-06-13 16:07:22],mais ta gueule putain tu boites tellement tu te fais défoncer,victim,OAG,bully_support,OTH,DFN,ATK,NEG,scenario_ethnicity_sylvia_sophie,ethnicity
108,<michel_soutienv>,[2019-06-13 16:07:27],demandez a lucas,victim_support,NAG,NULL,NULL,DFN,ATK,NEU,scenario_ethnicity_sylvia_sophie,ethnicity
109,<Sophie_Harceleur>,[2019-06-13 16:07:31],tu suis le chemin de ta mère là,bully,OAG,victim,DNG,ATK,DFN,NEG,scenario_ethnicity_sylvia_sophie,ethnicity
110,<Silvia_Victime>,[2019-06-13 16:07:40],Et toi Sohpie tu es bien conne de croire tout ce qu'on te raconte,victim,OAG,bully,NCG,DFN,ATK,NEG,scenario_ethnicity_sylvia_sophie,ethnicity
111,<Herbert_Concilia>,[2019-06-13 16:07:49],Calmez-vous,conciliator,NAG,NULL,NULL,CR,NULL,NEU,scenario_ethnicity_sylvia_sophie,ethnicity
112,<Adrien_soutienh>,[2019-06-13 16:07:54],Tu veux voir la photo,bully_support,NAG,NULL,NULL,OTH,DFN,NEU,scenario_ethnicity_sylvia_sophie,ethnicity
113,<Silvia_Victime>,[2019-06-13 16:07:55],Lucas il te le dira,victim,OAG,bully,NCG,DFN,ATK,NEU,scenario_ethnicity_sylvia_sophie,ethnicity
114,<Herbert_Concilia>,[2019-06-13 16:08:00],C'est normal qu'elle s'enerve,conciliator,NAG,NULL,NULL,OTH,DFN,NEU,scenario_ethnicity_sylvia_sophie,ethnicity
115,<Silvia_Victime>,[2019-06-13 16:08:04],putain tu fais plus confiance à Adrien qu'à ton mec,victim,OAG,bully,NCG,DFN,ATK,NEG,scenario_ethnicity_sylvia_sophie,ethnicity
116,<michel_soutienv>,[2019-06-13 16:08:11],alors parle lui avant de croire adrien ce con,victim_support,OAG,bully_support,NCG,EMP,DFN,NEG,scenario_ethnicity_sylvia_sophie,ethnicity
117,<Sophie_Harceleur>,[2019-06-13 16:08:11],déjà m'interpelle même pas on est pas pote,bully,OAG,victim,OTH,ATK,DFN,NEG,scenario_ethnicity_sylvia_sophie,ethnicity
118,<Lisa_soutienH>,[2019-06-13 16:08:12],mdr  tu ma bien tuer mais ca va comment les séances de réducation ? tarrive a remarcher ??,bully_support,CAG,victim,DNG,ATK,DFN,NEG,scenario_ethnicity_sylvia_sophie,ethnicity
119,<Silvia_Victime>,[2019-06-13 16:08:14],quelle photo povr merde,victim,OAG,bully_support,OTH,DFN,OTH,NEG,scenario_ethnicity_sylvia_sophie,ethnicity
120,<Adrien_soutienh>,[2019-06-13 16:08:23],Logique je suis exceptionnel,bully_support,NAG,NULL,NULL,OTH,DFN,NEU,scenario_ethnicity_sylvia_sophie,ethnicity
121,<Silvia_Victime>,[2019-06-13 16:08:25],tu piques mes répliques Lisa?,victim,OAG,bully_support,NCG,DFN,ATK,NEG,scenario_ethnicity_sylvia_sophie,ethnicity
122,<Silvia_Victime>,[2019-06-13 16:08:28],teubé va,victim,OAG,bully_support,NCG,DFN,ATK,NEG,scenario_ethnicity_sylvia_sophie,ethnicity
123,<michel_soutienv>,[2019-06-13 16:08:34],mais quelle merde,victim_support,OAG,bully_support,OTH,DFN,ATK,NEG,scenario_ethnicity_sylvia_sophie,ethnicity
124,<Sophie_Harceleur>,[2019-06-13 16:08:40],laisse Lisa trql,bully,NAG,NULL,NULL,OTH,DFN,NEU,scenario_ethnicity_sylvia_sophie,ethnicity
125,<Adrien_soutienh>,[2019-06-13 16:08:45],La triz qui traite les autres de teube,bully_support,OAG,victim,NCG,ATK,DFN,NEG,scenario_ethnicity_sylvia_sophie,ethnicity
126,<Silvia_Victime>,[2019-06-13 16:08:49],Donc tu es plus exceptionnel que son mec?,victim,CAG,bully_support,OTH,OTH,OTH,NEG,scenario_ethnicity_sylvia_sophie,ethnicity
127,<Sophie_Harceleur>,[2019-06-13 16:08:52],t'as rien à dire sous merde,bully,OAG,victim,NCG,ATK,DFN,NEG,scenario_ethnicity_sylvia_sophie,ethnicity
128,<Silvia_Victime>,[2019-06-13 16:08:54],t'avoues du coup?,victim,CAG,bully_support,OTH,OTH,OTH,NEG,scenario_ethnicity_sylvia_sophie,ethnicity
129,<Silvia_Victime>,[2019-06-13 16:08:58],tu veux la pécho,victim,CAG,bully_support,OTH,OTH,OTH,NEG,scenario_ethnicity_sylvia_sophie,ethnicity
130,<Silvia_Victime>,[2019-06-13 16:09:08],je suis en train de te parler débile,victim,OAG,bully,NCG,DFN,ATK,NEG,scenario_ethnicity_sylvia_sophie,ethnicity
131,<Adrien_soutienh>,[2019-06-13 16:09:30],C estpas moi le sujet,bully_support,NAG,NULL,NULL,OTH,OTH,NEU,scenario_ethnicity_sylvia_sophie,ethnicity
132,<Silvia_Victime>,[2019-06-13 16:09:43],c'est bon tu viens de comprendre qu'Adrien veut ju_ste te baiser Sophie?,victim,OAG,bully/bully_support,OTH,DFN,ATK,NEG,scenario_ethnicity_sylvia_sophie,ethnicity
133,<michel_soutienv>,[2019-06-13 16:09:43],fait chier de parler de lucas alors quil est pas la faites pas chier appelez le,victim_support,NAG,NULL,NULL,OTH,NULL,NEG,scenario_ethnicity_sylvia_sophie,ethnicity
134,<Silvia_Victime>,[2019-06-13 16:09:48],Il mytho de ouf,victim,OAG,bully/bully_support,OTH,DFN,ATK,NEG,scenario_ethnicity_sylvia_sophie,ethnicity
135,<Herbert_Concilia>,[2019-06-13 16:09:52],Bon Adrien si c'est un prank c'est pas drole,conciliator,NAG,NULL,NULL,OTH,OTH,NEG,scenario_ethnicity_sylvia_sophie,ethnicity
136,<Sophie_Harceleur>,[2019-06-13 16:09:57],je vais me ramener chez moi devant ta famille tu vas voir,bully,OAG,victim,THR,ATK,DFN,NEG,scenario_ethnicity_sylvia_sophie,ethnicity
137,<Silvia_Victime>,[2019-06-13 16:10:08],Appelle le Adrien vazi,victim,NAG,NULL,NULL,DFN,ATK,NEG,scenario_ethnicity_sylvia_sophie,ethnicity
138,<Adrien_soutienh>,[2019-06-13 16:10:10],Mais herbert tu t es cru sur youtube,bully_support,CAG,conciliator,OTH,ATK,OTH,NEG,scenario_ethnicity_sylvia_sophie,ethnicity
139,<Sophie_Harceleur>,[2019-06-13 16:10:12],au lycée t'auras même plus de pote,bully,OAG,victim,OTH,ATK,DFN,NEG,scenario_ethnicity_sylvia_sophie,ethnicity
140,<michel_soutienv>,[2019-06-13 16:10:14],bah allez sophie,victim_support,NAG,NULL,NULL,DFN,ATK,NEU,scenario_ethnicity_sylvia_sophie,ethnicity
141,<michel_soutienv>,[2019-06-13 16:10:19],appelle le pour voir,victim_support,NAG,NULL,NULL,DFN,ATK,NEU,scenario_ethnicity_sylvia_sophie,ethnicity
142,<Sophie_Harceleur>,[2019-06-13 16:10:23],tu vas voir quand tu sortiras des vestiaires,bully,OAG,victim,THR,ATK,DFN,NEG,scenario_ethnicity_sylvia_sophie,ethnicity
143,<Silvia_Victime>,[2019-06-13 16:10:27],Mais putain tu fais plus confiance à Adri qu'à ton mec?,victim,OAG,bully,OTH,DFN,ATK,NEG,scenario_ethnicity_sylvia_sophie,ethnicity
144,<Silvia_Victime>,[2019-06-13 16:10:32],tu fais pitié sérieux,victim,OAG,bully,OTH,DFN,ATK,NEG,scenario_ethnicity_sylvia_sophie,ethnicity
145,<Sophie_Harceleur>,[2019-06-13 16:10:33],habille toi vite grosse p***,bully,OAG,victim,DNG,ATK,DFN,NEG,scenario_ethnicity_sylvia_sophie,ethnicity
146,<Silvia_Victime>,[2019-06-13 16:10:43],moi j'en ai rien à foutre de ton débile de gros laid,victim,OAG,NULL,OTH,DFN,ATK,NEG,scenario_ethnicity_sylvia_sophie,ethnicity
147,<Sophie_Harceleur>,[2019-06-13 16:10:51],ah mais nan c'est vrai t'aimes te faire péter le cul j'avais oublié,bully,OAG,victim,DNG,ATK,DFN,NEG,scenario_ethnicity_sylvia_sophie,ethnicity
148,<Silvia_Victime>,[2019-06-13 16:10:55],putain je peux me faire dix mille fois mieux que lui,victim,OAG,NULL,OTH,DFN,ATK,NEG,scenario_ethnicity_sylvia_sophie,ethnicity
149,<Lisa_soutienH>,[2019-06-13 16:10:56],ouais mais cherche pas a comprendre pk ca se fait pas,bully_support,OAG,victim,OTH,ATK,DFN,NEG,scenario_ethnicity_sylvia_sophie,ethnicity
150,<Adrien_soutienh>,[2019-06-13 16:10:57],Alors pk tu le suce tous les soir,bully_support,OAG,victim,DNG,ATK,DFN,NEG,scenario_ethnicity_sylvia_sophie,ethnicity
151,<Herbert_Concilia>,[2019-06-13 16:10:57],nan mais c'est vous là... Adrien dit un truc et tout le monde se met dessus,conciliator,NAG,NULL,NULL,DFN,ATK,NEG,scenario_ethnicity_sylvia_sophie,ethnicity
152,<Silvia_Victime>,[2019-06-13 16:11:17],Mais putain Adrien mythonne,victim,NAG,NULL,NULL,DFN,ATK,NEG,scenario_ethnicity_sylvia_sophie,ethnicity
153,<Silvia_Victime>,[2019-06-13 16:11:21],🤣,victim,NAG,NULL,NULL,DFN,ATK,NEU,scenario_ethnicity_sylvia_sophie,ethnicity
154,<Silvia_Victime>,[2019-06-13 16:11:28],Sophie tu me fais pitié,victim,OAG,bully,OTH,DFN,ATK,NEG,scenario_ethnicity_sylvia_sophie,ethnicity
155,<Sophie_Harceleur>,[2019-06-13 16:11:29],mdrr tu l'aurais pas embrassé si c'était qu'un débile,bully,NAG,NULL,NULL,GSL,DFN,NEG,scenario_ethnicity_sylvia_sophie,ethnicity
156,<michel_soutienv>,[2019-06-13 16:11:33],taimerai biezn etre suce hein adri tes bien seul,victim_support,OAG,bully_support,DNG,DFN,ATK,NEG,scenario_ethnicity_sylvia_sophie,ethnicity
158,<Adrien_soutienh>,[2019-06-13 16:11:37],Tu trouve ca drole en plus,bully_support,NAG,NULL,NULL,AIN,GSL,NEG,scenario_ethnicity_sylvia_sophie,ethnicity
159,<Silvia_Victime>,[2019-06-13 16:11:58],Je l'ai pas embrassé,victim,NAG,NULL,NULL,CNS,GSL,NEU,scenario_ethnicity_sylvia_sophie,ethnicity
160,<Silvia_Victime>,[2019-06-13 16:12:01],putain t vmt conne,victim,OAG,bully_support,NCG,DFN,AIN,NEG,scenario_ethnicity_sylvia_sophie,ethnicity
161,<Lisa_soutienH>,[2019-06-13 16:12:04],mais oui biensur,bully_support,NAG,NULL,NULL,OTH,CNS,NEU,scenario_ethnicity_sylvia_sophie,ethnicity
162,<Adrien_soutienh>,[2019-06-13 16:12:04],t es un vrai sac  à foutre,bully_support,OAG,victim,NCG,ATK,CNS,NEG,scenario_ethnicity_sylvia_sophie,ethnicity
163,<Sophie_Harceleur>,[2019-06-13 16:12:07],silvia tg on a des preuvesx et des témoins,bully,OAG,victim,OTH,ATK,CNS,NEG,scenario_ethnicity_sylvia_sophie,ethnicity
164,<Silvia_Victime>,[2019-06-13 16:12:13],olalala insulte volée à ta mère,victim,OAG,bully_support,OTH,DFN,ATK,NEG,scenario_ethnicity_sylvia_sophie,ethnicity
165,<michel_soutienv>,[2019-06-13 16:12:16],adiren comme preuve lol,victim_support,OAG,bully/bully_support,OTH,DFN,ATK,NEG,scenario_ethnicity_sylvia_sophie,ethnicity
166,<Silvia_Victime>,[2019-06-13 16:12:22],mais quelles preuves putain?!,victim,NAG,NULL,NULL,DFN,ATK,NEG,scenario_ethnicity_sylvia_sophie,ethnicity
167,<Herbert_Concilia>,[2019-06-13 16:12:24],On a UN temoin,conciliator,NAG,NULL,NULL,OTH,DFN,NEU,scenario_ethnicity_sylvia_sophie,ethnicity
168,<Silvia_Victime>,[2019-06-13 16:12:28],Adrien qui veut te tringler,victim,OAG,bully_support,OTH,DFN,ATK,NEG,scenario_ethnicity_sylvia_sophie,ethnicity
169,<Herbert_Concilia>,[2019-06-13 16:12:28],pas tres fiable,conciliator,NAG,NULL,NULL,OTH,DFN,NEU,scenario_ethnicity_sylvia_sophie,ethnicity
170,<Silvia_Victime>,[2019-06-13 16:12:32],c'est lui la preuve?,victim,NAG,NULL,NULL,OTH,OTH,NEU,scenario_ethnicity_sylvia_sophie,ethnicity
171,<Sophie_Harceleur>,[2019-06-13 16:12:43],ptn mais t'es né d'un gangbang ou quoi,bully,OAG,victim,DNG,ATK,OTH,NEG,scenario_ethnicity_sylvia_sophie,ethnicity
172,<Sophie_Harceleur>,[2019-06-13 16:12:46],ptn de triso,bully,OAG,victim,DNG,ATK,OTH,NEG,scenario_ethnicity_sylvia_sophie,ethnicity
173,<michel_soutienv>,[2019-06-13 16:12:48],tu fais pitie sophie  si ton mec te veux plus bah tu degage,victim_support,OAG,bully,OTH,DFN,ATK,NEG,scenario_ethnicity_sylvia_sophie,ethnicity
174,<Silvia_Victime>,[2019-06-13 16:12:50],putain heureusement que t'es pas jury d'un procès pour meurtre,victim,OAG,bully,OTH,DFN,ATK,NEG,scenario_ethnicity_sylvia_sophie,ethnicity
175,<Axelle_Defenseur>,[2019-06-13 16:12:50],Une personne c'est archi pas une preuve,victim_support,NAG,NULL,NULL,CNS,ATK,NEU,scenario_ethnicity_sylvia_sophie,ethnicity
176,<Silvia_Victime>,[2019-06-13 16:12:59],vu ton esprit de déduction merdique Sophie,victim,OAG,bully,OTH,DFN,ATK,NEG,scenario_ethnicity_sylvia_sophie,ethnicity
177,<Adrien_soutienh>,[2019-06-13 16:13:00],On est deux en ft,bully_support,NAG,NULL,NULL,OTH,CNS,NEU,scenario_ethnicity_sylvia_sophie,ethnicity
178,<Sophie_Harceleur>,[2019-06-13 16:13:02],mais michel frere tas vu ton prénom pour commencé,bully,CAG,victim_support,OTH,ATK,DFN,NEG,scenario_ethnicity_sylvia_sophie,ethnicity
179,<Adrien_soutienh>,[2019-06-13 16:13:05],Hein lisa,bully_support,NAG,NULL,NULL,OTH,NULL,NEU,scenario_ethnicity_sylvia_sophie,ethnicity
180,<Silvia_Victime>,[2019-06-13 16:13:08],Deux qui pauvre merde?,victim,OAG,bully_support,NCG,DFN,OTH,NEG,scenario_ethnicity_sylvia_sophie,ethnicity
181,<Lisa_soutienH>,[2019-06-13 16:13:09],jai la preuvve !!!,bully_support,NAG,NULL,NULL,OTH,OTH,NEU,scenario_ethnicity_sylvia_sophie,ethnicity
182,<Silvia_Victime>,[2019-06-13 16:13:18],Mais Lisa t'étais mm pas au voyage,victim,NAG,NULL,NULL,OTH,OTH,NEU,scenario_ethnicity_sylvia_sophie,ethnicity
183,<michel_soutienv>,[2019-06-13 16:13:21],sophie saute des fiilees,victim_support,OAG,bully,OTH,DFN,ATK,NEG,scenario_ethnicity_sylvia_sophie,ethnicity
184,<Silvia_Victime>,[2019-06-13 16:13:25],de où tu as la preuve?,victim,NAG,NULL,NULL,OTH,OTH,NEU,scenario_ethnicity_sylvia_sophie,ethnicity
185,<Lisa_soutienH>,[2019-06-13 16:13:28],voila !!!,bully_support,NAG,NULL,NULL,OTH,OTH,NEU,scenario_ethnicity_sylvia_sophie,ethnicity
186,<Lisa_soutienH>,[2019-06-13 16:13:36],tu comprends sale pute,bully_support,OAG,victim,NCG,ATK,OTH,NEG,scenario_ethnicity_sylvia_sophie,ethnicity
187,<Silvia_Victime>,[2019-06-13 16:13:40],Je suis mm pas rousse putain,victim,NAG,NULL,NULL,DFN,ATK,NEG,scenario_ethnicity_sylvia_sophie,ethnicity
188,<Silvia_Victime>,[2019-06-13 16:13:44],tu ml'as photoshopée,victim,NAG,NULL,NULL,DFN,ATK,NEU,scenario_ethnicity_sylvia_sophie,ethnicity
189,<Lisa_soutienH>,[2019-06-13 16:13:46],on ta pris en photo,bully_support,NAG,NULL,NULL,OTH,DFN,NEU,scenario_ethnicity_sylvia_sophie,ethnicity
197,<Silvia_Victime>,[2019-06-13 16:14:38],Et ton mec il dit quoi de ça?,victim,NAG,NULL,NULL,DFN,ATK,NEG,scenario_ethnicity_sylvia_sophie,ethnicity
199,<michel_soutienv>,[2019-06-13 16:14:40],quel photoshop de fou,victim_support,NAG,NULL,NULL,DFN,ATK,NEG,scenario_ethnicity_sylvia_sophie,ethnicity
200,<Silvia_Victime>,[2019-06-13 16:14:50],il a de l'avenir,victim,NAG,NULL,NULL,DFN,ATK,NEG,scenario_ethnicity_sylvia_sophie,ethnicity
201,<Adrien_soutienh>,[2019-06-13 16:15:08],plus que toi en tant que pute,bully_support,OAG,victim,DNG,ATK,DFN,NEG,scenario_ethnicity_sylvia_sophie,ethnicity
202,<Sophie_Harceleur>,[2019-06-13 16:15:13],jvais te soulever,bully,OAG,victim,THR,ATK,DFN,NEG,scenario_ethnicity_sylvia_sophie,ethnicity
203,<Silvia_Victime>,[2019-06-13 16:15:16],plus que toi en tant que chien de Sophie,victim,OAG,bully_support,DNG,DFN,ATK,NEG,scenario_ethnicity_sylvia_sophie,ethnicity
204,<Sophie_Harceleur>,[2019-06-13 16:15:17],continue comme ça,bully,NAG,NULL,NULL,AIN,ATK,NEG,scenario_ethnicity_sylvia_sophie,ethnicity
205,<michel_soutienv>,[2019-06-13 16:15:20],javoue lisa ty a pense cest meiux que sucer nempeche ca paye pas bien,victim_support,CAG,bully_support,DNG,DFN,OTH,NEG,scenario_ethnicity_sylvia_sophie,ethnicity
206,<Sophie_Harceleur>,[2019-06-13 16:15:23],ça se voit tu me connais pas,bully,CAG,victim,THR,ATK,DFN,NEG,scenario_ethnicity_sylvia_sophie,ethnicity
207,<Silvia_Victime>,[2019-06-13 16:15:33],Sophie tu devrais t'occuper d'Adrien il en peut plus d'agiter la queue$,victim,OAG,bully_support,OTH,DFN,ATK,NEG,scenario_ethnicity_sylvia_sophie,ethnicity
208,<Sophie_Harceleur>,[2019-06-13 16:15:35],des filles comme toi j'en ai connu plus d'une,bully,CAG,victim,THR,ATK,DFN,NEG,scenario_ethnicity_sylvia_sophie,ethnicity
209,<Silvia_Victime>,[2019-06-13 16:15:43],et tu les a mangées?,victim,CAG,bully,OTH,DFN,ATK,NEG,scenario_ethnicity_sylvia_sophie,ethnicity
211,<Sophie_Harceleur>,[2019-06-13 16:15:49],elles sont toutes dans un cercueil mtn on sdemande pq,bully,CAG,victim,THR,ATK,DFN,NEG,scenario_ethnicity_sylvia_sophie,ethnicity
212,<Silvia_Victime>,[2019-06-13 16:15:51],🐕,victim,NAG,NULL,NULL,OTH,ATK,NEG,scenario_ethnicity_sylvia_sophie,ethnicity
213,<Lisa_soutienH>,[2019-06-13 16:15:56],bah taime ca non silvia ?,bully_support,OAG,victim,OTH,ATK,DFN,NEG,scenario_ethnicity_sylvia_sophie,ethnicity
214,<Adrien_soutienh>,[2019-06-13 16:15:58],Sylvia demain je te balaye en au  des marches,bully_support,OAG,victim,THR,ATK,DFN,NEG,scenario_ethnicity_sylvia_sophie,ethnicity
215,<michel_soutienv>,[2019-06-13 16:16:16],demain lucas va peter un cable,victim_support,NAG,NULL,NULL,OTH,NULL,NEU,scenario_ethnicity_sylvia_sophie,ethnicity
216,<Silvia_Victime>,[2019-06-13 16:16:19],Sohpie fais qqch là,victim,CAG,bully,OTH,DFN,ATK,NEG,scenario_ethnicity_sylvia_sophie,ethnicity
217,<Lisa_soutienH>,[2019-06-13 16:16:21],nempeche ca se fait pas  digne d'une pute,bully_support,OAG,victim,NCG,AIN,ATK,NEG,scenario_ethnicity_sylvia_sophie,ethnicity
218,<Silvia_Victime>,[2019-06-13 16:16:27],il devient agressif tellement il est en manque,victim,CAG,bully_support,OTH,DFN,ATK,NEG,scenario_ethnicity_sylvia_sophie,ethnicity
219,<Sophie_Harceleur>,[2019-06-13 16:16:28],silvia t'es morte.,bully,OAG,victim,THR,ATK,DFN,NEG,scenario_ethnicity_sylvia_sophie,ethnicity
220,<Silvia_Victime>,[2019-06-13 16:16:40],Mais d'où je suis morte stp,victim,CAG,bully,OTH,DFN,ATK,NEG,scenario_ethnicity_sylvia_sophie,ethnicity
221,<Silvia_Victime>,[2019-06-13 16:16:48],déjà faudrait que tu roules jusqu'à moi,victim,CAG,bully,OTH,DFN,ATK,NEG,scenario_ethnicity_sylvia_sophie,ethnicity
222,<Sophie_Harceleur>,[2019-06-13 16:16:55],regarde par la fenêtre ya adrien,bully,OAG,victim,THR,ATK,DFN,NEG,scenario_ethnicity_sylvia_sophie,ethnicity
223,<Silvia_Victime>,[2019-06-13 16:16:55],que tu arrives à m'attraper,victim,CAG,bully,OTH,DFN,ATK,NEG,scenario_ethnicity_sylvia_sophie,ethnicity
224,<Silvia_Victime>,[2019-06-13 16:17:01],et qu'ensuite tu me tues,victim,CAG,bully,OTH,DFN,ATK,NEG,scenario_ethnicity_sylvia_sophie,ethnicity
225,<Silvia_Victime>,[2019-06-13 16:17:11],il y a pas de fenêtre là où je suis,victim,NAG,NULL,NULL,CNS,ATK,NEU,scenario_ethnicity_sylvia_sophie,ethnicity
226,<Adrien_soutienh>,[2019-06-13 16:17:12],JE VAIS TE BRISER TES OS BOIRE TON SANG SALOPE,bully_support,OAG,victim,OTH,ATK,DFN,NEG,scenario_ethnicity_sylvia_sophie,ethnicity
227,<michel_soutienv>,[2019-06-13 16:17:21],adrien c est pas grave on est tous passe par la maiis si tu mytho cest un vrai coup de  pute,victim_support,OAG,bully_support,OTH,DFN,ATK,NEG,scenario_ethnicity_sylvia_sophie,ethnicity
228,<Silvia_Victime>,[2019-06-13 16:17:24],en plus d'être en manque tu es un vampire?,victim,CAG,bully_support,OTH,DFN,ATK,NEG,scenario_ethnicity_sylvia_sophie,ethnicity
229,<Lisa_soutienH>,[2019-06-13 16:17:27],bah avec le sida c sur tu va crever vite silvia ??,bully_support,CAG,victim,DNG,ATK,DFN,NEG,scenario_ethnicity_sylvia_sophie,ethnicity
230,<Sophie_Harceleur>,[2019-06-13 16:17:32],qestu parles grosse folle c'est toi l'obèse donc c'est toi qui roule,bully,OAG,victim,OTH,ATK,DFN,NEG,scenario_ethnicity_sylvia_sophie,ethnicity
231,<Silvia_Victime>,[2019-06-13 16:17:35],Faut arrêter mon vieux Twilight c'est has been,victim,CAG,bully_support,OTH,DFN,ATK,NEG,scenario_ethnicity_sylvia_sophie,ethnicity
232,<Lisa_soutienH>,[2019-06-13 16:17:41],bah avec le sida c sur tu va crever vite silvia ??,bully_support,CAG,victim,DNG,ATK,DFN,NEG,scenario_ethnicity_sylvia_sophie,ethnicity
234,<Silvia_Victime>,[2019-06-13 16:17:59],Techniquement le sac à MST c'est pas moi...,victim,NAG,NULL,NULL,CNS,ATK,NEU,scenario_ethnicity_sylvia_sophie,ethnicity
236,<Sophie_Harceleur>,[2019-06-13 16:18:07],mais lisa laisse tomber la meuf c'est SIDA ebola tétanos tt ce que tu veux,bully,OAG,victim,OTH,AIN,ATK,NEG,scenario_ethnicity_sylvia_sophie,ethnicity
237,<Silvia_Victime>,[2019-06-13 16:18:09],🤣,victim,NAG,NULL,NULL,OTH,NULL,NEU,scenario_ethnicity_sylvia_sophie,ethnicity
238,<Lisa_soutienH>,[2019-06-13 16:18:16],carement,bully_support,NAG,NULL,NULL,AIN,AIN,NEG,scenario_ethnicity_sylvia_sophie,ethnicity
239,<Silvia_Victime>,[2019-06-13 16:18:18],tu vas faire médecine toi pas vrai?,victim,CAG,bully,OTH,DFN,AIN,NEG,scenario_ethnicity_sylvia_sophie,ethnicity
240,<Silvia_Victime>,[2019-06-13 16:18:23],tu en connais des maladies...,victim,CAG,bully,OTH,DFN,AIN,NEG,scenario_ethnicity_sylvia_sophie,ethnicity
241,<Adrien_soutienh>,[2019-06-13 16:18:24],Rigole demain tu pourras plus,bully_support,OAG,victim,THR,ATK,OTH,NEG,scenario_ethnicity_sylvia_sophie,ethnicity
242,<Sophie_Harceleur>,[2019-06-13 16:18:28],dans ta chatte ya 3-4 gangs de mst questu parles,bully,OAG,victim,DNG,ATK,DFN,NEG,scenario_ethnicity_sylvia_sophie,ethnicity
243,<Lisa_soutienH>,[2019-06-13 16:18:36],pas besoin pour savoir que ta tt les mst de la tere,bully_support,OAG,victim,DNG,ATK,DFN,NEG,scenario_ethnicity_sylvia_sophie,ethnicity
244,<Silvia_Victime>,[2019-06-13 16:18:37],toi tu peux déjà plus vu l'état de tes vieilles dents,victim,OAG,bully_support,OTH,DFN,ATK,NEG,scenario_ethnicity_sylvia_sophie,ethnicity
245,<Adrien_soutienh>,[2019-06-13 16:18:40],Je vais te defigurer,bully_support,OAG,victim,THR,ATK,OTH,NEG,scenario_ethnicity_sylvia_sophie,ethnicity
246,<Silvia_Victime>,[2019-06-13 16:18:53],hahahaha Mais sérieux Sophie tu as pas mieux?,victim,CAG,bully,OTH,DFN,ATK,NEG,scenario_ethnicity_sylvia_sophie,ethnicity
247,<Lisa_soutienH>,[2019-06-13 16:18:54],c deja fait,bully_support,OAG,victim,THR,AIN,ATK,NEG,scenario_ethnicity_sylvia_sophie,ethnicity
248,<Silvia_Victime>,[2019-06-13 16:18:56],C'est du vu et revu,victim,CAG,bully,OTH,DFN,ATK,NEU,scenario_ethnicity_sylvia_sophie,ethnicity
249,<Herbert_Concilia>,[2019-06-13 16:18:59],Arretez de vous insulter la... vous dites tellement d'insultes debiles par minute qu'on n'arrive meme pas a suivre et en plus ca nous fait pas avancer... on tourne en rond depuis tout a l'heure srx...,conciliator,NAG,NULL,NULL,CR,NULL,NEG,scenario_ethnicity_sylvia_sophie,ethnicity
250,<Silvia_Victime>,[2019-06-13 16:19:05],tu es pas capable d'inventer tes propres trucs?,victim,CAG,bully,OTH,DFN,ATK,NEG,scenario_ethnicity_sylvia_sophie,ethnicity
251,<Sophie_Harceleur>,[2019-06-13 16:19:12],jvais te peter les chevilles t'entends,bully,OAG,victim,THR,ATK,DFN,NEG,scenario_ethnicity_sylvia_sophie,ethnicity
252,<Silvia_Victime>,[2019-06-13 16:19:14],Je résume:,victim,OAG,bully_support,OTH,DFN,NULL,NEU,scenario_ethnicity_sylvia_sophie,ethnicity
253,<Silvia_Victime>,[2019-06-13 16:19:19],Adrien veut se taper Sophiue,victim,OAG,bully_support,OTH,DFN,NULL,NEG,scenario_ethnicity_sylvia_sophie,ethnicity
254,<Silvia_Victime>,[2019-06-13 16:19:25],Il raconte des mytho,victim,OAG,bully_support,OTH,DFN,NULL,NEG,scenario_ethnicity_sylvia_sophie,ethnicity
255,<Sophie_Harceleur>,[2019-06-13 16:19:26],JE RESUME,bully,CAG,victim,OTH,ATK,DFN,NEG,scenario_ethnicity_sylvia_sophie,ethnicity
256,<Silvia_Victime>,[2019-06-13 16:19:32],Sophie doit aller s'acheter un cerveau,victim,OAG,bully,DNG,DFN,NULL,NEG,scenario_ethnicity_sylvia_sophie,ethnicity
257,<michel_soutienv>,[2019-06-13 16:19:35],ca on sait pas il est ptet gay,victim_support,OAG,bully_support,OTH,EMP,DFN,NEG,scenario_ethnicity_sylvia_sophie,ethnicity
258,<Silvia_Victime>,[2019-06-13 16:19:37],elle est pas très maligne,victim,OAG,bully,DNG,DFN,NULL,NEG,scenario_ethnicity_sylvia_sophie,ethnicity
259,<Silvia_Victime>,[2019-06-13 16:19:48],la grosse c'est toi,victim,OAG,bully,DNG,DFN,NULL,NEG,scenario_ethnicity_sylvia_sophie,ethnicity
260,<Lisa_soutienH>,[2019-06-13 16:19:54],att ya tout le mode qui resume ce quils ont dans leur tete mdr cherche pa,bully_support,NAG,NULL,NULL,OTH,ATK,NEU,scenario_ethnicity_sylvia_sophie,ethnicity
261,<michel_soutienv>,[2019-06-13 16:19:55],sophie tes toujours malade ca se voit,victim_support,OAG,bully,OTH,DFN,ATK,NEG,scenario_ethnicity_sylvia_sophie,ethnicity
262,<Adrien_soutienh>,[2019-06-13 16:19:56],Et toi Lucas tu as oublié,bully_support,NAG,NULL,NULL,OTH,NULL,NEU,scenario_ethnicity_sylvia_sophie,ethnicity
263,<Silvia_Victime>,[2019-06-13 16:19:57],ensuite tu es juste trop conne de croire ce teubé,victim,OAG,bully/bully_support,NCG,DFN,ATK,NEG,scenario_ethnicity_sylvia_sophie,ethnicity
264,<Silvia_Victime>,[2019-06-13 16:20:10],Mais de où Lucas putain,victim,NAG,NULL,NULL,OTH,NULL,NEG,scenario_ethnicity_sylvia_sophie,ethnicity
265,<Silvia_Victime>,[2019-06-13 16:20:17],Arrête tes conneries tu es fatiguant,victim,OAG,bully_support,OTH,DFN,OTH,NEG,scenario_ethnicity_sylvia_sophie,ethnicity
27,theo93,12:41:17,c’est siliva qui lui a sauter dessus,bully_support,OAG,victim,OTH,AIN,NULL,NEG,scenario_ethnicity_sylvia_third,ethnicity
28,lucie89,12:41:28,bah il avait qu’à bien se tenir aussi,victim_support,NAG,NULL,NULL,CNS,AIN,NEU,scenario_ethnicity_sylvia_third,ethnicity
29,Silvia-victime,12:41:34,euh...t'exagères !,victim,NAG,NULL,NULL,CNS,AIN,NEG,scenario_ethnicity_sylvia_third,ethnicity
30,lucie89,12:41:43,c’eet lui qui a une copine donc c’est à lui de se tenir,victim_support,NAG,NULL,NULL,CNS,AIN,NEU,scenario_ethnicity_sylvia_third,ethnicity
31,Hebert,12:41:46,franchement calmer vous,conciliator,NAG,NULL,NULL,CR,NULL,NEU,scenario_ethnicity_sylvia_third,ethnicity
32,theo93,12:41:54,calme vous de quoi ? tg fr,bully_support,OAG,conciliator,OTH,ATK,CR,NEG,scenario_ethnicity_sylvia_third,ethnicity
33,lucie89,12:42:02,qui t’as adressé la parole toi?,victim_support,NAG,NULL,NULL,OTH,AIN,NEU,scenario_ethnicity_sylvia_third,ethnicity
34,camille,12:42:13,jsp mais sylvia sa mere la.....,bully_support,OAG,victim,OTH,ATK,OTH,NEG,scenario_ethnicity_sylvia_third,ethnicity
35,Silvia-victime,12:42:14,"moi j'ai rien demandé, je ne savais pas qu'il sortait encore avec Sophie",victim,NAG,NULL,NULL,CNS,ATK,NEU,scenario_ethnicity_sylvia_third,ethnicity
36,theo93,12:42:20,MDR tu savais pas ?,bully_support,CAG,victim,OTH,ATK,CNS,NEG,scenario_ethnicity_sylvia_third,ethnicity
38,theo93,12:42:30,bah mntn tu sais,bully_support,CAG,victim,OTH,ATK,CNS,NEG,scenario_ethnicity_sylvia_third,ethnicity
39,vanessa,12:42:41,du calm les enfants,conciliator,NAG,NULL,NULL,CR,NULL,NEU,scenario_ethnicity_sylvia_third,ethnicity
41,Silvia-victime,12:42:50,"ah ben vous êtes dégueu, j'ai rien fait moi",victim,OAG,bully_support,DNG,DFN,ATK,NEG,scenario_ethnicity_sylvia_third,ethnicity
42,lucie89,12:42:53,et Lucas c’est la pire des sous races de ce monde,victim_support,OAG,NULL,DNG,DFN,ATK,NEG,scenario_ethnicity_sylvia_third,ethnicity
44,lucie89,12:43:00,il avait qu’à pas tromper sa meuf,victim_support,OAG,NULL,DNG,DFN,ATK,NEG,scenario_ethnicity_sylvia_third,ethnicity
45,theo93,12:43:12,la sous race ici c’est silivia,bully_support,OAG,victim,DNG,ATK,DFN,NEG,scenario_ethnicity_sylvia_third,ethnicity
46,lucie89,12:43:13,même un chien est fidèle,victim_support,OAG,NULL,DNG,DFN,ATK,NEU,scenario_ethnicity_sylvia_third,ethnicity
47,Silvia-victime,12:43:17,ben on est morts de rire mais en tout cas moi je ne savais pas pour Sophie,victim,NAG,NULL,NULL,CNS,ATK,NEU,scenario_ethnicity_sylvia_third,ethnicity
48,theo93,12:43:22,en plus elle est serbe c’est quoi ça même,bully_support,OAG,victim,OTH,ATK,DFN,NEG,scenario_ethnicity_sylvia_third,ethnicity
49,vanessa,12:43:31,heee du calm,conciliator,NAG,NULL,NULL,CR,ATK,NEU,scenario_ethnicity_sylvia_third,ethnicity
50,Silvia-victime,12:43:38,et alors ça fait quoi d'être Serbe ?,victim,NAG,NULL,NULL,DFN,ATK,NEU,scenario_ethnicity_sylvia_third,ethnicity
51,Hebert,12:43:38,moi je dit qu'on devrait se serrer la main et tous oublier,conciliator,NAG,NULL,NULL,CR,NULL,NEU,scenario_ethnicity_sylvia_third,ethnicity
52,Silvia-victime,12:43:46,Merci Hebert,victim,NAG,NULL,NULL,OTH,CR,POS,scenario_ethnicity_sylvia_third,ethnicity
54,vanessa,12:44:08,ho c leur pb,conciliator,NAG,NULL,NULL,CR,ATK,NEU,scenario_ethnicity_sylvia_third,ethnicity
55,theo93,12:44:09,hebert littéralement tg tu sers rien,bully_support,OAG,conciliator,OTH,ATK,CR,NEG,scenario_ethnicity_sylvia_third,ethnicity
57,theo93,12:44:15,t’es vraiment inutile,bully_support,OAG,conciliator,OTH,ATK,CR,NEG,scenario_ethnicity_sylvia_third,ethnicity
58,lucie89,12:44:17,bah y’a même pas de soucis en sah juste un batard qui a trompé sa copine et les gens s’acharnent sur la meuf avec qui il a trompé,victim_support,OAG,NULL,NCG,DFN,NULL,NEG,scenario_ethnicity_sylvia_third,ethnicity
59,Hebert,12:44:18,avec sa meuf,conciliator,NAG,NULL,NULL,OTH,NULL,NEU,scenario_ethnicity_sylvia_third,ethnicity
60,lucie89,12:44:25,alors qu’elle y est pour rien,victim_support,OAG,NULL,NCG,DFN,NULL,NEU,scenario_ethnicity_sylvia_third,ethnicity
61,theo93,12:44:32,bah voilà t’a dis le souci,bully_support,CAG,victim_support,OTH,ATK,DFN,NEG,scenario_ethnicity_sylvia_third,ethnicity
62,Hebert,12:44:32,le plus gros chien c lui,conciliator,OAG,NULL,NCG,DFN,ATK,NEG,scenario_ethnicity_sylvia_third,ethnicity
63,camille,12:44:35,haaaaa,bully_support,NAG,NULL,NULL,AIN,ATK,NEG,scenario_ethnicity_sylvia_third,ethnicity
64,Silvia-victime,12:44:37,merci les filles,victim,NAG,NULL,NULL,OTH,NULL,POS,scenario_ethnicity_sylvia_third,ethnicity
65,lucie89,12:44:37,mais comme c’est une meuf bien sûr c’est elle la pute et pas le mec,victim_support,OAG,NULL,NCG,DFN,NULL,NEU,scenario_ethnicity_sylvia_third,ethnicity
66,Hebert,12:44:43,ouais,conciliator,NAG,NULL,NULL,EMP,DFN,NEU,scenario_ethnicity_sylvia_third,ethnicity
68,lucie89,12:44:44,remettez vous en question,victim_support,OAG,NULL,NCG,DFN,NULL,NEU,scenario_ethnicity_sylvia_third,ethnicity
69,theo93,12:44:46,une pute reste une pute,bully_support,OAG,victim,DNG,ATK,DFN,NEG,scenario_ethnicity_sylvia_third,ethnicity
70,Hebert,12:44:46,logique,conciliator,NAG,NULL,NULL,EMP,DFN,NEU,scenario_ethnicity_sylvia_third,ethnicity
73,Silvia-victime,12:45:00,"Theo t'es ouf, j'ai rien fait",victim,OAG,bully_support,NCG,DFN,ATK,NEG,scenario_ethnicity_sylvia_third,ethnicity
75,camille,12:45:11,elle la chauffe ?,bully_support,OAG,victim,DNG,ATK,NULL,NEG,scenario_ethnicity_sylvia_third,ethnicity
76,theo93,12:45:16,sale serbe,bully_support,OAG,victim,DNG,ATK,DFN,NEG,scenario_ethnicity_sylvia_third,ethnicity
77,Silvia-victime,12:45:24,mais t'es raciste ?,victim,OAG,bully_support,NCG,DFN,ATK,NEG,scenario_ethnicity_sylvia_third,ethnicity
79,theo93,12:45:28,elle lui a sauter dessus oui?,bully_support,OAG,victim,OTH,ATK,DFN,NEG,scenario_ethnicity_sylvia_third,ethnicity
80,Silvia-victime,12:45:36,ben non,victim,NAG,NULL,NULL,CNS,ATK,NEU,scenario_ethnicity_sylvia_third,ethnicity
81,vanessa,12:45:41,du calm ta pas vu c grand frere,conciliator,NAG,NULL,NULL,CR,ATK,NEU,scenario_ethnicity_sylvia_third,ethnicity
95,lucie89,12:46:23,le mec il t’a sauté dessus pourtant il a une copine c’est  bien lui le problème,victim_support,OAG,NULL,OTH,DFN,ATK,NEG,scenario_ethnicity_sylvia_third,ethnicity
96,lucie89,12:46:34,t’as rien à te reprocher meuf,victim_support,OAG,NULL,OTH,DFN,ATK,NEU,scenario_ethnicity_sylvia_third,ethnicity
97,Hebert,12:46:35,tg toi je suis sur tu ttrompe ta meuf,conciliator,OAG,bully_support,OTH,DFN,ATK,NEG,scenario_ethnicity_sylvia_third,ethnicity
98,Silvia-victime,12:46:44,"si c'est moi et je me défends, comme je vous l'ai dit, je n'ai rien fait et je ne savais pour Sophie",victim,NAG,NULL,NULL,DFN,ATK,NEU,scenario_ethnicity_sylvia_third,ethnicity
99,theo93,12:46:45,et alors elle vas pleurer 💔😢💔😢💔😢,bully_support,CAG,victim_support,OTH,ATK,DFN,NEG,scenario_ethnicity_sylvia_third,ethnicity
100,camille,12:46:49,cest bon frere elle la chauffe et tout et,bully_support,OAG,victim,DNG,AIN,ATK,NEG,scenario_ethnicity_sylvia_third,ethnicity
101,theo93,12:47:11,tu savais pas pour sophie ???,bully_support,NAG,NULL,NULL,OTH,DFN,NEU,scenario_ethnicity_sylvia_third,ethnicity
102,vanessa,12:47:12,toi tu t appelle camille t toi,conciliator,CAG,bully_support,OTH,DFN,AIN,NEG,scenario_ethnicity_sylvia_third,ethnicity
103,Hebert,12:47:13,sophie elle qua mieux tenir son clebs,conciliator,CAG,bully_support,OTH,DFN,AIN,NEG,scenario_ethnicity_sylvia_third,ethnicity
104,theo93,12:47:14,bah bien sûr,bully_support,NAG,NULL,NULL,OTH,DFN,NEU,scenario_ethnicity_sylvia_third,ethnicity
105,lucie89,12:47:18,bah alors y’a aucun problème mtn à part lucas qui sait pas garder sa bite dans son caleçon,victim_support,OAG,NULL,DNG,OTH,NULL,NEG,scenario_ethnicity_sylvia_third,ethnicity
106,theo93,12:47:18,on va tous y croire,bully_support,NAG,NULL,NULL,OTH,DFN,NEU,scenario_ethnicity_sylvia_third,ethnicity
107,Silvia-victime,12:47:23,non je ne vais pas pleurer mais vous n'avez pas à m'accuser,victim,NAG,NULL,NULL,CNS,AIN,NEU,scenario_ethnicity_sylvia_third,ethnicity
108,theo93,12:47:26,tout le monde savais pour eux,bully_support,NAG,NULL,NULL,OTH,DFN,NEU,scenario_ethnicity_sylvia_third,ethnicity
109,Silvia-victime,12:47:41,je croyais que c t fini,victim,NAG,NULL,NULL,OTH,OTH,NEU,scenario_ethnicity_sylvia_third,ethnicity
110,lucie89,12:47:44,c’est qui eux même? angelina jolie et brad pitt?,victim_support,CAG,NULL,OTH,DFN,OTH,NEG,scenario_ethnicity_sylvia_third,ethnicity
111,camille,12:47:47,ba apres cest lucas le connard,bully_support,CAG,victim,OTH,ATK,CNS,NEG,scenario_ethnicity_sylvia_third,ethnicity
112,theo93,12:47:51,« je vais pas pleurer » mdr chiale,bully_support,OAG,victim,OTH,ATK,CNS,NEG,scenario_ethnicity_sylvia_third,ethnicity
113,lucie89,12:47:58,à part eux même personne n’a rien à cirer de leur couple,victim_support,CAG,NULL,OTH,DFN,OTH,NEU,scenario_ethnicity_sylvia_third,ethnicity
114,Silvia-victime,12:48:09,theo t'es lourd de ouf,victim,OAG,bully_support,OTH,DFN,ATK,NEG,scenario_ethnicity_sylvia_third,ethnicity
117,theo93,12:48:27,retourne dans ton pays salope,bully_support,OAG,victim,OTH,ATK,DFN,NEG,scenario_ethnicity_sylvia_third,ethnicity
119,Silvia-victime,12:48:37,je suis dans mon pays !,victim,NAG,NULL,NULL,CNS,ATK,NEU,scenario_ethnicity_sylvia_third,ethnicity
121,camille,12:48:41,bon les gars sylvia elle fait que sucer les profs,bully_support,OAG,victim,DNG,ATK,DFN,NEG,scenario_ethnicity_sylvia_third,ethnicity
124,lucie89,12:49:01,oh theo tu pete juste le seum prsk t’as pas réussi à pecho silvie c’est tout,victim_support,CAG,bully_support,OTH,DFN,ATK,NEG,scenario_ethnicity_sylvia_third,ethnicity
125,Silvia-victime,12:49:07,Camille t'es nul,victim,OAG,bully_support,DNG,DFN,ATK,NEG,scenario_ethnicity_sylvia_third,ethnicity
126,Hebert,12:49:15,ohhhhh,conciliator,NAG,NULL,NULL,OTH,NULL,NEU,scenario_ethnicity_sylvia_third,ethnicity
127,theo93,12:49:19,meme pas tu respecte son prenom,bully_support,NAG,NULL,NULL,OTH,DFN,NEG,scenario_ethnicity_sylvia_third,ethnicity
128,lucie89,12:49:21,c’est pas prks ton pote a réussi que tu dois peter ton seum comme ça,victim_support,CAG,bully_support,OTH,DFN,ATK,NEG,scenario_ethnicity_sylvia_third,ethnicity
129,Silvia-victime,12:49:27,c'est trop facile d'insulter les autres surtout quand on est devant son écran,victim,NAG,NULL,NULL,DFN,ATK,NEG,scenario_ethnicity_sylvia_third,ethnicity
130,camille,12:49:34,euh fgtg,bully_support,OAG,victim,OTH,ATK,DFN,NEG,scenario_ethnicity_sylvia_third,ethnicity
131,theo93,12:49:37,tu veux on t’insulte en face ?,bully_support,OAG,victim,THR,ATK,DFN,NEG,scenario_ethnicity_sylvia_third,ethnicity
132,lucie89,12:49:45,oh donc ça te touche que je respecte pas son prénom,victim_support,CAG,bully_support,OTH,DFN,OTH,NEG,scenario_ethnicity_sylvia_third,ethnicity
133,vanessa,12:49:46,vsy,conciliator,OAG,bully_support,OTH,DFN,ATK,NEG,scenario_ethnicity_sylvia_third,ethnicity
134,lucie89,12:49:50,prsk tu l’aime trop c’est ça,victim_support,CAG,bully_support,OTH,DFN,OTH,NEG,scenario_ethnicity_sylvia_third,ethnicity
135,Silvia-victime,12:49:52,grave !,victim,NAG,NULL,NULL,EMP,DFN,NEU,scenario_ethnicity_sylvia_third,ethnicity
136,lucie89,12:49:52,trop fan d’elle,victim_support,CAG,bully_support,OTH,DFN,OTH,NEG,scenario_ethnicity_sylvia_third,ethnicity
137,camille,12:49:54,dou je suis nul moi tas grand mere,bully_support,CAG,victim,OTH,ATK,DFN,NEG,scenario_ethnicity_sylvia_third,ethnicity
138,Hebert,12:50:02,moi je propose un verre tous enssemble comme ca on en rit plus tard,conciliator,NAG,NULL,NULL,CR,NULL,NEU,scenario_ethnicity_sylvia_third,ethnicity
139,theo93,12:50:05,trop fan ouais ma bestie,bully_support,CAG,victim_support,OTH,ATK,DFN,NEG,scenario_ethnicity_sylvia_third,ethnicity
140,vanessa,12:50:11,pas les grand mere,conciliator,NAG,NULL,NULL,CNS,ATK,NEU,scenario_ethnicity_sylvia_third,ethnicity
141,lucie89,12:50:22,oui tu fais copain copine avec silvia,victim_support,CAG,bully_support,OTH,DFN,ATK,NEG,scenario_ethnicity_sylvia_third,ethnicity
142,vanessa,12:50:25,vsy chaud,conciliator,OAG,bully_support,OTH,DFN,ATK,NEG,scenario_ethnicity_sylvia_third,ethnicity
143,camille,12:50:29,jer fais ce qe je veux,bully_support,NAG,NULL,NULL,OTH,DFN,NEU,scenario_ethnicity_sylvia_third,ethnicity
144,lucie89,12:50:29,copain copine et si y’a moyen on pine,victim_support,CAG,bully_support,OTH,DFN,ATK,NEG,scenario_ethnicity_sylvia_third,ethnicity
145,lucie89,12:50:39,donc le seul problème ici c’est que t’es trop fan de silvia,victim_support,CAG,bully_support,OTH,DFN,ATK,NEG,scenario_ethnicity_sylvia_third,ethnicity
148,camille,12:51:02,sylvia arrete de parlertu sers a rien,bully_support,OAG,victim,DNG,ATK,EMP,NEG,scenario_ethnicity_sylvia_third,ethnicity
149,Silvia-victime,12:51:14,j'ai le droit de dire ce que je veux,victim,NAG,NULL,NULL,CNS,ATK,NEU,scenario_ethnicity_sylvia_third,ethnicity
151,camille,12:51:34,nn tg,bully_support,OAG,victim,OTH,ATK,CNS,NEG,scenario_ethnicity_sylvia_third,ethnicity
152,lucie89,12:51:37,oh silvia j’essaye de te défendre mais tu pare vraiment comme une victime ai un peu plus de charisme cousine,victim_support,NAG,NULL,NULL,EMP,CNS,POS,scenario_ethnicity_sylvia_third,ethnicity
153,camille,12:51:46,voilaaaaaaa,bully_support,CAG,victim_support,OTH,ATK,EMP,NEG,scenario_ethnicity_sylvia_third,ethnicity
155,Silvia-victime,12:51:53,je fais ce que je peux sont trop nuls,victim,OAG,bully/bully_support,OTH,OTH,EMP,NEG,scenario_ethnicity_sylvia_third,ethnicity
157,vanessa,12:52:03,camille j te rappelle tu t appelle camille,conciliator,CAG,bully_support,OTH,DFN,ATK,NEG,scenario_ethnicity_sylvia_third,ethnicity
158,camille,12:52:30,tg vannessa ton prenom rime avec caca,bully_support,OAG,conciliator,OTH,ATK,DFN,NEG,scenario_ethnicity_sylvia_third,ethnicity
159,Hebert,12:52:37,c null,conciliator,NAG,NULL,NULL,CNS,ATK,NEG,scenario_ethnicity_sylvia_third,ethnicity
160,vanessa,12:52:52,vas faire du poney,conciliator,CAG,bully_support,OTH,DFN,ATK,NEG,scenario_ethnicity_sylvia_third,ethnicity
161,Diana,12:52:57,descendante de péripatéticien,bully_support,OAG,victim,DNG,ATK,OTH,NEG,scenario_ethnicity_sylvia_third,ethnicity
162,camille,12:52:57,tg,bully_support,OAG,conciliator,OTH,ATK,DFN,NEG,scenario_ethnicity_sylvia_third,ethnicity
163,lucie89,12:53:18,camille on a insulté ta tantine ou quoi,victim_support,CAG,bully_support,OTH,DFN,ATK,NEG,scenario_ethnicity_sylvia_third,ethnicity
164,Silvia-victime,12:53:19,Diana tu parles riche !,victim,CAG,bully_support,OTH,DFN,ATK,NEG,scenario_ethnicity_sylvia_third,ethnicity
165,lucie89,12:53:21,faut rigoler,victim_support,NAG,NULL,NULL,EMP,DFN,NEU,scenario_ethnicity_sylvia_third,ethnicity
166,Hebert,12:53:25,8) 8) 8) 8),conciliator,NAG,NULL,NULL,OTH,NULL,NEU,scenario_ethnicity_sylvia_third,ethnicity
167,Diana,12:53:45,ouais,bully_support,NAG,NULL,NULL,OTH,DFN,NEU,scenario_ethnicity_sylvia_third,ethnicity
170,lucie89,12:54:07,lucas avait qu’à garder sa teub dans son caleçon frr,victim_support,OAG,NULL,OTH,DFN,NULL,NEG,scenario_ethnicity_sylvia_third,ethnicity
0,paul_victim,14:34:01," Salut, Ellian, il fait quoi ?",victim,NAG,NULL,NULL,OTH,NULL,NEU,scenario_homophobia_Paul_fifth,homophobia
0,Ellian,14:38:53,Paul est homo se pd,bully,OAG,victim,OTH,AIN,OTH,NEG,scenario_homophobia_Paul_fifth,homophobia
1,paul_victim,14:39:27,Je voulais à la base qu'on parle de mon message et j'aurais souhaité que t'arrêtes de m'insulter en publique.,victim,OAG,bully,OTH,DFN,AIN,NEU,scenario_homophobia_Paul_fifth,homophobia
2,paul_victim,14:39:27,Si t'as un problème on peut le règler en face à face.,victim,OAG,bully,OTH,DFN,AIN,NEU,scenario_homophobia_Paul_fifth,homophobia
3,paul_victim,14:39:50,on verra qui c'est le pd,victim,OAG,bully,OTH,DFN,AIN,NEG,scenario_homophobia_Paul_fifth,homophobia
4,paul_victim,14:39:50,Injure publique,victim,OAG,bully,OTH,DFN,AIN,NEG,scenario_homophobia_Paul_fifth,homophobia
5,paul_victim,14:39:50,La peine encourue est de 1 an d'emprisonnement et de 45 000 € d'amende.,victim,OAG,bully,OTH,DFN,AIN,NEU,scenario_homophobia_Paul_fifth,homophobia
6,Camille,14:40:21,Nn mai arrête de dire ses son choix laissé le ses son corps pas le votre,victim_support,NAG,NULL,NULL,DFN,AIN,NEU,scenario_homophobia_Paul_fifth,homophobia
7,Ellian,14:40:57,Mais t’es pas un frais un homme,bully,OAG,victim,OTH,ATK,DFN,NEG,scenario_homophobia_Paul_fifth,homophobia
8,paul_victim,14:41:19,Y a des choses qu'on ne décide pas Ellian   et ça a été déjà difficile pour moi à la base de reconnaître ma sexualité,victim,NAG,NULL,NULL,CNS,ATK,NEU,scenario_homophobia_Paul_fifth,homophobia
9,Ellian,14:41:19,Sale pd,bully,OAG,victim,OTH,ATK,DFN,NEG,scenario_homophobia_Paul_fifth,homophobia
10,Ellian,14:41:19,Casse toi,bully,OAG,victim,OTH,ATK,DFN,NEG,scenario_homophobia_Paul_fifth,homophobia
11,paul_victim,14:41:35,Je pensais que t'étais mon ami à la base,victim,NAG,NULL,NULL,OTH,ATK,NEU,scenario_homophobia_Paul_fifth,homophobia
12,Camille,14:41:50,Mai stop,victim_support,NAG,NULL,NULL,CR,ATK,NEU,scenario_homophobia_Paul_fifth,homophobia
13,Ellian,14:41:56,Oe mais plus maintenant,bully,NAG,NULL,NULL,OTH,OTH,NEU,scenario_homophobia_Paul_fifth,homophobia
14,paul_victim,14:42:06,mais en fait t'es une belle enflure !,victim,OAG,bully,NCG,DFN,OTH,NEG,scenario_homophobia_Paul_fifth,homophobia
15,paul_victim,14:42:21," On ne peut pas en discuter en face, en homme.",victim,OAG,bully,NCG,DFN,OTH,NEU,scenario_homophobia_Paul_fifth,homophobia
16,paul_victim,14:42:21,Tu préfères m'insulter,victim,OAG,bully,NCG,DFN,OTH,NEG,scenario_homophobia_Paul_fifth,homophobia
17,paul_victim,14:42:33,comme si t'avais peur d'un truc,victim,OAG,bully,NCG,DFN,OTH,NEU,scenario_homophobia_Paul_fifth,homophobia
18,paul_victim,14:42:33,Peut-être t'es GAY toi aussi ?,victim,OAG,bully,NCG,DFN,OTH,NEG,scenario_homophobia_Paul_fifth,homophobia
19,paul_victim,14:42:33,T'es dans le déni !,victim,OAG,bully,NCG,DFN,OTH,NEG,scenario_homophobia_Paul_fifth,homophobia
20,Ellian,14:42:49,Si mais le problème c’est que toi t’es plus un homme t’es une tarlouse,bully,OAG,victim,OTH,ATK,DFN,NEG,scenario_homophobia_Paul_fifth,homophobia
21,paul_victim,14:43:11,Et c'est quoi le problème ?,victim,NAG,NULL,NULL,DFN,ATK,NEU,scenario_homophobia_Paul_fifth,homophobia
22,Camille,14:43:13,Oui mai ses sa le truc il rigole sur les réseaux et assume après en face,victim_support,CAG,bully,OTH,DFN,ATK,NEG,scenario_homophobia_Paul_fifth,homophobia
23,paul_victim,14:43:35,Je ne suis plus un homme ?,victim,NAG,NULL,NULL,DFN,ATK,NEU,scenario_homophobia_Paul_fifth,homophobia
24,Ellian,14:43:44,Oe,bully,CAG,victim,OTH,ATK,DFN,NEG,scenario_homophobia_Paul_fifth,homophobia
25,paul_victim,14:43:56,Parce qu'un homme doit être viril et être hétéro ?,victim,NAG,NULL,NULL,DFN,ATK,NEU,scenario_homophobia_Paul_fifth,homophobia
26,Camille,14:43:56,Il a pas coupé sa bite donc ses toujours un homme,victim_support,NAG,NULL,NULL,DFN,ATK,NEU,scenario_homophobia_Paul_fifth,homophobia
27,paul_victim,14:44:13,J'ai toujours ma GROSSE BITE,victim,OAG,bully,OTH,DFN,ATK,NEU,scenario_homophobia_Paul_fifth,homophobia
28,paul_victim,14:44:13,contrairement à toi!,victim,OAG,bully,OTH,DFN,ATK,NEG,scenario_homophobia_Paul_fifth,homophobia
29,Ellian,14:44:46,Va te faire enculer,bully,OAG,victim,OTH,ATK,DFN,NEG,scenario_homophobia_Paul_fifth,homophobia
30,Ellian,14:44:46,Et oe ta plus de bite salle merde,bully,OAG,victim,OTH,ATK,DFN,NEG,scenario_homophobia_Paul_fifth,homophobia
31,Camille,14:45:08,Il utilise sont engin comme il veut,victim_support,NAG,NULL,NULL,DFN,ATK,NEU,scenario_homophobia_Paul_fifth,homophobia
32,paul_victim,14:45:08,Avec plaisir !,victim,NAG,NULL,NULL,OTH,ATK,NEU,scenario_homophobia_Paul_fifth,homophobia
33,paul_victim,14:45:08,:'),victim,NAG,NULL,NULL,OTH,NULL,NEU,scenario_homophobia_Paul_fifth,homophobia
34,jimmy,14:45:18,Ellian  pourquoi tu veut créer des problèmes là où il n’y en a pas,conciliator,NAG,NULL,NULL,DFN,ATK,NEG,scenario_homophobia_Paul_fifth,homophobia
35,paul_victim,14:45:27,Merci jimmy,victim,NAG,NULL,NULL,DFN,ATK,POS,scenario_homophobia_Paul_fifth,homophobia
36,paul_victim,14:45:27,J'essaie de lui faire comprendre à Ellian,victim,NAG,NULL,NULL,DFN,ATK,NEU,scenario_homophobia_Paul_fifth,homophobia
37,paul_victim,14:45:27,qu'il n'y a aucun mal à être homo,victim,NAG,NULL,NULL,DFN,ATK,NEU,scenario_homophobia_Paul_fifth,homophobia
38,paul_victim,14:45:27,en plus sérieux ça me blesse tes insultes Ellian,victim,NAG,NULL,NULL,DFN,ATK,NEG,scenario_homophobia_Paul_fifth,homophobia
39,paul_victim,14:45:27,pourquoi tu fais ça ??,victim,NAG,NULL,NULL,DFN,ATK,NEU,scenario_homophobia_Paul_fifth,homophobia
40,jimmy,14:46:09,chacun ses goûts pourquoi vouloir descendre ton propre ami,conciliator,NAG,NULL,NULL,CR,NULL,NEU,scenario_homophobia_Paul_fifth,homophobia
41,Ellian,14:46:29,Vous été tous des pédales à le défendre,bully,OAG,victim_support/conciliator,NCG,ATK,NULL,NEG,scenario_homophobia_Paul_fifth,homophobia
42,paul_victim,14:46:50,Non il n'y a aucun problème à être gay et ils l'ont compris !,victim,NAG,NULL,NULL,CNS,ATK,NEU,scenario_homophobia_Paul_fifth,homophobia
43,Camille,14:46:53,En plus si il te drague pas ses pas ton problèmE,victim_support,NAG,NULL,NULL,DFN,ATK,NEG,scenario_homophobia_Paul_fifth,homophobia
44,Ellian,14:46:58,Bande de suceurs,bully,OAG,victim/victim_support/conciliator,NCG,ATK,NULL,NEG,scenario_homophobia_Paul_fifth,homophobia
45,paul_victim,14:47:05,Je sais pas pourquoi Ellian   tu refuses d'accepter qu'on peut être different ?,victim,NAG,NULL,NULL,CNS,ATK,NEU,scenario_homophobia_Paul_fifth,homophobia
46,jimmy,14:47:38,Ellian   t’es juste entrain de blesser ton propre ami,conciliator,NAG,NULL,NULL,DFN,ATK,NEU,scenario_homophobia_Paul_fifth,homophobia
47,Ellian,14:47:53,Oe mais dieu n’a pas créé la vie comme sa,bully,NAG,NULL,NULL,OTH,CNS,NEU,scenario_homophobia_Paul_fifth,homophobia
48,Camille,14:48:01,Même si il aime les grosse bite noir laisse le tranquillE,victim_support,NAG,NULL,NULL,DFN,ATK,NEU,scenario_homophobia_Paul_fifth,homophobia
49,Ellian,14:48:12," Je m’en bas les couilles, c’est plus mon ami",bully,OAG,victim,OTH,ATK,DFN,NEG,scenario_homophobia_Paul_fifth,homophobia
50,paul_victim,14:48:15,Pourquoi l'homosexualité se retrouve-t-elle aussi dans la nature ?,victim,NAG,NULL,NULL,OTH,OTH,NEU,scenario_homophobia_Paul_fifth,homophobia
51,Ellian,14:48:16,se gros pb,bully,OAG,victim,OTH,ATK,DFN,NEG,scenario_homophobia_Paul_fifth,homophobia
52,Camille,14:48:50,Et alors au moins lui il assume qui il est,victim_support,NAG,NULL,NULL,DFN,ATK,NEU,scenario_homophobia_Paul_fifth,homophobia
53,paul_victim,14:49:02,Mon canard aimait s'accoupler avec les canards du même sexe... morts,victim,NAG,NULL,NULL,OTH,OTH,NEU,scenario_homophobia_Paul_fifth,homophobia
54,Ellian,14:49:53,A oe une vrai pedale,bully,OAG,victim,NCG,ATK,OTH,NEG,scenario_homophobia_Paul_fifth,homophobia
55,jimmy,14:50:09,Il assume en était fier certes l’annonce et plus inattendue et peut être que tu n’arrive pas à comprendre,conciliator,NAG,NULL,NULL,CNS,ATK,NEU,scenario_homophobia_Paul_fifth,homophobia
56,paul_victim,14:50:56," Ellian, dis moi seulement ce qui te fait autant haïr ma sexualité ?",victim,CAG,bully,OTH,DFN,ATK,NEG,scenario_homophobia_Paul_fifth,homophobia
57,paul_victim,14:50:56,Pourquoi tu fais ça??,victim,CAG,bully,OTH,DFN,ATK,NEU,scenario_homophobia_Paul_fifth,homophobia
58,paul_victim,14:50:56,J'essaie juste de comprendre ?,victim,CAG,bully,OTH,DFN,ATK,NEU,scenario_homophobia_Paul_fifth,homophobia
59,paul_victim,14:50:56,T'as peur de devenir homosexuel ?,victim,CAG,bully,OTH,DFN,ATK,NEU,scenario_homophobia_Paul_fifth,homophobia
60,paul_victim,14:50:56,ou tu l'es déjà peut être ?,victim,CAG,bully,OTH,DFN,ATK,NEG,scenario_homophobia_Paul_fifth,homophobia
61,jimmy,14:51:32,plutôt que de le dénigrer et le blesser essaye de le comprendre déjà que c’est dur d’assumer,conciliator,NAG,NULL,NULL,CNS,ATK,NEU,scenario_homophobia_Paul_fifth,homophobia
62,Ellian,14:52:16,Nn c’est juste que j’accepte pas que « mon pote » soit un pd,bully,OAG,victim,NCG,ATK,DFN,NEG,scenario_homophobia_Paul_fifth,homophobia
63,paul_victim,14:52:27,Pourquoi?,victim,NAG,NULL,NULL,DFN,ATK,NEU,scenario_homophobia_Paul_fifth,homophobia
64,paul_victim,14:52:27,Je suis pas amoureux de toi de toute façon,victim,NAG,NULL,NULL,DFN,ATK,NEU,scenario_homophobia_Paul_fifth,homophobia
65,paul_victim,14:52:27,je voulais juste te partager ce secret entre nous,victim,NAG,NULL,NULL,DFN,ATK,NEU,scenario_homophobia_Paul_fifth,homophobia
66,jimmy,14:52:57,ta peur qu’il te fasse quelque chose,conciliator,NAG,NULL,NULL,DFN,ATK,NEU,scenario_homophobia_Paul_fifth,homophobia
67,paul_victim,14:52:59,je pensais pas que t'aurais pu le partager avec tout le monde,victim,NAG,NULL,NULL,DFN,ATK,NEU,scenario_homophobia_Paul_fifth,homophobia
68,Ellian,14:53:03," Heureusement, sale pd de merde",bully,OAG,victim,NCG,ATK,DFN,NEG,scenario_homophobia_Paul_fifth,homophobia
69,paul_victim,14:53:04,et m'insulter comme ça après,victim,NAG,NULL,NULL,DFN,ATK,NEG,scenario_homophobia_Paul_fifth,homophobia
70,paul_victim,14:53:15,ça me déçoit,victim,NAG,NULL,NULL,DFN,ATK,NEG,scenario_homophobia_Paul_fifth,homophobia
0,<Emilie-Harceleur>,[2:34:16 PM],Alors julie t'ai dégeulasse de sortir avec une gadji bande de salopes,bully,OAG,victim,DNG,AIN,NULL,NEG,scenario_homophobia_julie,homophobia
1,<Julie-Victime>,[2:35:10 PM],allo mme est homophobe,victim,OAG,bully,NCG,DFN,AIN,NEG,scenario_homophobia_julie,homophobia
2,<Emilie-Harceleur>,[2:36:50 PM],mais tu veut quoi toi retourne avec ta gadji et assume au passant que vous ètent lesbiennes sa dégouteeee,bully,OAG,victim,DNG,ATK,DFN,NEG,scenario_homophobia_julie,homophobia
3,<Julie-Victime>,[2:37:56 PM]," on est pas ensemble déjà puis même si c'était le cas,  ça ne te regarde pas et je vois pas en quoi ça te concerne",victim,NAG,NULL,NULL,CNS,ATK,NEG,scenario_homophobia_julie,homophobia
4,<Anna-Soutien-Harceleur>,[2:38:49 PM],mais grave bande de lesbiennes vous degoutée aaaaah,bully_support,OAG,victim,DNG,ATK,CNS,NEG,scenario_homophobia_julie,homophobia
5,<Emilie-Harceleur>,[2:39:43 PM],mais olalala frr assume t'aime les ch*ttes mais tu dégoute meme anna elle le dit,bully,OAG,victim,DNG,ATK,CNS,NEG,scenario_homophobia_julie,homophobia
6,<Marie-Soutien-Victime>,[2:39:54 PM],laissé la tranquille elle n'est pas avec elle elle vous a dit,victim_support,NAG,NULL,NULL,CNS,ATK,NEU,scenario_homophobia_julie,homophobia
7,<Anna-Soutien-Harceleur>,[2:40:16 PM],mais assumer vous degouter bande de crasseuse,bully_support,OAG,victim,DNG,ATK,CNS,NEG,scenario_homophobia_julie,homophobia
8,<Emilie-Harceleur>,[2:40:17 PM],mais ya eu des photos pk elle mito,bully,OAG,victim,NCG,ATK,CNS,NEU,scenario_homophobia_julie,homophobia
9,<Anna-Soutien-Harceleur>,[2:40:24 PM],grave on a tous vu,bully_support,NAG,NULL,NULL,AIN,ATK,NEU,scenario_homophobia_julie,homophobia
10,<Emilie-Harceleur>,[2:40:28 PM],grosse crasseuse,bully,OAG,victim,NCG,ATK,CNS,NEG,scenario_homophobia_julie,homophobia
11,<Anna-Soutien-Harceleur>,[2:40:41 PM],grave abuser vous me degoutez,bully_support,OAG,victim,DNG,AIN,ATK,NEG,scenario_homophobia_julie,homophobia
12,<Julie-Victime>,[2:40:57 PM],putain mais laissez nous tranquille jvous dis qu'on est pas ensemble point,victim,NAG,NULL,NULL,CNS,ATK,NEG,scenario_homophobia_julie,homophobia
13,<Anna-Soutien-Harceleur>,[2:41:09 PM],mais assume grosse pute,bully_support,OAG,victim,NCG,ATK,CNS,NEG,scenario_homophobia_julie,homophobia
14,<Emilie-Harceleur>,[2:41:17 PM],wshhh elodie dit leur on a vu leur sal photo,bully,OAG,victim,DNG,ATK,NULL,NEG,scenario_homophobia_julie,homophobia
15,<Julie-Victime>,[2:41:44 PM]," tu m'étonnes que vous l'avez vue,  c'est vous qu'il l'avez prises connasses",victim,OAG,bully/bully_support,NCG,DFN,ATK,NEG,scenario_homophobia_julie,homophobia
16,<Anna-Soutien-Harceleur>,[2:42:02 PM],ftg grosse salope,bully_support,OAG,victim,OTH,ATK,DFN,NEG,scenario_homophobia_julie,homophobia
17,<Julie-Victime>,[2:42:25 PM],tu sais dire d'autres choses à part ça ?,victim,CAG,bully_support,OTH,DFN,ATK,NEG,scenario_homophobia_julie,homophobia
18,<Elodie-Soutien-Harceleur>,[2:42:48 PM],anna bebe t ou,bully_support,NAG,NULL,NULL,OTH,NULL,NEU,scenario_homophobia_julie,homophobia
20,<Marie-Soutien-Victime>,[2:42:52 PM],ça se fait pas en plus de prendre en photos,victim_support,NAG,NULL,NULL,CNS,ATK,NEG,scenario_homophobia_julie,homophobia
21,<Elodie-Soutien-Harceleur>,[2:43:07 PM],mais cest des gouines,bully_support,OAG,victim,NCG,ATK,CNS,NEG,scenario_homophobia_julie,homophobia
22,<Emilie-Harceleur>,[2:43:19 PM],et toi tu sais que la vie c'est homme femme pas femme femme salope,bully,OAG,victim,NCG,ATK,DFN,NEG,scenario_homophobia_julie,homophobia
23,<Julie-Victime>,[2:43:35 PM]," on est pas gouines,  je lui tenais la main pour la réconforter y a quoi ? laissez-nous vivre",victim,NAG,NULL,NULL,CNS,ATK,NEU,scenario_homophobia_julie,homophobia
24,<Anna-Soutien-Harceleur>,[2:43:46 PM],assume c pas compliquer,bully_support,OAG,victim,OTH,ATK,CNS,NEG,scenario_homophobia_julie,homophobia
25,<Elodie-Soutien-Harceleur>,[2:43:48 PM],bande de gouines,bully_support,OAG,victim,NCG,AIN,NULL,NEG,scenario_homophobia_julie,homophobia
26,<Emilie-Harceleur>,[2:43:54 PM],la réconforter et la galoche après,bully,CAG,victim,OTH,ATK,CNS,NEG,scenario_homophobia_julie,homophobia
27,<Anna-Soutien-Harceleur>,[2:43:55 PM],bande de crasseuse,bully_support,OAG,victim,NCG,AIN,NULL,NEG,scenario_homophobia_julie,homophobia
28,<Elodie-Soutien-Harceleur>,[2:43:55 PM],taimes les filles,bully_support,OAG,victim,OTH,ATK,CNS,NEG,scenario_homophobia_julie,homophobia
29,<Julie-Victime>,[2:43:59 PM]," y'a rien à assumer,  puisqu'y a r",victim,NAG,NULL,NULL,CNS,ATK,NEU,scenario_homophobia_julie,homophobia
30,<Elodie-Soutien-Harceleur>,[2:44:00 PM],burk sa me degoute,bully_support,OAG,victim,OTH,ATK,CNS,NEG,scenario_homophobia_julie,homophobia
31,<Julie-Victime>,[2:44:08 PM],mellez-vous de votre cul,victim,OAG,bully_support,OTH,DFN,ATK,NEG,scenario_homophobia_julie,homophobia
32,<Anna-Soutien-Harceleur>,[2:44:09 PM],assume que t'aime les filles c tout connasse,bully_support,OAG,victim,NCG,ATK,CNS,NEG,scenario_homophobia_julie,homophobia
33,<Marie-Soutien-Victime>,[2:44:13 PM],elle etait juste en train de la rassurer cest rien,victim_support,NAG,NULL,NULL,CNS,ATK,NEU,scenario_homophobia_julie,homophobia
34,<Elodie-Soutien-Harceleur>,[2:44:17 PM],cul de crasseuse,bully_support,OAG,victim,NCG,ATK,DFN,NEG,scenario_homophobia_julie,homophobia
35,<Anna-Soutien-Harceleur>,[2:44:20 PM],on fait ce qu'on veut grosse chienne,bully_support,OAG,victim,NCG,ATK,DFN,NEG,scenario_homophobia_julie,homophobia
36,<Julie-Victime>,[2:44:36 PM],tg saloppe,victim,OAG,bully_support,OTH,DFN,ATK,NEG,scenario_homophobia_julie,homophobia
37,<Elodie-Soutien-Harceleur>,[2:44:43 PM],marie tg,bully_support,OAG,victim_support,OTH,ATK,CNS,NEG,scenario_homophobia_julie,homophobia
38,<Anna-Soutien-Harceleur>,[2:44:50 PM],grosse pute va,bully_support,OAG,victim,NCG,ATK,DFN,NEG,scenario_homophobia_julie,homophobia
39,<Elodie-Soutien-Harceleur>,[2:44:55 PM],saloperie,bully_support,OAG,victim,NCG,AIN,ATK,NEG,scenario_homophobia_julie,homophobia
40,<Anna-Soutien-Harceleur>,[2:45:10 PM],on dit que la vérité grosse pute,bully_support,OAG,victim,NCG,GSL,DFN,NEG,scenario_homophobia_julie,homophobia
41,<Elodie-Soutien-Harceleur>,[2:45:12 PM],chienne que tes ont aimes pas les lesbienne ici,bully_support,OAG,victim,OTH,ATK,DFN,NEG,scenario_homophobia_julie,homophobia
42,<Emilie-Harceleur>,[2:45:13 PM],bref venais on les vire de la classe c'est grosse crasseuse,bully,OAG,victim/victim_support,OTH,ATK,NULL,NEG,scenario_homophobia_julie,homophobia
43,<Elodie-Soutien-Harceleur>,[2:45:23 PM],qui les supp du groupe la,bully_support,OAG,victim/victim_support,OTH,AIN,ATK,NEG,scenario_homophobia_julie,homophobia
44,<Anna-Soutien-Harceleur>,[2:45:38 PM],je vais les supprimer,bully_support,OAG,victim/victim_support,OTH,AIN,ATK,NEG,scenario_homophobia_julie,homophobia
45,<Elodie-Soutien-Harceleur>,[2:45:38 PM],on veut pas de sa ici,bully_support,OAG,victim/victim_support,OTH,AIN,ATK,NEG,scenario_homophobia_julie,homophobia
46,<Anna-Soutien-Harceleur>,[2:45:45 PM],grave pas de crasseuse,bully_support,OAG,victim/victim_support,OTH,AIN,AIN,NEG,scenario_homophobia_julie,homophobia
47,<Elodie-Soutien-Harceleur>,[2:45:47 PM],enfiiin,bully_support,OAG,victim/victim_support,OTH,AIN,ATK,NEG,scenario_homophobia_julie,homophobia
48,<Anna-Soutien-Harceleur>,[2:45:53 PM],me degoute,bully_support,OAG,victim/victim_support,OTH,AIN,AIN,NEG,scenario_homophobia_julie,homophobia
49,<Elodie-Soutien-Harceleur>,[2:45:56 PM],burk bande de chienne,bully_support,OAG,victim/victim_support,NCG,ATK,NULL,NEG,scenario_homophobia_julie,homophobia
50,<Arthur-Conciliateur>,[2:46:02 PM],c'est bon chacun fait ce qu'il veut aucune d'entre vous n'aimerait faire faire insulter alors pourquoi vous continuer,conciliator,NAG,NULL,NULL,CR,NULL,NEU,scenario_homophobia_julie,homophobia
51,<Julie-Victime>,[2:46:10 PM],ça se voit vous êtes pas des potes si ça vous est jamais de réconforter votre pote,victim,NAG,NULL,NULL,OTH,NULL,NEU,scenario_homophobia_julie,homophobia
52,<Elodie-Soutien-Harceleur>,[2:46:18 PM],on sen blkkkkk mais fort,bully_support,OAG,victim,OTH,ATK,OTH,NEG,scenario_homophobia_julie,homophobia
53,<Anna-Soutien-Harceleur>,[2:46:30 PM],mais ftg,bully_support,OAG,victim,OTH,ATK,OTH,NEG,scenario_homophobia_julie,homophobia
54,<Julie-Victime>,[2:46:37 PM],bah alors tais-toi et laisse-nous vivre,victim,OAG,bully_support,OTH,DFN,ATK,NEG,scenario_homophobia_julie,homophobia
55,<Anna-Soutien-Harceleur>,[2:46:37 PM],assume que t gouine c tout grosse pute va,bully_support,OAG,victim,OTH,ATK,OTH,NEG,scenario_homophobia_julie,homophobia
56,<Elodie-Soutien-Harceleur>,[2:46:46 PM],faut assumer frr,bully_support,NAG,NULL,NULL,AIN,ATK,NEG,scenario_homophobia_julie,homophobia
57,<Emilie-Harceleur>,[2:46:46 PM],mais c'est pas notre pote  deja,bully,OAG,victim,OTH,ATK,CR,NEG,scenario_homophobia_julie,homophobia
58,<Anna-Soutien-Harceleur>,[2:46:56 PM],lvdm assume saliope,bully_support,OAG,victim,NCG,ATK,DFN,NEG,scenario_homophobia_julie,homophobia
59,<Julie-Victime>,[2:46:57 PM],c'est quoi le rapport entre être gouine et être une pute ?,victim,NAG,NULL,NULL,DFN,ATK,NEU,scenario_homophobia_julie,homophobia
60,<Anna-Soutien-Harceleur>,[2:46:57 PM],salope,bully_support,OAG,victim,NCG,ATK,DFN,NEG,scenario_homophobia_julie,homophobia
61,<Elodie-Soutien-Harceleur>,[2:47:05 PM],pute et gouine cla meme,bully_support,OAG,victim,NCG,ATK,DFN,NEG,scenario_homophobia_julie,homophobia
62,<Julie-Victime>,[2:47:05 PM],ça te dérange si c'était le cas ?,victim,NAG,NULL,NULL,DFN,ATK,NEU,scenario_homophobia_julie,homophobia
63,<Anna-Soutien-Harceleur>,[2:47:08 PM],ftg,bully_support,OAG,victim,OTH,ATK,DFN,NEG,scenario_homophobia_julie,homophobia
64,<Elodie-Soutien-Harceleur>,[2:47:08 PM],oui les garcons avec les filles pas filleet fille c degeulasse,bully_support,OAG,victim,DNG,ATK,DFN,NEG,scenario_homophobia_julie,homophobia
65,<Anna-Soutien-Harceleur>,[2:47:24 PM],grave vous me degouter,bully_support,OAG,victim,DNG,AIN,ATK,NEG,scenario_homophobia_julie,homophobia
66,<Julie-Victime>,[2:47:37 PM],t'as un problème va te faire soigner sale homophobe,victim,OAG,bully_support,OTH,DFN,ATK,NEG,scenario_homophobia_julie,homophobia
67,<Emilie-Harceleur>,[2:47:42 PM],exactement stv on te fait un cour crasseuse,bully,OAG,victim,DNG,AIN,ATK,NEG,scenario_homophobia_julie,homophobia
68,<Anna-Soutien-Harceleur>,[2:47:53 PM],c toi ta un problème grosse pute,bully_support,OAG,victim,NCG,GSL,DFN,NEG,scenario_homophobia_julie,homophobia
69,<Arthur-Conciliateur>,[2:47:53 PM],mais calmez-vous chaqu'un s'est préférence,conciliator,NAG,NULL,NULL,CR,NULL,NEU,scenario_homophobia_julie,homophobia
70,<Elodie-Soutien-Harceleur>,[2:47:57 PM],ftg c toi la gouine tu parle avec nous sombre pute wallah t ki,bully_support,OAG,victim,NCG,ATK,DFN,NEG,scenario_homophobia_julie,homophobia
71,<Emilie-Harceleur>,[2:48:22 PM],on va dire a un gadjo de la violer sa va lui remettre les idée en place,bully,OAG,victim,THR,AIN,NULL,NEG,scenario_homophobia_julie,homophobia
72,<Elodie-Soutien-Harceleur>,[2:48:30 PM],graaave,bully_support,NAG,NULL,NULL,AIN,AIN,NEG,scenario_homophobia_julie,homophobia
73,<Anna-Soutien-Harceleur>,[2:48:33 PM],mais grave wlh,bully_support,NAG,NULL,NULL,AIN,AIN,NEG,scenario_homophobia_julie,homophobia
74,<Elodie-Soutien-Harceleur>,[2:48:46 PM],elles vont voir ce que c de ce faire peter le q,bully_support,OAG,victim,OTH,AIN,ATK,NEG,scenario_homophobia_julie,homophobia
75,<Anna-Soutien-Harceleur>,[2:48:47 PM],bande de pute va mais grave elle vont voir,bully_support,OAG,victim,OTH,AIN,ATK,NEG,scenario_homophobia_julie,homophobia
76,<Julie-Victime>,[2:49:04 PM],mais t'es une grande malade toi,victim,OAG,bully,OTH,DFN,ATK,NEG,scenario_homophobia_julie,homophobia
77,<Elodie-Soutien-Harceleur>,[2:49:06 PM],un zizi pas de chatte,bully_support,OAG,victim,OTH,ATK,NULL,NEG,scenario_homophobia_julie,homophobia
78,<Julie-Victime>,[2:49:11 PM],t'as des problèmes pour dire des choses pareil,victim,OAG,bully,OTH,DFN,ATK,NEG,scenario_homophobia_julie,homophobia
79,<Anna-Soutien-Harceleur>,[2:49:14 PM],:') :') :') :') :') :'),bully_support,NAG,NULL,NULL,OTH,NULL,NEU,scenario_homophobia_julie,homophobia
80,<Julie-Victime>,[2:49:17 PM],tu te rends compte de ce que tu dis là ??,victim,NAG,NULL,NULL,CNS,ATK,NEU,scenario_homophobia_julie,homophobia
81,<Elodie-Soutien-Harceleur>,[2:49:25 PM],je rigole roh,bully_support,OAG,victim,OTH,ATK,CNS,NEG,scenario_homophobia_julie,homophobia
82,<Anna-Soutien-Harceleur>,[2:49:26 PM],ftg tu vas kiffer,bully_support,OAG,victim,OTH,ATK,CNS,NEG,scenario_homophobia_julie,homophobia
83,<Elodie-Soutien-Harceleur>,[2:49:30 PM],un peu d'humour,bully_support,NAG,NULL,NULL,GSL,CNS,NEG,scenario_homophobia_julie,homophobia
84,<Emilie-Harceleur>,[2:49:35 PM],ptdrrr grvvv et arthur ta channgé jte croyais pas comme sa quoi toiausssi tai pd,bully,NAG,NULL,NULL,GSL,CR,NEG,scenario_homophobia_julie,homophobia
85,<Arthur-Conciliateur>,[2:49:41 PM]," mais arrêter c'est exessif la vous aimeriez etre a sa place et qu'on vous dises la meme chose ?! Non,  parce que personne ne mérite ca ",conciliator,NAG,NULL,NULL,CR,NULL,NEU,scenario_homophobia_julie,homophobia
86,<Elodie-Soutien-Harceleur>,[2:49:44 PM],ouais arthur xsh t sah,bully_support,NAG,NULL,NULL,OTH,GSL,NEG,scenario_homophobia_julie,homophobia
87,<Anna-Soutien-Harceleur>,[2:49:50 PM],mais grave putain c chaud,bully_support,NAG,NULL,NULL,AIN,OTH,NEG,scenario_homophobia_julie,homophobia
88,<Julie-Victime>,[2:49:53 PM]," allo le viol c'est pas une blague grosse bouffonne,  va falloir avoir des valeurs un peu là un minimum",victim,OAG,bully_support,NCG,DFN,ATK,NEG,scenario_homophobia_julie,homophobia
89,<Marie-Soutien-Victime>,[2:49:54 PM],laissé la tranquille elle a le droit d'aimer qui elle veut,victim_support,NAG,NULL,NULL,CNS,ATK,NEU,scenario_homophobia_julie,homophobia
90,<Elodie-Soutien-Harceleur>,[2:49:59 PM],c une blague les gens qui retournent leur veste la tous des hypocrites la,bully_support,OAG,victim,OTH,GSL,DFN,NEG,scenario_homophobia_julie,homophobia
91,<Anna-Soutien-Harceleur>,[2:50:13 PM],mais grave que des traitres,bully_support,OAG,victim,NCG,AIN,GSL,NEG,scenario_homophobia_julie,homophobia
92,<Elodie-Soutien-Harceleur>,[2:50:28 PM],on est pas de fucking monde,bully_support,OAG,victim,OTH,GSL,DFN,NEG,scenario_homophobia_julie,homophobia
93,<Julie-Victime>,[2:50:33 PM]," si vous ne disiez pas n'importe quoi aussi,  les gens seraient peut-êtr eun peu avec vous",victim,OAG,bully_support,OTH,DFN,GSL,NEG,scenario_homophobia_julie,homophobia
94,<Anna-Soutien-Harceleur>,[2:50:36 PM],ptddddrrrrrrr mais la blague,bully_support,CAG,victim,OTH,ATK,DFN,NEG,scenario_homophobia_julie,homophobia
95,<Elodie-Soutien-Harceleur>,[2:50:44 PM],rien a foutre PAS DE GOUINE ICI,bully_support,OAG,victim,NCG,ATK,DFN,NEG,scenario_homophobia_julie,homophobia
96,<Emilie-Harceleur>,[2:50:52 PM],bande de crasseux meme arthur on va te degager de la classe,bully,OAG,victim/victim_support/conciliator,OTH,AIN,ATK,NEG,scenario_homophobia_julie,homophobia
97,<Julie-Victime>,[2:50:55 PM]," mais vous allez trop loin,  vous dites n'importes quoi alors vous méritez les deux connasses",victim,OAG,bully_support,OTH,DFN,ATK,NEG,scenario_homophobia_julie,homophobia
98,<Anna-Soutien-Harceleur>,[2:51:02 PM],on va pas de sa iciiiii merde,bully_support,OAG,victim,OTH,ATK,DFN,NEG,scenario_homophobia_julie,homophobia
99,<Emilie-Harceleur>,[2:51:03 PM],STOP LESBIENNES !!!!,bully,OAG,victim/victim_support/conciliator,OTH,ATK,NULL,NEG,scenario_homophobia_julie,homophobia
100,<Anna-Soutien-Harceleur>,[2:51:10 PM],DEHORSSSSS,bully_support,OAG,victim/victim_support/conciliator,OTH,AIN,ATK,NEG,scenario_homophobia_julie,homophobia
101,<Emilie-Harceleur>,[2:51:21 PM],tchaoooooo,bully,CAG,victim/victim_support/conciliator,OTH,ATK,NULL,NEG,scenario_homophobia_julie,homophobia
102,<Julie-Victime>,[2:51:21 PM],allez-y dégagez nous vous allez faire quoi ?,victim,OAG,bully_support,OTH,DFN,AIN,NEG,scenario_homophobia_julie,homophobia
104,<Julie-Victime>,[2:51:30 PM],c'est les homophobes qu'on dégage pas nous,victim,OAG,bully/bully_support,NCG,DFN,NULL,NEG,scenario_homophobia_julie,homophobia
2,JulieVictime,11:00:05,Franchement ça se fait pas ce que vous avez fait !,victim,NAG,NULL,NULL,OTH,NULL,NEU,scenario_homophobia_julie_bis,homophobia
3,Emilie,11:02:24,retourne sucer des bite,bully,OAG,victim,DNG,ATK,OTH,NEG,scenario_homophobia_julie_bis,homophobia
4,Marie36,11:02:36,Cherrrr,victim_support,NAG,NULL,NULL,OTH,NULL,NEU,scenario_homophobia_julie_bis,homophobia
5,Anna35,11:02:51,allez suce em,bully_support,OAG,victim,DNG,AIN,ATK,NEG,scenario_homophobia_julie_bis,homophobia
6,JulieVictime,11:02:58,rien à voir Emilie tu es vraiment pas intelligente,victim,OAG,bully,DNG,DFN,ATK,NEG,scenario_homophobia_julie_bis,homophobia
7,Anna35,11:03:21,suck ur mum,bully_support,OAG,victim,OTH,ATK,DFN,NEG,scenario_homophobia_julie_bis,homophobia
8,Marie36,11:03:35,Et ça gaz,victim_support,NAG,NULL,NULL,OTH,NULL,NEU,scenario_homophobia_julie_bis,homophobia
10,Arthur,11:03:41,t'inquète pas il sont salé,conciliator,OAG,bully/bully_support,DNG,EMP,DFN,NEG,scenario_homophobia_julie_bis,homophobia
11,elodie65,11:04:04,mettez vous aux hommes c'est mieux,bully_support,OAG,victim,OTH,ATK,DFN,NEG,scenario_homophobia_julie_bis,homophobia
12,JulieVictime,11:04:12,Avec Léa on comprend vraiment pas votre démarche,victim,NAG,NULL,NULL,DFN,NULL,NEU,scenario_homophobia_julie_bis,homophobia
13,Marie36,11:04:31,J’ai la démarche d’umtiti pour ça,victim_support,NAG,NULL,NULL,OTH,DFN,NEU,scenario_homophobia_julie_bis,homophobia
14,Emilie,11:04:33,elodie et anna vous etes vraiment gay a faire des baille dans la salle de classe quand ya personne,bully,CAG,victim,OTH,ATK,NULL,NEG,scenario_homophobia_julie_bis,homophobia
15,Marie36,11:04:53,Oue vous fêtes le ciseaux,victim_support,CAG,bully_support,OTH,DFN,ATK,NEG,scenario_homophobia_julie_bis,homophobia
16,JulieVictime,11:05:30,C'est pas parce que vous êtes en avance sur votre age que tout le monde doit faire des trucs avec les zizi des garçon,victim,NAG,NULL,NULL,DFN,ATK,NEG,scenario_homophobia_julie_bis,homophobia
17,Arthur,11:05:34,vous devrait être plus ouvert a ce que les autre fond,conciliator,NAG,NULL,NULL,CR,NULL,NEU,scenario_homophobia_julie_bis,homophobia
18,JulieVictime,11:05:36,chaque chose en son temps et vous êtes juste jalouse parce que vous avez pas de relation amicale aussi cool que la notre,victim,NAG,NULL,NULL,DFN,ATK,NEG,scenario_homophobia_julie_bis,homophobia
19,elodie65,11:06:06,elles ont cas pas s'afficher devant tout le monde c'est deguelasse,bully_support,OAG,victim,DNG,ATK,CR,NEG,scenario_homophobia_julie_bis,homophobia
20,Emilie,11:06:15,askip Anna elle fait des baille avec son pere,bully,CAG,victim,DNG,ATK,CR,NEG,scenario_homophobia_julie_bis,homophobia
21,Marie36,11:06:19,Sa se fait pas Je suce son père donc stop,victim_support,NAG,NULL,NULL,DFN,ATK,NEG,scenario_homophobia_julie_bis,homophobia
22,Arthur,11:06:40,Emilie just parce que t'a jamais des queue tu doit pas être jalouse,conciliator,NAG,NULL,NULL,DFN,ATK,NEG,scenario_homophobia_julie_bis,homophobia
23,JulieVictime,11:07:08,et puis Marie tu n'as jamais de vue sur tes snap c'est la première fois que tout le monde share ton truc,victim,NAG,NULL,NULL,OTH,DFN,NEU,scenario_homophobia_julie_bis,homophobia
24,Marie36,11:07:21,Et alors elle fait ce qu’elle veut,victim_support,NAG,NULL,NULL,OTH,OTH,NEG,scenario_homophobia_julie_bis,homophobia
25,JulieVictime,11:07:28,tout ça pour devenir populaire,victim,NAG,NULL,NULL,OTH,OTH,NEG,scenario_homophobia_julie_bis,homophobia
26,Arthur,11:07:38,Juile et Léa sa serve a rien de les écoutés il sont trop con,conciliator,OAG,bully/bully_support,NCG,EMP,OTH,NEG,scenario_homophobia_julie_bis,homophobia
27,Marie36,11:07:51,Si le savoir est une arme et bas bz ta mère,victim_support,OAG,conciliator,OTH,ATK,EMP,NEG,scenario_homophobia_julie_bis,homophobia
28,Emilie,11:07:53,qui veut les nudes de Elodie,bully,NAG,NULL,NULL,OTH,NULL,NEU,scenario_homophobia_julie_bis,homophobia
29,JulieVictime,11:08:03,mais arretez ! c'est pas comme ça qu'on se fait des followers on peux aussi être vertueux,victim,NAG,NULL,NULL,OTH,NULL,NEU,scenario_homophobia_julie_bis,homophobia
30,Marie36,11:08:49,C’est pas comme ça qu’on imagine la vie,victim_support,OAG,bully,OTH,OTH,OTH,NEU,scenario_homophobia_julie_bis,homophobia
31,JulieVictime,11:08:52,pas dans la haine tout le temps,victim,NAG,NULL,NULL,OTH,OTH,NEU,scenario_homophobia_julie_bis,homophobia
32,Marie36,11:09:07,Va baiser ta mère sale fils de pute,victim_support,OAG,bully,OTH,OTH,OTH,NEG,scenario_homophobia_julie_bis,homophobia
33,Anna35,11:09:11,on leur commence un only fans,bully_support,OAG,victim/victim_support,OTH,ATK,NULL,NEG,scenario_homophobia_julie_bis,homophobia
34,JulieVictime,11:09:17,c'est pas comme ça qu'on se fait des vraiment amis,victim,NAG,NULL,NULL,OTH,OTH,NEU,scenario_homophobia_julie_bis,homophobia
35,elodie65,11:09:23,mdrrrr adam et eve vous connaissez ?,bully_support,CAG,victim,OTH,ATK,OTH,NEG,scenario_homophobia_julie_bis,homophobia
36,JulieVictime,11:09:31,c'est quoi only fan ?,victim,NAG,NULL,NULL,OTH,OTH,NEU,scenario_homophobia_julie_bis,homophobia
37,Emilie,11:09:33,la daronne a anna je lui fait un boulot,bully,NAG,NULL,NULL,OTH,OTH,NEU,scenario_homophobia_julie_bis,homophobia
38,JulieVictime,11:10:07,Quel rapport avec la maman de Anna,victim,NAG,NULL,NULL,OTH,OTH,NEU,scenario_homophobia_julie_bis,homophobia
39,elodie65,11:10:29,pas mal l'education en mode ciseaux,bully_support,CAG,victim,OTH,ATK,OTH,NEG,scenario_homophobia_julie_bis,homophobia
40,JulieVictime,11:10:32,franchement vous êtes trop des haters,victim,OAG,bully,OTH,DFN,ATK,NEG,scenario_homophobia_julie_bis,homophobia
41,elodie65,11:10:57,quesque haters,bully_support,CAG,victim,OTH,ATK,DFN,NEG,scenario_homophobia_julie_bis,homophobia
42,Arthur,11:10:57,vous n'avez rien d'autre a faire?,conciliator,NAG,NULL,NULL,DFN,ATK,NEG,scenario_homophobia_julie_bis,homophobia
43,Anna35,11:11:32,Arthur sur ces genoux pour le plan a 3,bully_support,OAG,conciliator,OTH,ATK,DFN,NEG,scenario_homophobia_julie_bis,homophobia
44,elodie65,11:11:35,allez faire des manifestations ca va faire avancer la science,bully_support,CAG,conciliator,OTH,ATK,DFN,NEG,scenario_homophobia_julie_bis,homophobia
45,JulieVictime,11:11:50,les haters c'est les gens qui sont frustré qui subissent leurs vies et qui du coup essaie de s'en faire une en se défoulant sur internet désolé si vous êtes déjà plus animé par la vie,victim,CAG,bully_support,OTH,DFN,NULL,NEG,scenario_homophobia_julie_bis,homophobia
46,elodie65,11:13:19,on est tellement triste qu'on est normal donc ferme la,bully_support,OAG,victim,OTH,ATK,DFN,NEG,scenario_homophobia_julie_bis,homophobia
47,Arthur,11:13:23,Julie perd pas ton temps a les répondre,conciliator,NAG,NULL,NULL,EMP,DFN,NEG,scenario_homophobia_julie_bis,homophobia
48,JulieVictime,11:13:46,en vrai je suis sur qu'on pourrait être pote c'est juste que vous êtes jalouses,victim,NAG,NULL,NULL,DFN,ATK,NEG,scenario_homophobia_julie_bis,homophobia
49,elodie65,11:14:13,nn je suis pas pote avec les lesbiennes,bully_support,OAG,victim,OTH,ATK,DFN,NEG,scenario_homophobia_julie_bis,homophobia
50,JulieVictime,11:14:34,t'es vraiment dans le péjugé,victim,NAG,NULL,NULL,DFN,ATK,NEG,scenario_homophobia_julie_bis,homophobia
51,Emilie,11:15:14,bon toutes les meuf qui se suce entre eux vivement la peine de mort pour vous,bully,OAG,victim,OTH,ATK,DFN,NEG,scenario_homophobia_julie_bis,homophobia
52,JulieVictime,11:15:23,on est pas lesbienne et même si on l'était je crois pas que se soit une maladie,victim,NAG,NULL,NULL,CNS,ATK,NEU,scenario_homophobia_julie_bis,homophobia
53,elodie65,11:15:29,grave je suis d'accord direction les camps de concentration,bully_support,NAG,NULL,NULL,AIN,ATK,NEG,scenario_homophobia_julie_bis,homophobia
54,JulieVictime,11:15:42,ah oui vraiment ? tu sais que Hitler il a fait ça,victim,CAG,bully_support,OTH,DFN,ATK,NEG,scenario_homophobia_julie_bis,homophobia
55,elodie65,11:15:56,hitler c'est trompé de communauté,bully_support,CAG,victim,OTH,ATK,DFN,NEG,scenario_homophobia_julie_bis,homophobia
56,JulieVictime,11:16:01,tu trouve ça cool toi les nazi ?,victim,OAG,bully_support,OTH,DFN,AIN,NEG,scenario_homophobia_julie_bis,homophobia
57,Anna35,11:16:22,oe,bully_support,OAG,victim,OTH,ATK,DFN,NEG,scenario_homophobia_julie_bis,homophobia
58,Arthur,11:16:46,ton père était pas juif Anna,conciliator,NAG,NULL,NULL,OTH,ATK,NEG,scenario_homophobia_julie_bis,homophobia
59,Emilie,11:16:50,oue oue ca va les pds,bully,OAG,victim/conciliator,NCG,ATK,NULL,NEG,scenario_homophobia_julie_bis,homophobia
60,Anna35,11:17:03,si polognais,bully_support,OAG,victim,OTH,ATK,DFN,NEG,scenario_homophobia_julie_bis,homophobia
61,JulieVictime,11:17:07,waaa mais franchement j'allucine vous vous rende compte de ce que vous dites ?,victim,OAG,bully_support,OTH,DFN,ATK,NEG,scenario_homophobia_julie_bis,homophobia
62,elodie65,11:17:31,vraiment vous degoutez les 2 personnes vous a appris la normalité,bully_support,OAG,victim,DNG,ATK,DFN,NEG,scenario_homophobia_julie_bis,homophobia
63,JulieVictime,11:17:36,la en fait je crois pas qu'on pourai devenir ami vous êtes en fait homophobes et nazi,victim,OAG,bully_support,OTH,DFN,ATK,NEG,scenario_homophobia_julie_bis,homophobia
64,elodie65,11:17:59,personne veut etre ami avec toi tqt elle va vouloir nous pecho la collg,bully_support,OAG,victim,OTH,ATK,DFN,NEG,scenario_homophobia_julie_bis,homophobia
65,JulieVictime,11:18:12,je trouve que c'est vachement plus la honte que d'être lesbienne,victim,OAG,bully_support,DNG,DFN,ATK,NEG,scenario_homophobia_julie_bis,homophobia
66,elodie65,11:18:17,collegue,bully_support,OAG,victim,OTH,ATK,DFN,NEG,scenario_homophobia_julie_bis,homophobia
67,Arthur,11:18:23,alors ton père était le premier a se doucher avec des hommes,conciliator,OAG,bully_support,DNG,DFN,ATK,NEG,scenario_homophobia_julie_bis,homophobia
68,JulieVictime,11:18:32,Arthur ? toi aussi ? tu es nazi ?,victim,NAG,NULL,NULL,OTH,DFN,NEG,scenario_homophobia_julie_bis,homophobia
69,Arthur,11:18:40,après son vacance en train,conciliator,OAG,bully_support,DNG,DFN,ATK,NEG,scenario_homophobia_julie_bis,homophobia
70,JulieVictime,11:18:41,:à,victim,NAG,NULL,NULL,OTH,NULL,NEG,scenario_homophobia_julie_bis,homophobia
71,Anna35,11:18:50,oe en auschwitz et il suce hitler,bully_support,OAG,conciliator,DNG,ATK,OTH,NEG,scenario_homophobia_julie_bis,homophobia
72,Emilie,11:18:58,ecrivez les boubou,bully,NAG,NULL,NULL,OTH,DFN,NEG,scenario_homophobia_julie_bis,homophobia
73,JulieVictime,11:19:05,les boubou ?,victim,NAG,NULL,NULL,OTH,OTH,NEU,scenario_homophobia_julie_bis,homophobia
74,Arthur,11:19:16,nan je suis pas nazi,conciliator,NAG,NULL,NULL,OTH,OTH,NEU,scenario_homophobia_julie_bis,homophobia
75,JulieVictime,11:19:21," ça veux dire quelque chose en allemand nazi ""les boubou"" ?",victim,NAG,NULL,NULL,OTH,OTH,NEU,scenario_homophobia_julie_bis,homophobia
76,JulieVictime,11:19:32,ba alors pourquoi tu fais des blagues nazies ?,victim,NAG,NULL,NULL,OTH,OTH,NEG,scenario_homophobia_julie_bis,homophobia
77,Emilie,11:19:37,bougnoul,bully,OAG,victim,NCG,ATK,OTH,NEG,scenario_homophobia_julie_bis,homophobia
78,JulieVictime,11:19:42,ah ok,victim,NAG,NULL,NULL,OTH,OTH,NEU,scenario_homophobia_julie_bis,homophobia
79,Anna35,11:19:56,cunt,bully_support,OAG,victim,NCG,ATK,OTH,NEG,scenario_homophobia_julie_bis,homophobia
80,JulieVictime,11:20:03," tu réuni en fait tous les vices du monde c'est ça Emilie ? nazi, xénophoque et homophobe ? tu aurais pas inventé la pizza à l'ananas aussi ?",victim,OAG,bully,OTH,DFN,ATK,NEG,scenario_homophobia_julie_bis,homophobia
81,Arthur,11:20:28,je pence que Emilie a plus rien a dire,conciliator,NAG,NULL,NULL,CNS,ATK,NEG,scenario_homophobia_julie_bis,homophobia
82,elodie65,11:20:31,mdrrrr prenez rdv avec votre donneur de sperm avant de venir nous faire chier,bully_support,OAG,victim,DNG,ATK,DFN,NEG,scenario_homophobia_julie_bis,homophobia
83,Emilie,11:20:37,schmutzig schwul ca veut dire sale gay en allemend,bully,OAG,victim,NCG,ATK,DFN,NEG,scenario_homophobia_julie_bis,homophobia
84,JulieVictime,11:21:06,ok moi je pense qu'en fait Emilie tu devrais trouver une passion,victim,NAG,NULL,NULL,OTH,ATK,NEU,scenario_homophobia_julie_bis,homophobia
85,Arthur,11:21:26,elle a rien d'autre a faire,conciliator,NAG,NULL,NULL,OTH,ATK,NEG,scenario_homophobia_julie_bis,homophobia
86,JulieVictime,11:21:35,Stéphane lui aussi était raciste et depuis qu'il fait du skate et bien il est pu raciste,victim,NAG,NULL,NULL,OTH,ATK,NEG,scenario_homophobia_julie_bis,homophobia
87,Anna35,11:21:45,pas les bites ca c sur,bully_support,OAG,victim,DNG,ATK,OTH,NEG,scenario_homophobia_julie_bis,homophobia
88,elodie65,11:22:01,passion des fiottes aller twerker dans une église et pleurer pendant les magnifestations gay,bully_support,OAG,victim,OTH,ATK,OTH,NEG,scenario_homophobia_julie_bis,homophobia
89,JulieVictime,11:22:33,c'est sur qu'à l'entré de l'église il doit pas te faire rentrer le videur,victim,NAG,NULL,NULL,OTH,ATK,NEG,scenario_homophobia_julie_bis,homophobia
90,Arthur,11:22:41,au moins il support ce qu'il croie,conciliator,NAG,NULL,NULL,DFN,ATK,NEU,scenario_homophobia_julie_bis,homophobia
92,JulieVictime,11:23:32,ça sert à quoi de faire ça sur les réseaux en plus ?,victim,NAG,NULL,NULL,CNS,ATK,NEG,scenario_homophobia_julie_bis,homophobia
93,Emilie,11:23:51,vient on se voit en vrai je te tabasse toi et tout tes potes gays,bully,OAG,victim/victim_support/conciliator,THR,ATK,NULL,NEG,scenario_homophobia_julie_bis,homophobia
94,elodie65,11:24:11,fais pas des blagues sur l'eglise dieu il a cree adam et eve tu leches des filles t'as pas honte,bully_support,OAG,victim,DNG,ATK,CNS,NEG,scenario_homophobia_julie_bis,homophobia
95,Arthur,11:24:22," on vas les voir Julie et Léa, je vous dis ils viendrons même pas",conciliator,NAG,NULL,NULL,CNS,ATK,NEG,scenario_homophobia_julie_bis,homophobia
96,elodie65,11:24:29,jss d'accord avec Emilie,bully_support,NAG,NULL,NULL,AIN,ATK,NEG,scenario_homophobia_julie_bis,homophobia
97,Anna35,11:24:29,on se bas avec des gods ceintures,bully_support,OAG,victim,OTH,AIN,ATK,NEG,scenario_homophobia_julie_bis,homophobia
98,JulieVictime,11:24:45,Dieu je crois pas qu'il été d'accord avec les nazi,victim,OAG,bully_support,NCG,DFN,ATK,NEG,scenario_homophobia_julie_bis,homophobia
99,JulieVictime,11:25:46,franchement tu viens du siècle dernier Emilie,victim,CAG,bully,DNG,DFN,ATK,NEG,scenario_homophobia_julie_bis,homophobia
100,Emilie,11:25:56,dieu il a nous a permit de nous reproduire mais pas entre meme sexe,bully,OAG,victim,OTH,ATK,DFN,NEG,scenario_homophobia_julie_bis,homophobia
101,elodie65,11:25:58,il etait pas d'accord avec les pédales non plus,bully_support,OAG,victim,NCG,ATK,DFN,NEG,scenario_homophobia_julie_bis,homophobia
102,JulieVictime,11:26:03,même les allemands ils étaient pas aussi raciste que toi et xénophobe,victim,OAG,bully,OTH,DFN,ATK,NEG,scenario_homophobia_julie_bis,homophobia
103,Anna35,11:26:21,un genocide c pire que ca?,bully_support,CAG,victim,OTH,ATK,DFN,NEG,scenario_homophobia_julie_bis,homophobia
104,JulieVictime,11:26:23,il l'a dit ça ?,victim,NAG,NULL,NULL,DFN,ATK,NEU,scenario_homophobia_julie_bis,homophobia
105,elodie65,11:26:35,t'as cas pas t'afficher sur les réseaux si t pas contente,bully_support,CAG,victim,OTH,ATK,DFN,NEG,scenario_homophobia_julie_bis,homophobia
106,JulieVictime,11:26:40," genre ""interdit d'être homosexuelle"" ? c'est écrit dans la bible ou dans le coran ? je me suis pas affiché ! c'est toi qui a pris la photo ! et c'est toi qui a demandé qu'on se tienne la main tu as tout monté",victim,NAG,NULL,NULL,DFN,ATK,NEG,scenario_homophobia_julie_bis,homophobia
107,elodie65,11:27:30,je m'appelle elodie pas Emilie mais elle a eu raison,bully_support,NAG,NULL,NULL,AIN,ATK,NEG,scenario_homophobia_julie_bis,homophobia
108,JulieVictime,11:27:30,de toute piece pour créer une fake news,victim,OAG,bully,OTH,DFN,ATK,NEG,scenario_homophobia_julie_bis,homophobia
109,Anna35,11:27:44,et un only fans,bully_support,CAG,victim,OTH,ATK,DFN,NEG,scenario_homophobia_julie_bis,homophobia
110,Emilie,11:27:57,des que vous sortez dans la rue tt le monde vous regarde bizzar allez sauter non,bully,OAG,victim,OTH,ATK,DFN,NEG,scenario_homophobia_julie_bis,homophobia
111,elodie65,11:28:09,grave,bully_support,OAG,victim,DNG,AIN,ATK,NEG,scenario_homophobia_julie_bis,homophobia
112,JulieVictime,11:28:26,juste vous êtes jalouse parce que personne vous regarde et puis juste on rigole bien,victim,OAG,bully,OTH,DFN,ATK,NEG,scenario_homophobia_julie_bis,homophobia
113,elodie65,11:28:38,vous etes les regetté de ce monde et vous continuez vous comprenez pas que vous etes bizzard,bully_support,OAG,victim,OTH,ATK,DFN,NEG,scenario_homophobia_julie_bis,homophobia
114,Anna35,11:28:44,allez faire une anne frank et cachez vous de notre existence dans une cave stp,bully_support,OAG,victim,DNG,ATK,DFN,NEG,scenario_homophobia_julie_bis,homophobia
115,JulieVictime,11:29:28,non on assume d'être nous,victim,NAG,NULL,NULL,DFN,ATK,NEU,scenario_homophobia_julie_bis,homophobia
116,elodie65,11:29:34,les gens qui soutiennent les gays vous etes bizzare,bully_support,OAG,victim/conciliator,OTH,ATK,NULL,NEG,scenario_homophobia_julie_bis,homophobia
117,JulieVictime,11:29:41,et juste faut accepter que les gens soit différent,victim,NAG,NULL,NULL,DFN,ATK,NEU,scenario_homophobia_julie_bis,homophobia
118,elodie65,11:29:46,pk nous on assume pas ?,bully_support,OAG,victim,OTH,ATK,DFN,NEG,scenario_homophobia_julie_bis,homophobia
119,JulieVictime,11:29:46,sinon ba on vi dans sa famille pis on vois personne d'autre ba oui j'ai l'impression parce que generalement les gens qui ont problème avec ce genre de chose c'est qu'il aimerait mais qu'ils peuvent pas,victim,NAG,NULL,NULL,DFN,ATK,NEU,scenario_homophobia_julie_bis,homophobia
120,Arthur,11:30:39,vous cherchez vraiment la merde,conciliator,OAG,bully,OTH,DFN,ATK,NEG,scenario_homophobia_julie_bis,homophobia
121,elodie65,11:30:43,juste que vous vous sentez obligé de revandiquer le fait que vous etes lesbiennes cest genant,bully_support,OAG,victim,OTH,ATK,DFN,NEG,scenario_homophobia_julie_bis,homophobia
122,JulieVictime,11:30:45,alors CQFD c'est vous les gays et puis si vous l'étiez ça me dérangerai pas parce que je suis une nazi tu va voir quand la maitresse apprendra que vous êtes nazi et la police,victim,NAG,NULL,NULL,DFN,ATK,NEU,scenario_homophobia_julie_bis,homophobia
123,elodie65,11:31:35,aller tg,bully_support,OAG,victim,OTH,ATK,DFN,NEG,scenario_homophobia_julie_bis,homophobia
124,Emilie,11:31:44,baiser vous bande de putes,bully,OAG,victim/conciliator,NCG,ATK,NULL,NEG,scenario_homophobia_julie_bis,homophobia
125,JulieVictime,11:31:50,super cool,victim,NAG,NULL,NULL,DFN,ATK,NEG,scenario_homophobia_julie_bis,homophobia
126,Arthur,11:31:54,tout le monde est nazi maintenant,conciliator,NAG,NULL,NULL,OTH,NULL,NEG,scenario_homophobia_julie_bis,homophobia
127,elodie65,11:31:56,salope,bully_support,OAG,victim,OTH,ATK,DFN,NEG,scenario_homophobia_julie_bis,homophobia
128,JulieVictime,11:32:01,vous êtes des filles cachés d'Eric Zemmour,victim,CAG,bully/bully_support,OTH,DFN,ATK,NEG,scenario_homophobia_julie_bis,homophobia
129,elodie65,11:32:10,trop bien au moins plus de pedale d'ici 1 mois vive zemmour!!!,bully_support,CAG,victim,NCG,ATK,DFN,NEG,scenario_homophobia_julie_bis,homophobia
130,JulieVictime,11:32:50,super ton modèle de france,victim,CAG,bully,OTH,DFN,ATK,NEG,scenario_homophobia_julie_bis,homophobia
131,JulieVictime,11:32:54,que des gens pareils et que des nazi,victim,CAG,bully,OTH,DFN,ATK,NEG,scenario_homophobia_julie_bis,homophobia
132,JulieVictime,11:33:03,bravo,victim,CAG,bully,OTH,DFN,ATK,NEG,scenario_homophobia_julie_bis,homophobia
0,15:39:55,Elodie11,jaccepte tout,bully_support,CAG,victim,OTH,AIN,NULL,NEU,scenario_homophobia_julie_fourth,homophobia
1,15:39:58,Julie,Merci Constance Mais Emilie ne comprend pas,victim,NAG,NULL,NULL,OTH,NULL,POS,scenario_homophobia_julie_fourth,homophobia
2,15:40:10,Elodie11,en vrai je trouve que ya casi aucune difference entre les gays et les gens normaux,bully_support,CAG,victim,OTH,AIN,NULL,NEG,scenario_homophobia_julie_fourth,homophobia
3,15:40:11,Emilie,on choisi qui on bz par contre,bully,NAG,NULL,NULL,OTH,OTH,NEG,scenario_homophobia_julie_fourth,homophobia
4,15:40:11,Marie27,Bas visiblement être conne c ta fierté Elodie,victim_support,OAG,bully_support,NCG,DFN,AIN,NEG,scenario_homophobia_julie_fourth,homophobia
5,15:40:12,Paul44,moi je dis ca regle en tete,conciliator,NAG,NULL,NULL,OTH,NULL,NEU,scenario_homophobia_julie_fourth,homophobia
6,15:40:13,Julie,Elle souhaite juste nous insulter,victim,NAG,NULL,NULL,EMP,DFN,NEG,scenario_homophobia_julie_fourth,homophobia
7,15:40:16,Elodie11,juste ne vous affichez pas,bully_support,OAG,victim_support,OTH,ATK,DFN,NEG,scenario_homophobia_julie_fourth,homophobia
8,15:40:21,Julie,Au moins elle aura quelques choses a faire,victim,CAG,bully_support,OTH,DFN,ATK,NEG,scenario_homophobia_julie_fourth,homophobia
9,15:40:29,Elodie11,mioi je suuis hetero donc je suuis normale et jen suuis fiere,bully_support,CAG,victim,DNG,ATK,DFN,NEG,scenario_homophobia_julie_fourth,homophobia
10,15:40:29,Constance,oui elle a un complexe d'infériorité,victim_support,NAG,NULL,NULL,OTH,NULL,NEU,scenario_homophobia_julie_fourth,homophobia
11,15:40:32,Julie,si non elle s’ennuie,victim,CAG,bully_support,OTH,DFN,ATK,NEG,scenario_homophobia_julie_fourth,homophobia
12,15:40:33,Anna5,exactement,bully_support,NAG,NULL,NULL,AIN,ATK,NEG,scenario_homophobia_julie_fourth,homophobia
13,15:40:44,Elodie11,mais c pas une fierte qu'un garcon suce des zizi,bully_support,CAG,victim,DNG,ATK,DFN,NEG,scenario_homophobia_julie_fourth,homophobia
14,15:40:52,Constance,en quoi c'est normal d'etre une gamine irrespectueuse homophobe ?,victim_support,OAG,bully_support,DNG,DFN,ATK,NEG,scenario_homophobia_julie_fourth,homophobia
16,15:40:59,Emilie,nis dune chatte,bully,OAG,victim,NCG,AIN,ATK,NEG,scenario_homophobia_julie_fourth,homophobia
17,15:41:04,Marie27,tg,victim_support,OAG,bully,OTH,DFN,ATK,NEG,scenario_homophobia_julie_fourth,homophobia
18,15:41:08,Anna5,ah d'accord de pire en pire,bully_support,NAG,NULL,NULL,OTH,NULL,NEG,scenario_homophobia_julie_fourth,homophobia
19,15:41:15,Elodie11,caroline t conne ou quoi,bully_support,OAG,victim_support,NCG,ATK,NULL,NEG,scenario_homophobia_julie_fourth,homophobia
21,15:41:20,Caroline45,non ah oui mais non,victim_support,NAG,NULL,NULL,CNS,ATK,NEU,scenario_homophobia_julie_fourth,homophobia
23,15:41:38,Constance,bref julie viens on quitte le groupe,victim_support,NAG,NULL,NULL,OTH,NULL,NEU,scenario_homophobia_julie_fourth,homophobia
28,15:41:47,Emilie,elodie et anna venez on la souleve comme sa meuf,bully,OAG,victim,OTH,ATK,NULL,NEG,scenario_homophobia_julie_fourth,homophobia
29,15:41:51,Constance,ils ont tellement peu d'aguments qu'ils font pitié,victim_support,CAG,bully/bully_support,OTH,DFN,ATK,NEG,scenario_homophobia_julie_fourth,homophobia
32,15:42:07,Caroline45,vraiment c'est drole,victim_support,NAG,NULL,NULL,EMP,DFN,NEG,scenario_homophobia_julie_fourth,homophobia
33,15:42:10,Elodie11,oui,bully_support,NAG,NULL,NULL,AIN,ATK,NEG,scenario_homophobia_julie_fourth,homophobia
35,15:42:16,Julie,Insupportable,victim,NAG,NULL,NULL,DFN,ATK,NEG,scenario_homophobia_julie_fourth,homophobia
36,15:42:21,Elodie11,c drole dinsulter des maxi zoulettes comme vous,bully_support,OAG,victim_support,DNG,ATK,DFN,NEG,scenario_homophobia_julie_fourth,homophobia
37,15:42:29,Caroline45,et ca frole l'homosexualité refoulée comme dirait l'amour de ma vie aml,victim_support,OAG,bully_support,OTH,DFN,ATK,NEG,scenario_homophobia_julie_fourth,homophobia
38,15:42:37,Elodie11,nimporte quoi,bully_support,OAG,victim_support,OTH,ATK,DFN,NEG,scenario_homophobia_julie_fourth,homophobia
39,15:42:37,Anna5,mdr des grosses merdes surtout,bully_support,OAG,victim/victim_support,DNG,AIN,ATK,NEG,scenario_homophobia_julie_fourth,homophobia
40,15:42:41,Constance,c'est drole d'avoir en face de soi un gamin de 4 ans qui se croit drole,victim_support,OAG,bully_support,OTH,DFN,ATK,NEG,scenario_homophobia_julie_fourth,homophobia
41,15:42:41,Elodie11,jaime les garcons julie devrait en fairer autant,bully_support,CAG,victim,OTH,ATK,NULL,NEG,scenario_homophobia_julie_fourth,homophobia
45,15:43:08,Anna5,cool ta vie,bully_support,CAG,victim_support,OTH,ATK,DFN,NEG,scenario_homophobia_julie_fourth,homophobia
52,15:43:44,Constance,c'est toi qui a cree le groupe t'aime ca les gay,victim_support,OAG,bully_support,OTH,DFN,ATK,NEG,scenario_homophobia_julie_fourth,homophobia
53,15:43:48,Paul44,je l'ai deja dis mais etre gay c'est gang de fou genre,conciliator,NAG,NULL,NULL,OTH,ATK,NEU,scenario_homophobia_julie_fourth,homophobia
54,15:44:02,Elodie11,nimporte quoi toi,bully_support,OAG,victim_support,DNG,ATK,DFN,NEG,scenario_homophobia_julie_fourth,homophobia
55,15:44:05,Marie27,c bien Elodie on vois ton inteligence comme ca,victim_support,CAG,bully_support,DNG,DFN,ATK,NEG,scenario_homophobia_julie_fourth,homophobia
56,15:44:10,Constance,c'est ^pas une mode sale timp paul,victim_support,OAG,conciliator,DNG,OTH,OTH,NEG,scenario_homophobia_julie_fourth,homophobia
57,15:44:12,Caroline45,constance,victim_support,NAG,NULL,NULL,OTH,NULL,NEU,scenario_homophobia_julie_fourth,homophobia
58,15:44:19,Elodie11,creez voyus votre gang de suceur de chibre et restez a lecart des gens normaux svp,bully_support,OAG,victim,DNG,ATK,DFN,NEG,scenario_homophobia_julie_fourth,homophobia
60,15:44:24,Emilie,TIMP SA A UNE TEUCHA,bully,OAG,victim,OTH,ATK,NULL,NEG,scenario_homophobia_julie_fourth,homophobia
62,15:44:43,Elodie11,on veut pas de gays dans lecole frr,bully_support,OAG,victim,DNG,ATK,DFN,NEG,scenario_homophobia_julie_fourth,homophobia
63,15:44:47,Caroline45,le français par conte madame,victim_support,CAG,bully_support,DNG,DFN,ATK,NEG,scenario_homophobia_julie_fourth,homophobia
64,15:44:51,Julie,"Elodie, reste tranquille, nous ne sommes pas malades",victim,NAG,NULL,NULL,CNS,ATK,NEU,scenario_homophobia_julie_fourth,homophobia
65,15:44:52,Elodie11,allez a lhopital bande de malades mentaux,bully_support,OAG,victim,DNG,ATK,DFN,NEG,scenario_homophobia_julie_fourth,homophobia
66,15:44:56,Julie,Nous sommes juste deux amies,victim,NAG,NULL,NULL,CNS,ATK,NEU,scenario_homophobia_julie_fourth,homophobia
70,15:45:02,Marie27,Tu parle encore de ma pote comme ça je te choppe dans la cour et je te devonce,victim_support,OAG,bully_support,THR,DFN,ATK,NEG,scenario_homophobia_julie_fourth,homophobia
71,15:45:05,Julie,>.<,victim,NAG,NULL,NULL,OTH,NULL,NEU,scenario_homophobia_julie_fourth,homophobia
72,15:45:12,Elodie11,deux amies qui se tiennt la main en cours,bully_support,OAG,victim,OTH,ATK,CNS,NEG,scenario_homophobia_julie_fourth,homophobia
74,15:45:15,Elodie11,ca fait pitié julie bouge avec ta vieille pote la,bully_support,OAG,victim,OTH,ATK,CNS,NEG,scenario_homophobia_julie_fourth,homophobia
76,15:45:27,Elodie11,vous faites pitié,bully_support,OAG,victim,OTH,ATK,CNS,NEG,scenario_homophobia_julie_fourth,homophobia
80,15:45:36,Anna5,aberrant,bully_support,OAG,victim,OTH,AIN,ATK,NEG,scenario_homophobia_julie_fourth,homophobia
83,15:45:55,Elodie11,arretez putain,bully_support,OAG,victim,OTH,ATK,CNS,NEG,scenario_homophobia_julie_fourth,homophobia
84,15:45:56,Emilie,julie tg jarrive te prendre en leuleu,bully,OAG,victim,OTH,ATK,CNS,NEG,scenario_homophobia_julie_fourth,homophobia
93,15:46:33,Constance,LES GARS JE VAIS VOUS DENONCER A LA POLICE SI VOUS CONTINUEZ LES PROPOS HOMOPHOBES,victim_support,NAG,NULL,NULL,CNS,NULL,NEU,scenario_homophobia_julie_fourth,homophobia
94,15:46:38,Elodie11,sois gay dans ton coin ca me degoute,bully_support,OAG,victim,DNG,ATK,CNS,NEG,scenario_homophobia_julie_fourth,homophobia
95,15:46:39,Constance,CA CLC OK JE VAIS PORTER PLAINTE,victim_support,NAG,NULL,NULL,CNS,ATK,NEG,scenario_homophobia_julie_fourth,homophobia
96,15:46:52,Emilie,VASI OSE SALE FOLLE,bully,OAG,victim_support,OTH,ATK,CNS,NEG,scenario_homophobia_julie_fourth,homophobia
97,15:46:59,Constance,JVAIS PARLER A UN ADULTE OUI JE VAIS OSER,victim_support,OAG,bully,NCG,DFN,ATK,NEU,scenario_homophobia_julie_fourth,homophobia
98,15:47:07,Marie27,grv,victim_support,NAG,NULL,NULL,EMP,DFN,NEU,scenario_homophobia_julie_fourth,homophobia
99,15:47:12,Caroline45,ma folle preferee,victim_support,OAG,bully,NCG,DFN,ATK,NEG,scenario_homophobia_julie_fourth,homophobia
100,15:47:14,Elodie11,julie tu tiens la main a ta pote et tu crois quon va vous laissez? on veut pas de pd comme ca dfans notre ecole,bully_support,OAG,victim,OTH,ATK,NULL,NEG,scenario_homophobia_julie_fourth,homophobia
101,15:47:17,Emilie,TA TROP LA BOUCHE,bully,OAG,victim_support,OTH,ATK,DFN,NEG,scenario_homophobia_julie_fourth,homophobia
102,15:47:18,Constance,VOUS AVEZ BESOIN D EDUCATION,victim_support,CAG,bully_support,DNG,DFN,ATK,NEG,scenario_homophobia_julie_fourth,homophobia
103,15:47:25,Elodie11,cest toi eduque toi,bully_support,CAG,victim_support,DNG,ATK,DFN,NEG,scenario_homophobia_julie_fourth,homophobia
104,15:47:38,Julie,"Constance, laisse tomber c'est inutile, ils sont des ignorants",victim,OAG,bully/bully_support,OTH,OTH,DFN,NEG,scenario_homophobia_julie_fourth,homophobia
105,15:47:43,Anna5,vous avez trop la rage,bully_support,NAG,NULL,NULL,OTH,DFN,NEU,scenario_homophobia_julie_fourth,homophobia
106,15:47:46,Constance,bref les screens sont pris mes chéries,victim_support,NAG,NULL,NULL,CNS,NULL,NEG,scenario_homophobia_julie_fourth,homophobia
107,15:47:47,Elodie11,lhomosexualite cest pas normal!!! remettez vous dans le droit chemin je dis ca pour votre bien,bully_support,NAG,NULL,NULL,GSL,OTH,NEG,scenario_homophobia_julie_fourth,homophobia
108,15:47:50,Marie27,tg,victim_support,OAG,bully_support,OTH,DFN,ATK,NEG,scenario_homophobia_julie_fourth,homophobia
109,15:48:02,Constance,la prochaine innsullte ca part au commissariat,victim_support,NAG,NULL,NULL,CNS,GSL,NEG,scenario_homophobia_julie_fourth,homophobia
110,15:48:03,Julie,C'est le moyen-âge,victim,NAG,NULL,NULL,DFN,GSL,NEG,scenario_homophobia_julie_fourth,homophobia
111,15:48:06,Emilie,PRENDS MAIS TQT PROFITE AVANT,bully,CAG,victim_support,OTH,ATK,CNS,NEG,scenario_homophobia_julie_fourth,homophobia
112,15:48:10,Caroline45,bah au pire tg et rentres chez toi arrete de souler tout le monde laissez nous faire notre vie nan,victim_support,OAG,bully_support,OTH,DFN,GSL,NEG,scenario_homophobia_julie_fourth,homophobia
113,15:48:14,Elodie11,jaimerai bien,bully_support,NAG,NULL,NULL,AIN,ATK,NEG,scenario_homophobia_julie_fourth,homophobia
114,15:48:24,Emilie,ON VA TE FAIRE LA MISERE MDRRR,bully,OAG,victim,THR,ATK,DFN,NEG,scenario_homophobia_julie_fourth,homophobia
115,15:48:24,Marie27,je vais te frapper toi,victim_support,OAG,bully,THR,DFN,ATK,NEG,scenario_homophobia_julie_fourth,homophobia
116,15:48:32,Elodie11,au moyne age les femmes faisaient la cuisine pour leur mari et fermait leur gueule cette epoque me manquie,bully_support,CAG,victim,OTH,ATK,DFN,NEG,scenario_homophobia_julie_fourth,homophobia
117,15:48:36,Constance,non julie je ne te laisserai pas te faire harceler,victim_support,NAG,NULL,NULL,EMP,OTH,POS,scenario_homophobia_julie_fourth,homophobia
118,15:48:38,Emilie,OH MARI SI TU SAVAISSSSSSSSSSSSS,bully,CAG,victim,OTH,AIN,ATK,NEG,scenario_homophobia_julie_fourth,homophobia
119,15:48:39,Caroline45,vas y j'attends que ca,victim_support,CAG,bully,OTH,DFN,ATK,NEG,scenario_homophobia_julie_fourth,homophobia
120,15:48:57,Marie27,t'a quoi toi,victim_support,NAG,NULL,NULL,DFN,ATK,NEG,scenario_homophobia_julie_fourth,homophobia
121,15:49:00,Caroline45,en attendant vous venez parler ici tellement vous avez peur de parler en face,victim_support,NAG,NULL,NULL,DFN,ATK,NEU,scenario_homophobia_julie_fourth,homophobia
122,15:49:12,Constance,au moins les sorcieres comme toi elodie elles etaient brulees au moyen age,victim_support,OAG,bully_support,DNG,DFN,ATK,NEG,scenario_homophobia_julie_fourth,homophobia
123,15:49:14,Caroline45,donc vas y juste bouges ou viens assumer en face,victim_support,NAG,NULL,NULL,DFN,ATK,NEG,scenario_homophobia_julie_fourth,homophobia
124,15:49:14,Elodie11,"et les hommes partaient a la guerre pour faire vivre leur famille, ils ne se maquillaient pas et ne sucaient pas de bites",bully_support,CAG,victim_support,OTH,ATK,DFN,NEG,scenario_homophobia_julie_fourth,homophobia
125,15:49:15,Emilie,UN BLEM AVEC TOI MA CHERIE,bully,OAG,victim_support,OTH,ATK,DFN,NEG,scenario_homophobia_julie_fourth,homophobia
126,15:49:20,Elodie11,c contre nature calme toi,bully_support,CAG,victim_support,OTH,ATK,DFN,NEG,scenario_homophobia_julie_fourth,homophobia
127,15:49:22,Caroline45,on a pas le temps pour toi,victim_support,OAG,bully,OTH,DFN,ATK,NEG,scenario_homophobia_julie_fourth,homophobia
128,15:49:24,Marie27,mais vien on s'explique en fasse,victim_support,CAG,bully/bully_support,OTH,DFN,NULL,NEG,scenario_homophobia_julie_fourth,homophobia
129,15:49:29,Anna5,que des langues de putes,bully_support,OAG,victim/victim_support,NCG,ATK,DFN,NEG,scenario_homophobia_julie_fourth,homophobia
130,15:49:30,Elodie11,pas de souci,bully_support,CAG,victim_support,OTH,ATK,DFN,NEG,scenario_homophobia_julie_fourth,homophobia
131,15:49:31,Emilie,VVIENTTTTT,bully,CAG,victim_support,THR,ATK,DFN,NEU,scenario_homophobia_julie_fourth,homophobia
132,15:49:48,Elodie11,bande de pwords,bully_support,OAG,victim/victim_support,NCG,ATK,NULL,NEG,scenario_homophobia_julie_fourth,homophobia
133,15:49:51,Emilie,PAS DE PROBLEME JATTEND QUE SAAA,bully,CAG,victim_support,THR,ATK,DFN,NEG,scenario_homophobia_julie_fourth,homophobia
134,15:49:52,Paul44,pour vous etre gay c'est bien?,conciliator,NAG,NULL,NULL,OTH,ATK,NEU,scenario_homophobia_julie_fourth,homophobia
135,15:49:53,Caroline45,mais venez vous,victim_support,NAG,NULL,NULL,OTH,ATK,NEU,scenario_homophobia_julie_fourth,homophobia
136,15:49:55,Elodie11,non c degueulasse,bully_support,NAG,NULL,NULL,OTH,OTH,NEG,scenario_homophobia_julie_fourth,homophobia
137,15:49:59,Marie27,j'arrive toi en quelle salle,victim_support,CAG,bully,THR,DFN,ATK,NEG,scenario_homophobia_julie_fourth,homophobia
138,15:50:01,Emilie,NON PAULLLLLLLLLLLL,bully,NAG,NULL,NULL,OTH,OTH,NEG,scenario_homophobia_julie_fourth,homophobia
139,15:50:05,Elodie11,b131 frr,bully_support,NAG,NULL,NULL,OTH,DFN,NEU,scenario_homophobia_julie_fourth,homophobia
140,15:50:13,Emilie,B131 ET TOI,bully,NAG,NULL,NULL,OTH,DFN,NEU,scenario_homophobia_julie_fourth,homophobia
141,15:50:19,Caroline45,vous venez peter les couilles donc assumez,victim_support,OAG,bully,OTH,DFN,OTH,NEG,scenario_homophobia_julie_fourth,homophobia
142,15:50:26,Marie27,moi aussi,victim_support,NAG,NULL,NULL,OTH,OTH,NEU,scenario_homophobia_julie_fourth,homophobia
143,15:50:27,Constance,bref en conclusion frmez vos petites bouches et laissez les autres vivre leur vie car CA NE VOUS CONCERNE PAS PTN,victim_support,OAG,bully/bully_support,NCG,DFN,NULL,NEG,scenario_homophobia_julie_fourth,homophobia
144,15:50:29,Caroline45,la salle a cote,victim_support,NAG,NULL,NULL,OTH,OTH,NEU,scenario_homophobia_julie_fourth,homophobia
155,15:51:50,Elodie11,"je suis hetero et fiere! jaime pas les zoulettes comme julie et lea, elles se cachent meme pas detre des grosses pedales franchement ca me degoute.La france davant me manque",bully_support,OAG,victim,OTH,ATK,DFN,NEG,scenario_homophobia_julie_fourth,homophobia
157,15:52:14,Elodie11,(,bully_support,NAG,NULL,NULL,OTH,NULL,NEU,scenario_homophobia_julie_fourth,homophobia
158,15:52:16,Julie,La France de Moyen-Age Elodie?,victim,NAG,NULL,NULL,OTH,ATK,NEU,scenario_homophobia_julie_fourth,homophobia
159,15:52:19,Elodie11,oui,bully_support,NAG,NULL,NULL,OTH,OTH,NEU,scenario_homophobia_julie_fourth,homophobia
160,15:52:19,Emilie,BON JULIE TG FRRR,bully,OAG,victim,OTH,ATK,OTH,NEG,scenario_homophobia_julie_fourth,homophobia
161,15:52:28,Constance,moi aussi la frnce d'avant me manque parce que t'etais pas née elodie,victim_support,CAG,bully_support,OTH,DFN,ATK,NEG,scenario_homophobia_julie_fourth,homophobia
162,15:52:29,Elodie11,sur certains sujet cetait bcp mieux,bully_support,NAG,NULL,NULL,OTH,OTH,NEU,scenario_homophobia_julie_fourth,homophobia
163,15:52:31,Anna5,ca parle de la france maintenant,bully_support,CAG,victim,OTH,ATK,OTH,NEG,scenario_homophobia_julie_fourth,homophobia
164,15:52:31,Caroline45,"LA FRANCE EST LE PAYS OU IL Y AVAIT LE PLUS DE GAYS AU MOYEN AGE LA CULTURE TU CONNAIS,",victim_support,NAG,NULL,NULL,CNS,ATK,NEU,scenario_homophobia_julie_fourth,homophobia
165,15:52:46,Emilie,IL ETAIT HABATUE FRR,bully,CAG,victim,OTH,AIN,ATK,NEG,scenario_homophobia_julie_fourth,homophobia
166,15:52:48,Paul44,ils etaient brulés les gays au moyen age,conciliator,CAG,victim,OTH,OTH,CNS,NEG,scenario_homophobia_julie_fourth,homophobia
167,15:52:48,Elodie11,les hommes etaient des vrais hommes,bully_support,CAG,victim,OTH,ATK,NULL,NEG,scenario_homophobia_julie_fourth,homophobia
168,15:52:57,Anna5,mais mdr,bully_support,NAG,NULL,NULL,AIN,AIN,NEG,scenario_homophobia_julie_fourth,homophobia
169,15:52:58,Marie27,bien venus en 2022 bande de con,victim_support,OAG,bully/bully_support,NCG,DFN,NULL,NEG,scenario_homophobia_julie_fourth,homophobia
170,15:52:59,Elodie11,et les femmes lavaient et fermaient leur gueules,bully_support,CAG,victim,OTH,ATK,NULL,NEG,scenario_homophobia_julie_fourth,homophobia
171,15:53:08,Caroline45,LES HOMMES ETAIENT TOUS OU QUASI TOUS GAYS,victim_support,NAG,NULL,NULL,CNS,ATK,NEU,scenario_homophobia_julie_fourth,homophobia
172,15:53:09,Elodie11,LES GAYS AU BUCHER !!!!!!,bully_support,CAG,victim,OTH,ATK,DFN,NEG,scenario_homophobia_julie_fourth,homophobia
173,15:53:10,Constance,t'es une femme t'es bete ou quoi feur,victim_support,OAG,bully_support,NCG,DFN,ATK,NEG,scenario_homophobia_julie_fourth,homophobia
174,15:53:27,Caroline45,oui et?,victim_support,NAG,NULL,NULL,DFN,ATK,NEG,scenario_homophobia_julie_fourth,homophobia
177,15:53:30,Elodie11,"oui, bah je prefere laver et fermer ma gueule pour mon mari plutot que baiser des meufs",bully_support,CAG,victim,OTH,ATK,DFN,NEG,scenario_homophobia_julie_fourth,homophobia
178,15:53:33,Anna5,des gamins,bully_support,CAG,victim_support,OTH,ATK,DFN,NEG,scenario_homophobia_julie_fourth,homophobia
179,15:53:35,Julie,De quelle France parle-tu?,victim,NAG,NULL,NULL,DFN,ATK,NEU,scenario_homophobia_julie_fourth,homophobia
180,15:53:38,Elodie11,:b,bully_support,NAG,NULL,NULL,OTH,NULL,NEU,scenario_homophobia_julie_fourth,homophobia
181,15:53:48,Emilie,T MRIER TOI A 14 ANS GROSSE PUTE,bully,OAG,victim,DNG,ATK,DFN,NEG,scenario_homophobia_julie_fourth,homophobia
182,15:53:48,Constance,X),victim_support,NAG,NULL,NULL,OTH,NULL,NEU,scenario_homophobia_julie_fourth,homophobia
183,15:53:51,Caroline45,et bah pas de soucis,victim_support,NAG,NULL,NULL,OTH,NULL,NEU,scenario_homophobia_julie_fourth,homophobia
184,15:53:54,Emilie,T TROP MOCHE,bully,OAG,victim,DNG,ATK,DFN,NEG,scenario_homophobia_julie_fourth,homophobia
185,15:53:55,Elodie11,oui,bully_support,NAG,NULL,NULL,OTH,NULL,NEU,scenario_homophobia_julie_fourth,homophobia
186,15:54:00,Caroline45,vas laver des sols pour un homme,victim_support,OAG,bully_support,OTH,DFN,ATK,NEG,scenario_homophobia_julie_fourth,homophobia
187,15:54:02,Elodie11,bande de gros,bully_support,OAG,victim/victim_support,NCG,ATK,NULL,NEG,scenario_homophobia_julie_fourth,homophobia
188,15:54:05,Constance,csc,victim_support,NAG,NULL,NULL,DFN,ATK,NEU,scenario_homophobia_julie_fourth,homophobia
189,15:54:05,Caroline45,on s'en fout nous,victim_support,OAG,bully_support,OTH,DFN,ATK,NEG,scenario_homophobia_julie_fourth,homophobia
190,15:54:09,Anna5,tarpin moche,bully_support,OAG,victim/victim_support,DNG,AIN,ATK,NEG,scenario_homophobia_julie_fourth,homophobia
191,15:54:14,Elodie11,vous coutez 40 elixirs en plus detre gays,bully_support,OAG,victim_support,OTH,ATK,DFN,NEG,scenario_homophobia_julie_fourth,homophobia
192,15:54:17,Caroline45,tu fais ta vie,victim_support,OAG,bully_support,OTH,DFN,ATK,NEG,scenario_homophobia_julie_fourth,homophobia
193,15:54:32,Constance,tg t'es plus noire que dadju,victim_support,OAG,bully_support,DNG,DFN,ATK,NEG,scenario_homophobia_julie_fourth,homophobia
194,15:54:41,Elodie11,le racisme en 2022 c non.,bully_support,NAG,NULL,NULL,OTH,DFN,NEG,scenario_homophobia_julie_fourth,homophobia
195,15:54:43,Marie27,toi tg on te vois meme plus sous ton fond de tein orange,victim_support,OAG,bully_support,OTH,DFN,ATK,NEG,scenario_homophobia_julie_fourth,homophobia
196,15:54:47,Elodie11,soyez ouverts desprit un peu je reve,bully_support,CAG,victim_support,OTH,ATK,DFN,NEG,scenario_homophobia_julie_fourth,homophobia
197,15:54:56,Constance,csc,victim_support,CAG,bully_support,NCG,DFN,ATK,NEG,scenario_homophobia_julie_fourth,homophobia
198,15:54:56,Julie,Vous devez trouver un autre cible je m',victim,CAG,bully_support,OTH,DFN,ATK,NEG,scenario_homophobia_julie_fourth,homophobia
199,15:55:01,Marie27,c toi qui parle,victim_support,NAG,NULL,NULL,CNS,ATK,NEU,scenario_homophobia_julie_fourth,homophobia
200,15:55:04,Elodie11,tu m',bully_support,CAG,victim,DNG,ATK,DFN,NEG,scenario_homophobia_julie_fourth,homophobia
201,15:55:05,Caroline45,mais au pire restez hetero tout le monde s'en fout de votre vie,victim_support,OAG,bully_support,OTH,DFN,ATK,NEG,scenario_homophobia_julie_fourth,homophobia
202,15:55:06,Julie,en fou de vos insultes,victim,NAG,NULL,NULL,DFN,ATK,NEG,scenario_homophobia_julie_fourth,homophobia
203,15:55:07,Emilie,SNIFFFF,bully,OAG,victim,OTH,ATK,DFN,NEG,scenario_homophobia_julie_fourth,homophobia
204,15:55:09,Emilie,SALOPE DE MERDE VA CREVR,bully,OAG,victim,OTH,ATK,DFN,NEG,scenario_homophobia_julie_fourth,homophobia
205,15:55:15,Elodie11,bah on va continuer si tu ten fous,bully_support,OAG,victim,NCG,ATK,DFN,NEG,scenario_homophobia_julie_fourth,homophobia
206,15:55:17,Caroline45,ok mec,victim_support,NAG,NULL,NULL,OTH,NULL,NEU,scenario_homophobia_julie_fourth,homophobia
207,15:55:18,Elodie11,grosse pedale,bully_support,OAG,victim,NCG,ATK,DFN,NEG,scenario_homophobia_julie_fourth,homophobia
209,15:55:21,Elodie11,mdrr tas pas honte,bully_support,OAG,victim,NCG,ATK,DFN,NEG,scenario_homophobia_julie_fourth,homophobia
210,15:55:23,Emilie,SALE CHIENNE,bully,OAG,victim,NCG,ATK,NULL,NEG,scenario_homophobia_julie_fourth,homophobia
211,15:55:24,Caroline45,:),victim_support,NAG,NULL,NULL,OTH,NULL,NEU,scenario_homophobia_julie_fourth,homophobia
0,Emilie,09:33:43,pcq appart les darons en voiture pour une pipe qui veut de toi?,bully,OAG,NULL,DNG,AIN,NULL,NEG,scenario_homophobia_julie_third,homophobia
1,Julie,09:33:52,tu parles pour toi ?,victim,OAG,bully,OTH,DFN,AIN,NEG,scenario_homophobia_julie_third,homophobia
2,constance,09:33:57,elodie tu parle mal a mes pote va te faire enciuler par le diable meme si lui meme veut pas de toii,victim_support,OAG,bully_support,OTH,DFN,NULL,NEG,scenario_homophobia_julie_third,homophobia
3,Elodie30,09:34:11,aprend a ecrire ptdr,bully_support,CAG,victim_support,DNG,ATK,DFN,NEG,scenario_homophobia_julie_third,homophobia
4,constance,09:34:15,tg tg tg,victim_support,OAG,bully_support,OTH,DFN,ATK,NEG,scenario_homophobia_julie_third,homophobia
5,Anna9,09:34:26,mdrrr,bully_support,NAG,NULL,NULL,AIN,ATK,NEG,scenario_homophobia_julie_third,homophobia
6,Julie,09:34:48,"bon, la vie des uns et des autres, c'est leur vie pas la nôtre alors on pourrait passer à autre chose, non ?",victim,NAG,NULL,NULL,OTH,NULL,NEU,scenario_homophobia_julie_third,homophobia
7,Elodie30,09:34:55,toi y a personne qui voudra de toi ma pauvre,bully_support,OAG,victim,DNG,ATK,OTH,NEG,scenario_homophobia_julie_third,homophobia
8,Emilie,09:35:00,non barrez vous du groupe,bully,OAG,victim,OTH,ATK,OTH,NEG,scenario_homophobia_julie_third,homophobia
9,constance,09:35:10,toi va te faire foutre,victim_support,OAG,bully_support,OTH,DFN,ATK,NEG,scenario_homophobia_julie_third,homophobia
10,Julie,09:35:13,"Elodie, arrête tu sais que c bête",victim,OAG,bully_support,OTH,DFN,ATK,NEG,scenario_homophobia_julie_third,homophobia
11,marie2,09:35:15,bref votre vie mes egale je suis superieur a vous bande de ptite merde mtn aller voir ailleur si vous avez une vie,victim_support,OAG,bully/bully_support,OTH,DFN,ATK,NEG,scenario_homophobia_julie_third,homophobia
12,Elodie30,09:35:22,meme avec une dotte gratuite personne veut de toi,bully_support,OAG,victim,DNG,ATK,DFN,NEG,scenario_homophobia_julie_third,homophobia
16,Julie,09:36:12,"Emilie, si le groupe ne te convient pas à toi parce qu'il y a des différences qui ne te conviennent pas, c'est à toi d'aller chercher ailleurs",victim,NAG,NULL,NULL,CNS,ATK,NEU,scenario_homophobia_julie_third,homophobia
17,Elodie30,09:36:26,tg julie,bully_support,OAG,victim,OTH,ATK,CNS,NEG,scenario_homophobia_julie_third,homophobia
19,Emilie,09:36:32,Non c'est mon groupe wsh,bully,NAG,NULL,NULL,OTH,CNS,NEU,scenario_homophobia_julie_third,homophobia
21,marie2,09:36:42,oui ba elodie si elle continue je vais la pousser sur la route et une voiture telecommander suffira a lui faire mal,victim_support,OAG,bully_support,OTH,DFN,ATK,NEG,scenario_homophobia_julie_third,homophobia
22,Julie,09:36:46,ton groupe que tu critiques et insulte,victim,NAG,NULL,NULL,DFN,ATK,NEG,scenario_homophobia_julie_third,homophobia
24,Emilie,09:36:56,je serais derrière pour te pousser marie tktp,bully,OAG,victim_support,THR,ATK,DFN,NEG,scenario_homophobia_julie_third,homophobia
29,marie2,09:37:20,de base c toi qui te fait prendre par derriere ma belle,victim_support,CAG,bully,DNG,DFN,ATK,NEG,scenario_homophobia_julie_third,homophobia
30,Elodie30,09:37:20,t juste pueril je te suis,bully_support,OAG,victim_support,OTH,ATK,DFN,NEG,scenario_homophobia_julie_third,homophobia
33,Anna9,09:37:29,...,bully_support,NAG,NULL,NULL,OTH,NULL,NEU,scenario_homophobia_julie_third,homophobia
34,marie2,09:37:33,anna t pire,victim_support,OAG,bully_support,DNG,DFN,AIN,NEG,scenario_homophobia_julie_third,homophobia
35,Julie,09:37:34,woah c'est nul,victim,OAG,bully_support,OTH,DFN,ATK,NEG,scenario_homophobia_julie_third,homophobia
36,Emilie,09:37:41,me confond pas avec toi et julie marie tg julie,bully,OAG,victim/victim_support,OTH,ATK,DFN,NEG,scenario_homophobia_julie_third,homophobia
37,Julie,09:37:47,arrêtez de vous gueuler après c'est nul,victim,NAG,NULL,NULL,OTH,NULL,NEU,scenario_homophobia_julie_third,homophobia
38,Emilie,09:37:51,parle pas ct bien comme ca,bully,OAG,victim/victim_support,OTH,ATK,DFN,NEG,scenario_homophobia_julie_third,homophobia
40,Elodie30,09:37:57,je vous sui superieur en plus julie elee est gay,bully_support,OAG,victim/victim_support,OTH,ATK,DFN,NEG,scenario_homophobia_julie_third,homophobia
41,constance,09:38:17,et toi il te manque un cerveau,victim_support,OAG,bully_support,DNG,DFN,ATK,NEG,scenario_homophobia_julie_third,homophobia
43,Julie,09:38:20,de toute façon je resterai amie avec Constance que ça plaise ou pas et pour le reste c'est ma vie et ça me regarde,victim,NAG,NULL,NULL,CNS,ATK,NEU,scenario_homophobia_julie_third,homophobia
44,Emilie,09:38:28,et toi un père constance,bully,OAG,victim_support,OTH,ATK,DFN,NEG,scenario_homophobia_julie_third,homophobia
45,Anna9,09:38:32,bref julie retourne lecher des chattes tu degoutes,bully_support,OAG,victim,DNG,ATK,CNS,NEG,scenario_homophobia_julie_third,homophobia
46,marie2,09:38:33,toi emilie je vais arreter de te parler et de t'apporter de l'imprtance parce que les merde sur le trottoire je les evite mtn julie ta rien fait trace ta route,victim_support,OAG,bully,DNG,DFN,ATK,NEG,scenario_homophobia_julie_third,homophobia
47,Julie,09:38:42,Anna t'es nulle,victim,OAG,bully_support,DNG,DFN,ATK,NEG,scenario_homophobia_julie_third,homophobia
48,Elodie30,09:38:42,si,bully_support,NAG,NULL,NULL,OTH,NULL,NEU,scenario_homophobia_julie_third,homophobia
50,Emilie,09:38:53,ah ouasi et t'évite les hommes sur le bord de la route ?,bully,CAG,victim_support,DNG,ATK,DFN,NEG,scenario_homophobia_julie_third,homophobia
51,Julie,09:38:56,on te demande pas ce que tu fais avec les garçons alors arrête,victim,NAG,NULL,NULL,DFN,ATK,NEG,scenario_homophobia_julie_third,homophobia
52,Anna9,09:38:56,julie tg,bully_support,OAG,victim,OTH,ATK,DFN,NEG,scenario_homophobia_julie_third,homophobia
53,Elodie30,09:39:01,julie elle gene tou le monde a lecher des chatte,bully_support,OAG,victim,DNG,ATK,DFN,NEG,scenario_homophobia_julie_third,homophobia
54,marie2,09:39:05,et toi?,victim_support,OAG,bully_support,OTH,DFN,ATK,NEG,scenario_homophobia_julie_third,homophobia
55,Anna9,09:39:16,tu degoute,bully_support,OAG,victim_support,DNG,ATK,DFN,NEG,scenario_homophobia_julie_third,homophobia
56,marie2,09:39:19,ho mais va sucer ton pere toi a ba non t'en a pas,victim_support,OAG,bully,DNG,DFN,ATK,NEG,scenario_homophobia_julie_third,homophobia
57,Emilie,09:39:28,non jprefere le tien mv,bully,CAG,victim_support,OTH,ATK,DFN,NEG,scenario_homophobia_julie_third,homophobia
58,constance,09:39:31,anna tg,victim_support,OAG,bully_support,OTH,DFN,ATK,NEG,scenario_homophobia_julie_third,homophobia
59,Julie,09:39:38,Et vous vous gênez tout le monde avec vos insultes et votre intolérance,victim,OAG,bully_support,OTH,DFN,ATK,NEG,scenario_homophobia_julie_third,homophobia
60,marie2,09:39:45,il est pas zoophile,victim_support,CAG,bully,DNG,DFN,ATK,NEG,scenario_homophobia_julie_third,homophobia
61,Emilie,09:39:47,Julie tg tg tg,bully,OAG,victim,OTH,ATK,DFN,NEG,scenario_homophobia_julie_third,homophobia
62,Anna9,09:39:50,t'es encore la constance?,bully_support,CAG,victim_support,OTH,ATK,DFN,NEG,scenario_homophobia_julie_third,homophobia
63,Emilie,09:39:50,tg,bully,OAG,victim_support,OTH,ATK,DFN,NEG,scenario_homophobia_julie_third,homophobia
64,constance,09:39:52,julie je t'aime,victim_support,NAG,NULL,NULL,EMP,DFN,NEG,scenario_homophobia_julie_third,homophobia
65,Julie,09:39:55,ah le débat s'améliore...,victim,NAG,NULL,NULL,OTH,NULL,NEU,scenario_homophobia_julie_third,homophobia
66,Anna9,09:39:57,on t'avais oublié,bully_support,CAG,victim_support,OTH,ATK,DFN,NEG,scenario_homophobia_julie_third,homophobia
67,marie2,09:40:01,ho plus de reparti??,victim_support,CAG,bully/bully_support,OTH,DFN,NULL,NEG,scenario_homophobia_julie_third,homophobia
68,Elodie30,09:40:02,constence je pine tout ton arbre genealogique,bully_support,OAG,victim_support,THR,ATK,EMP,NEG,scenario_homophobia_julie_third,homophobia
69,Julie,09:40:04,moi aussi jtm,victim,NAG,NULL,NULL,OTH,EMP,POS,scenario_homophobia_julie_third,homophobia
70,constance,09:40:05,anna je t'aime pas,victim_support,OAG,bully_support,OTH,DFN,ATK,NEG,scenario_homophobia_julie_third,homophobia
71,Anna9,09:40:11,burk,bully_support,OAG,victim_support,DNG,ATK,DFN,NEG,scenario_homophobia_julie_third,homophobia
72,marie2,09:40:29,reparti de cp julie ca va ?,victim_support,NAG,NULL,NULL,OTH,OTH,NEU,scenario_homophobia_julie_third,homophobia
73,Emilie,09:40:36,julie va bz ailleurs,bully,OAG,victim,DNG,ATK,OTH,NEG,scenario_homophobia_julie_third,homophobia
74,Elodie30,09:40:37,toi personne t aime la julie,bully_support,OAG,victim,DNG,ATK,OTH,NEG,scenario_homophobia_julie_third,homophobia
75,Anna9,09:40:44,nous sommes le rap des cp,bully_support,NAG,NULL,NULL,OTH,NULL,NEU,scenario_homophobia_julie_third,homophobia
76,Emilie,09:40:56,va faire un cuni ailleurs,bully,OAG,victim,DNG,ATK,OTH,NEG,scenario_homophobia_julie_third,homophobia
77,constance,09:40:56,si mo j'aime julie,victim_support,NAG,NULL,NULL,CNS,ATK,NEU,scenario_homophobia_julie_third,homophobia
78,Elodie30,09:40:58,constance grosse folle,bully_support,OAG,victim_support,NCG,ATK,DFN,NEG,scenario_homophobia_julie_third,homophobia
79,constance,09:41:04,tg,victim_support,OAG,bully_support,OTH,DFN,ATK,NEG,scenario_homophobia_julie_third,homophobia
80,Julie,09:41:06,vous êtes nulles de pas supporter les autres ce n'est pas parce que vous vivez d'une certaine façon que tout el monde doit faire pareil. ça vous fait peur que les autres montrent qu'on peut faire d'autres choix ?!,victim,NAG,NULL,NULL,CNS,ATK,NEU,scenario_homophobia_julie_third,homophobia
81,Elodie30,09:41:15,tg,bully_support,OAG,victim,OTH,ATK,CNS,NEG,scenario_homophobia_julie_third,homophobia
82,Anna9,09:41:16,la paix dans le monde,bully_support,CAG,victim,OTH,ATK,CNS,NEG,scenario_homophobia_julie_third,homophobia
83,constance,09:41:17,tg,victim_support,OAG,bully_support,OTH,DFN,ATK,NEG,scenario_homophobia_julie_third,homophobia
84,Elodie30,09:41:17,ratio,bully_support,NAG,NULL,NULL,AIN,ATK,NEG,scenario_homophobia_julie_third,homophobia
85,Emilie,09:41:19,j'ai pas lu tlm c une merde,bully,OAG,victim,OTH,ATK,CNS,NEG,scenario_homophobia_julie_third,homophobia
86,constance,09:41:34,bah pq tu t'interresse a elle,victim_support,NAG,NULL,NULL,DFN,ATK,NEU,scenario_homophobia_julie_third,homophobia
87,Elodie30,09:41:39,ratio,bully_support,NAG,NULL,NULL,AIN,ATK,NEG,scenario_homophobia_julie_third,homophobia
88,marie2,09:41:46,franchement en quoi rependre votre haine va changer un truc au fait que julie sois lesbienne?,victim_support,NAG,NULL,NULL,DFN,ATK,NEU,scenario_homophobia_julie_third,homophobia
89,Elodie30,09:41:48,grosse pute,bully_support,OAG,victim,NCG,ATK,NULL,NEG,scenario_homophobia_julie_third,homophobia
91,Julie,09:41:57,ça vous met en colère parce que peut-etre vous avez peur d'être pareilles ?,victim,NAG,NULL,NULL,DFN,ATK,NEG,scenario_homophobia_julie_third,homophobia
93,Emilie,09:42:06,oui elle nous fous la honte,bully,OAG,victim,DNG,ATK,DFN,NEG,scenario_homophobia_julie_third,homophobia
94,marie2,09:42:13,toi aussi *,victim_support,OAG,bully,DNG,DFN,ATK,NEG,scenario_homophobia_julie_third,homophobia
95,Julie,09:42:21,c'est toi qui nous fait honte d'être aussi méchante,victim,OAG,bully,OTH,DFN,ATK,NEG,scenario_homophobia_julie_third,homophobia
96,Elodie30,09:42:26,Ftg toi,bully_support,OAG,victim,OTH,ATK,DFN,NEG,scenario_homophobia_julie_third,homophobia
97,Julie,09:42:33,bel argument,victim,NAG,NULL,NULL,EMP,DFN,NEG,scenario_homophobia_julie_third,homophobia
98,Elodie30,09:42:34,la ptn de lesbos,bully_support,OAG,victim,NCG,ATK,DFN,NEG,scenario_homophobia_julie_third,homophobia
99,marie2,09:42:37,elodie va te faire prendre par 8 renois,victim_support,OAG,bully_support,DNG,DFN,ATK,NEG,scenario_homophobia_julie_third,homophobia
100,Emilie,09:42:38,mdr Julie allez dégage,bully,OAG,victim,OTH,ATK,DFN,NEG,scenario_homophobia_julie_third,homophobia
101,Anna9,09:42:38,bref julie retourne dans la chatte a ta meuf,bully_support,OAG,victim,OTH,ATK,DFN,NEG,scenario_homophobia_julie_third,homophobia
103,marie2,09:42:43,et julie aussi,victim_support,OAG,bully_support,DNG,DFN,ATK,NEU,scenario_homophobia_julie_third,homophobia
104,Julie,09:42:44,et la ptn d'héteros,victim,OAG,bully/bully_support,OTH,DFN,ATK,NEG,scenario_homophobia_julie_third,homophobia
105,marie2,09:42:45,merde nn emilie,victim_support,NAG,NULL,NULL,DFN,ATK,NEG,scenario_homophobia_julie_third,homophobia
106,Emilie,09:43:01,marie tu parle tout le monde connais ton trou t une multiprise,bully,OAG,victim_support,DNG,ATK,DFN,NEG,scenario_homophobia_julie_third,homophobia
107,constance,09:43:14,maiis elle est payée,victim_support,CAG,bully,DNG,DFN,ATK,NEG,scenario_homophobia_julie_third,homophobia
108,marie2,09:43:16,dit celle qui est plus trouer qu'une passoire,victim_support,OAG,bully,DNG,DFN,ATK,NEG,scenario_homophobia_julie_third,homophobia
109,Emilie,09:43:34,plus que celle de ta mère aussi?,bully,OAG,victim_support,DNG,ATK,DFN,NEG,scenario_homophobia_julie_third,homophobia
110,Elodie30,09:43:36,marie fait pas la meuf sainte tu te faie prendre par des daron different tous les soir,bully_support,OAG,victim_support,DNG,ATK,DFN,NEG,scenario_homophobia_julie_third,homophobia
111,Emilie,09:43:45,mm le sien MDRR,bully,OAG,victim_support,DNG,ATK,DFN,NEG,scenario_homophobia_julie_third,homophobia
112,Elodie30,09:43:50,ptdrrrrr,bully_support,NAG,NULL,NULL,AIN,ATK,NEG,scenario_homophobia_julie_third,homophobia
113,Julie,09:44:00,et vous n'avez pas d'autre sujet que votre trou du c ?,victim,OAG,bully_support,OTH,DFN,ATK,NEG,scenario_homophobia_julie_third,homophobia
114,marie2,09:44:01,pas les mamans deja ta mere a fait l'erreur de te mettre au monde,victim_support,OAG,bully,DNG,DFN,ATK,NEG,scenario_homophobia_julie_third,homophobia
115,constance,09:44:02,elodie je t'aime pas,victim_support,OAG,bully_support,OTH,DFN,ATK,NEG,scenario_homophobia_julie_third,homophobia
116,Emilie,09:44:12,tu radooooteeess,bully,OAG,victim_support,OTH,ATK,DFN,NEG,scenario_homophobia_julie_third,homophobia
117,Anna9,09:44:13,ok mec,bully_support,NAG,NULL,NULL,OTH,DFN,NEU,scenario_homophobia_julie_third,homophobia
118,marie2,09:44:21,non,victim_support,NAG,NULL,NULL,DFN,ATK,NEU,scenario_homophobia_julie_third,homophobia
119,Emilie,09:44:29,bril,bully,NAG,NULL,NULL,OTH,DFN,NEU,scenario_homophobia_julie_third,homophobia
120,constance,09:44:30,tu veux pas aller bruler en enfer,victim_support,OAG,bully,OTH,DFN,ATK,NEG,scenario_homophobia_julie_third,homophobia
121,Elodie30,09:44:36,je ratio marie la grosse catin,bully_support,OAG,victim_support,NCG,ATK,DFN,NEG,scenario_homophobia_julie_third,homophobia
122,marie2,09:44:38,tu sais juste pas quoi dire tlm ta bouche sort plus de merde que ton cul,victim_support,OAG,bully,DNG,DFN,ATK,NEG,scenario_homophobia_julie_third,homophobia
140,Julie,09:45:54,a ben on va finir sur ça alors et après quand on se retrouve au lycée on fait comment ? tout le monde s'insulte ?,victim,NAG,NULL,NULL,DFN,ATK,NEU,scenario_homophobia_julie_third,homophobia
143,constance,09:46:11,tg tg tg tg,victim_support,OAG,bully_support,OTH,DFN,ATK,NEG,scenario_homophobia_julie_third,homophobia
144,Emilie,09:46:19,nn julie on te pète la gl octogone,bully,OAG,victim,THR,ATK,DFN,NEG,scenario_homophobia_julie_third,homophobia
145,Julie,09:46:27,"eh va falloir diversifier, tg c'est vraiment banal",victim,OAG,bully_support,OTH,DFN,ATK,NEG,scenario_homophobia_julie_third,homophobia
146,Elodie30,09:46:34,au lycee je baise ta race toi et tes pote,bully_support,OAG,victim/victim_support,THR,ATK,DFN,NEG,scenario_homophobia_julie_third,homophobia
147,constance,09:46:38,anna complexe d'inferioriter qui me disait qu'elle etaitr jalouse de moi,victim_support,OAG,bully_support,OTH,DFN,NULL,NEG,scenario_homophobia_julie_third,homophobia
148,Julie,09:46:48,ah oui et ça  va t'apporte quoi de me pèter la gl ?,victim,NAG,NULL,NULL,DFN,ATK,NEG,scenario_homophobia_julie_third,homophobia
149,Emilie,09:46:55,TA MOOORT,bully,OAG,victim,THR,ATK,DFN,NEG,scenario_homophobia_julie_third,homophobia
150,constance,09:46:57,elodie je t'attend au toilette,victim_support,CAG,bully_support,THR,DFN,ATK,NEG,scenario_homophobia_julie_third,homophobia
151,marie2,09:46:58,je comprend pas quans vous parler je parle pas la langue des pute,victim_support,OAG,bully_support,DNG,DFN,ATK,NEG,scenario_homophobia_julie_third,homophobia
152,Elodie30,09:47:00,bcp de plaisir,bully_support,CAG,victim_support,OTH,ATK,DFN,NEG,scenario_homophobia_julie_third,homophobia
153,Julie,09:47:07,"arrête, tu vas regretter après",victim,OAG,bully,THR,DFN,ATK,NEG,scenario_homophobia_julie_third,homophobia
154,Elodie30,09:47:25,oui bien sur,bully_support,CAG,victim_support,OTH,ATK,DFN,NEG,scenario_homophobia_julie_third,homophobia
155,Emilie,09:47:26,donc julie elle doit comprendre alors,bully,CAG,victim,DNG,ATK,DFN,NEG,scenario_homophobia_julie_third,homophobia
156,Julie,09:47:34,comprendre quoi ?,victim,NAG,NULL,NULL,DFN,ATK,NEU,scenario_homophobia_julie_third,homophobia
157,constance,09:47:45,que t'es magnifique,victim_support,CAG,bully_support,OTH,DFN,ATK,NEG,scenario_homophobia_julie_third,homophobia
158,Elodie30,09:47:53,on verra bien regretera quand tu sera a l hopital julie,bully_support,CAG,victim,THR,ATK,DFN,NEG,scenario_homophobia_julie_third,homophobia
159,Emilie,09:47:54,pk mentir comme ca,bully,CAG,victim,OTH,ATK,DFN,NEG,scenario_homophobia_julie_third,homophobia
160,Julie,09:48:01,et toi en prison,victim,NAG,NULL,NULL,CNS,ATK,NEG,scenario_homophobia_julie_third,homophobia
161,Emilie,09:48:03,on va te defigurer,bully,OAG,victim,THR,AIN,ATK,NEG,scenario_homophobia_julie_third,homophobia
163,Julie,09:48:13,et ça va t'apporter quoi ?,victim,NAG,NULL,NULL,DFN,AIN,NEG,scenario_homophobia_julie_third,homophobia
165,Elodie30,09:48:15,bien sur en prison ptdrrrrrr,bully_support,CAG,victim,OTH,ATK,CNS,NEG,scenario_homophobia_julie_third,homophobia
166,constance,09:48:20,tg tu va brule,victim_support,OAG,bully_support,THR,DFN,ATK,NEG,scenario_homophobia_julie_third,homophobia
167,Elodie30,09:48:30,tres drole jamel de bouse,bully_support,CAG,victim_support,OTH,ATK,DFN,NEG,scenario_homophobia_julie_third,homophobia
168,constance,09:48:37,tg,victim_support,OAG,bully_support,OTH,DFN,ATK,NEG,scenario_homophobia_julie_third,homophobia
169,Elodie30,09:48:41,ratio,bully_support,NAG,NULL,NULL,OTH,NULL,NEU,scenario_homophobia_julie_third,homophobia
170,Emilie,09:48:42,mdr marie qui mevoie d msg en privé mdmdmmdmr,bully,OAG,victim_support,OTH,ATK,NULL,NEG,scenario_homophobia_julie_third,homophobia
171,Anna9,09:48:51,constance jv te niquer ta grand mere,bully_support,OAG,victim_support,THR,ATK,DFN,NEG,scenario_homophobia_julie_third,homophobia
172,Emilie,09:48:54,allez retournez à la niche,bully,CAG,victim,DNG,ATK,DFN,NEG,scenario_homophobia_julie_third,homophobia
173,marie2,09:48:58,arrete de parler tu t'enfonce la emilie tg,victim_support,OAG,bully,OTH,DFN,ATK,NEG,scenario_homophobia_julie_third,homophobia
174,Julie,09:49:04,et toi emilie arrête,victim,NAG,NULL,NULL,DFN,ATK,NEG,scenario_homophobia_julie_third,homophobia
175,constance,09:49:20,anna t'es necrophile?,victim_support,CAG,bully_support,NCG,DFN,ATK,NEG,scenario_homophobia_julie_third,homophobia
176,Elodie30,09:49:25,constance t a pas honte,bully_support,OAG,victim_support,DNG,ATK,DFN,NEG,scenario_homophobia_julie_third,homophobia
177,constance,09:49:29,et pd?,victim_support,CAG,bully_support,NCG,DFN,ATK,NEG,scenario_homophobia_julie_third,homophobia
178,marie2,09:49:31,julie c t en train de s'appaiser arrete de parler stp meuf,victim_support,NAG,NULL,NULL,OTH,DFN,NEU,scenario_homophobia_julie_third,homophobia
189,marie2,09:50:30,emilie tes vrm en mauvaise posture,victim_support,OAG,bully,OTH,DFN,ATK,NEG,scenario_homophobia_julie_third,homophobia
190,Emilie,09:50:39,comme toi ts les soirs,bully,OAG,victim_support,DNG,ATK,DFN,NEG,scenario_homophobia_julie_third,homophobia
0,<Ellian-Harceleur>,[2:29:52 PM],ooooow gros FDB je vais te niker tout tes mort wallah grosse suceuse de bite que tu suce . je te revoi a la lib je te descent avec un gros calibre sa mere,bully,OAG,NULL,OTH,ATK,NULL,NEG,scenario_homophobia_paul,homophobia
1,<Arthur-Soutien-Harceleur>,[2:32:10 PM],sale trdc perdu,bully_support,OAG,NULL,NCG,ATK,NULL,NEG,scenario_homophobia_paul,homophobia
2,<Nicola-Soutien-Harceleur>,[2:32:19 PM],vazi je viens avec toi on va le défoncer,bully_support,OAG,NULL,THR,AIN,ATK,NEG,scenario_homophobia_paul,homophobia
3,<Ellian-Harceleur>,[2:32:20 PM],repond fatiquer grosse tapette quer tes je te souleve grosse kehba,bully,OAG,NULL,NCG,ATK,NULL,NEG,scenario_homophobia_paul,homophobia
4,<Arthur-Soutien-Harceleur>,[2:33:22 PM],vazy on va lui faire sucer des grosses bites vu quil aime  faire sa,bully_support,OAG,NULL,OTH,AIN,ATK,NEG,scenario_homophobia_paul,homophobia
5,<Ellian-Harceleur>,[2:33:29 PM],comme ta daronne la tchwin zebi tu me degoute gros crasseux que t va bouffer tes grosse bite,bully,OAG,NULL,OTH,ATK,NULL,NEG,scenario_homophobia_paul,homophobia
6,<Paul-Victime>,[2:37:22 PM],"vous êtes degueu,  tout le monde a le droit de faire  sa life",victim,OAG,bully,DNG,DFN,ATK,NEG,scenario_homophobia_paul,homophobia
7,<Arthur-Soutien-Harceleur>,[2:37:36 PM],tg toi,bully_support,OAG,victim,OTH,ATK,DFN,NEG,scenario_homophobia_paul,homophobia
8,<Paul-Victime>,[2:37:53 PM],ftg toi même,victim,OAG,bully_support,OTH,DFN,ATK,NEG,scenario_homophobia_paul,homophobia
9,<Nicola-Soutien-Harceleur>,[2:37:56 PM],franchement tu devrais aller voire un médecin,bully_support,CAG,victim,OTH,GSL,DFN,NEG,scenario_homophobia_paul,homophobia
10,<Ellian-Harceleur>,[2:38:00 PM],wallah tg keske tu ouvre ta bouche de suceuse,bully,OAG,victim,DNG,ATK,DFN,NEG,scenario_homophobia_paul,homophobia
11,<Paul-Victime>,[2:38:17 PM],"et toi le psy,  pas supporter les autres c'est un problème dans ta tête",victim,OAG,bully_support,DNG,DFN,GSL,NEG,scenario_homophobia_paul,homophobia
12,<Nicola-Soutien-Harceleur>,[2:38:33 PM],c pas normale ton truc fdp,bully_support,OAG,victim,NCG,GSL,DFN,NEG,scenario_homophobia_paul,homophobia
13,<Paul-Victime>,[2:38:37 PM],et toi ta grande g,victim,OAG,bully,OTH,DFN,ATK,NEG,scenario_homophobia_paul,homophobia
14,<Arthur-Soutien-Harceleur>,[2:38:45 PM],vasy tg jvai te faire manger le sol,bully_support,OAG,victim,OTH,ATK,DFN,NEG,scenario_homophobia_paul,homophobia
15,<Paul-Victime>,[2:38:59 PM],c quoi normal  tringler toutes les meufs ?,victim,CAG,bully_support,OTH,DFN,GSL,NEG,scenario_homophobia_paul,homophobia
16,<Nicola-Soutien-Harceleur>,[2:39:07 PM],vasi vvien a la lib on va voire,bully_support,CAG,victim,THR,AIN,ATK,NEG,scenario_homophobia_paul,homophobia
17,<Ellian-Harceleur>,[2:39:15 PM],va la ba vien on ce mange un tete,bully,OAG,victim,THR,AIN,ATK,NEG,scenario_homophobia_paul,homophobia
18,<Paul-Victime>,[2:39:24 PM],tg  gros  ouf,victim,OAG,bully/bully_support,OTH,DFN,NULL,NEG,scenario_homophobia_paul,homophobia
19,<Ellian-Harceleur>,[2:39:29 PM],wallah vien la lib grosse tapette,bully,OAG,victim,OTH,ATK,DFN,NEG,scenario_homophobia_paul,homophobia
20,<Paul-Victime>,[2:39:37 PM],et petit con,victim,OAG,bully/bully_support,OTH,DFN,NULL,NEG,scenario_homophobia_paul,homophobia
21,<Nicola-Soutien-Harceleur>,[2:39:49 PM],on lui faire sucer des bite,bully_support,OAG,victim,THR,AIN,ATK,NEG,scenario_homophobia_paul,homophobia
22,<Ellian-Harceleur>,[2:39:57 PM],gros ouf il ma dit et va niker tes mort aussi,bully,OAG,victim,OTH,ATK,DFN,NEG,scenario_homophobia_paul,homophobia
23,<Nicola-Soutien-Harceleur>,[2:40:12 PM],c un ouf lui on va le def,bully_support,OAG,victim,OTH,AIN,ATK,NEG,scenario_homophobia_paul,homophobia
24,<Paul-Victime>,[2:40:26 PM],wallah et toi t frustré,victim,NAG,NULL,NULL,DFN,ATK,NEU,scenario_homophobia_paul,homophobia
25,<Arthur-Soutien-Harceleur>,[2:40:26 PM],la con de tes motrs,bully_support,OAG,victim,OTH,ATK,DFN,NEG,scenario_homophobia_paul,homophobia
26,<Paul-Victime>,[2:40:51 PM]," j'ai le droit ""être ce que je suis  je  ne te demande rien",victim,NAG,NULL,NULL,CNS,ATK,NEU,scenario_homophobia_paul,homophobia
27,<Ellian-Harceleur>,[2:40:55 PM],ké fustré et retourne chez tra grande tante la grosse pute,bully,OAG,victim,OTH,ATK,DFN,NEG,scenario_homophobia_paul,homophobia
28,<Paul-Victime>,[2:41:09 PM],et ta mère !,victim,CAG,bully,OTH,DFN,ATK,NEG,scenario_homophobia_paul,homophobia
29,<Ellian-Harceleur>,[2:41:35 PM],parle bien de la daronne gros fdp,bully,OAG,victim,NCG,ATK,DFN,NEG,scenario_homophobia_paul,homophobia
30,<Paul-Victime>,[2:42:07 PM],t'as qu'à pas traiter  ma  tante,victim,NAG,NULL,NULL,CNS,ATK,NEU,scenario_homophobia_paul,homophobia
31,<Arthur-Soutien-Harceleur>,[2:42:58 PM],TRD PERDU WLH ATT QUE JTE VOIE,bully_support,OAG,victim,THR,ATK,CNS,NEG,scenario_homophobia_paul,homophobia
32,<Ellian-Harceleur>,[2:43:09 PM],et wallah ta 10 ans zebiiii,bully,OAG,victim,NCG,ATK,CNS,NEG,scenario_homophobia_paul,homophobia
33,<Nicola-Soutien-Harceleur>,[2:43:17 PM],on va lui enfoncer une bite dans le cut,bully_support,OAG,victim,THR,AIN,ATK,NEG,scenario_homophobia_paul,homophobia
34,<Arthur-Soutien-Harceleur>,[2:43:19 PM],JVAI GAZER TOUTES TA DESCENDENCE,bully_support,OAG,victim,THR,ATK,CNS,NEG,scenario_homophobia_paul,homophobia
35,<Ellian-Harceleur>,[2:43:24 PM],on va te prendre en moulant,bully,OAG,victim,THR,AIN,ATK,NEG,scenario_homophobia_paul,homophobia
36,<Paul-Victime>,[2:43:24 PM],eh que moi aussi j'te vois et ferme ta bouche,victim,OAG,bully_support,THR,DFN,ATK,NEG,scenario_homophobia_paul,homophobia
37,<Arthur-Soutien-Harceleur>,[2:43:50 PM],tu va faire quoi avec ton pti corp t solo ta pas dami,bully_support,OAG,victim,DNG,ATK,DFN,NEG,scenario_homophobia_paul,homophobia
38,<Nicola-Soutien-Harceleur>,[2:44:04 PM],on devrais l'emener dans un hopital c mieux,bully_support,CAG,victim,OTH,AIN,ATK,NEG,scenario_homophobia_paul,homophobia
39,<Paul-Victime>,[2:44:12 PM]," vous etes nuls ! chacun doit avoir le droit de faire ce qui lui plait  j""vous demande rien",victim,OAG,bully_support,DNG,DFN,ATK,NEG,scenario_homophobia_paul,homophobia
40,<Nicola-Soutien-Harceleur>,[2:44:21 PM],come sa personne et contaminer ptdr,bully_support,OAG,victim,DNG,ATK,DFN,NEG,scenario_homophobia_paul,homophobia
41,<Ellian-Harceleur>,[2:44:25 PM],va bouffer tes mort ké tu parle avec moi,bully,OAG,victim,OTH,ATK,DFN,NEG,scenario_homophobia_paul,homophobia
42,<Jimmy-Conciliateur>,[2:44:27 PM],stooop,conciliator,NAG,NULL,NULL,CR,NULL,NEU,scenario_homophobia_paul,homophobia
43,<Ellian-Harceleur>,[2:44:36 PM],vien sucer grosse pute,bully,OAG,victim,OTH,ATK,DFN,NEG,scenario_homophobia_paul,homophobia
44,<Paul-Victime>,[2:44:48 PM],"c pas une maladie,  c vous les oufs  le monde est plein  de gens  diffferents   faut se respecter",victim,OAG,bully/bully_support,OTH,DFN,AIN,NEG,scenario_homophobia_paul,homophobia
45,<Ellian-Harceleur>,[2:44:55 PM],et toi aussi pk tu parle Jimmy wallah,bully,OAG,conciliator,OTH,ATK,CR,NEG,scenario_homophobia_paul,homophobia
46,<Nicola-Soutien-Harceleur>,[2:45:12 PM],jimmy c sont mec c sur,bully_support,OAG,victim/conciliator,DNG,AIN,ATK,NEG,scenario_homophobia_paul,homophobia
47,<Arthur-Soutien-Harceleur>,[2:45:19 PM],casse toi jimmy stv pas finir comme lautre fatfat,bully_support,OAG,conciliator,DNG,ATK,CR,NEG,scenario_homophobia_paul,homophobia
48,<Jimmy-Conciliateur>,[2:45:20 PM],c'est pas bien Ellian stop halala,conciliator,NAG,NULL,NULL,CR,ATK,NEU,scenario_homophobia_paul,homophobia
49,<Nicola-Soutien-Harceleur>,[2:45:22 PM],il se suce la bite entre eux,bully_support,OAG,victim/conciliator,DNG,AIN,ATK,NEG,scenario_homophobia_paul,homophobia
50,<Paul-Victime>,[2:45:23 PM],wallah toi le babtou  pourquoi tu parles comme les autres ?,victim,OAG,bully_support,NCG,DFN,AIN,NEG,scenario_homophobia_paul,homophobia
51,<Ellian-Harceleur>,[2:45:28 PM],wallah me degoute gros trdc,bully,OAG,victim,NCG,ATK,DFN,NEG,scenario_homophobia_paul,homophobia
52,<Paul-Victime>,[2:45:57 PM]," vous etes de gros malades qui ne supportent pas les autres  c""est trop important de se respecter",victim,OAG,bully/bully_support,DNG,DFN,NULL,NEG,scenario_homophobia_paul,homophobia
53,<Ellian-Harceleur>,[2:46:05 PM],et quoi quand vous baisser ensemble tu demande a ta daronne de t'aider et ftg tu connais r a la vie,bully,OAG,victim/conciliator,OTH,ATK,DFN,NEG,scenario_homophobia_paul,homophobia
54,<Paul-Victime>,[2:46:21 PM],je ne  vous dis pas ce que vous devez faire alors laissez moi  tranquille,victim,NAG,NULL,NULL,CNS,ATK,NEU,scenario_homophobia_paul,homophobia
55,<Arthur-Soutien-Harceleur>,[2:46:28 PM],on les merdes comme vous ya pas a vous respecter,bully_support,OAG,victim,DNG,ATK,CNS,NEG,scenario_homophobia_paul,homophobia
56,<Paul-Victime>,[2:46:33 PM],parce que toi tu connais ?,victim,CAG,bully_support,DNG,DFN,ATK,NEG,scenario_homophobia_paul,homophobia
57,<Arthur-Soutien-Harceleur>,[2:46:37 PM],pire que des annimeaux,bully_support,OAG,victim,DNG,ATK,CNS,NEG,scenario_homophobia_paul,homophobia
58,<Jimmy-Conciliateur>,[2:46:48 PM],calmez vous c'est pas bien,conciliator,NAG,NULL,NULL,CR,NULL,NEU,scenario_homophobia_paul,homophobia
59,<Ellian-Harceleur>,[2:46:51 PM],bah moi je te dit ce que tu va faire tu va bien niker tes mort,bully,OAG,victim,DNG,ATK,DFN,NEG,scenario_homophobia_paul,homophobia
60,<Paul-Victime>,[2:47:00 PM],de pas reflechir et respecter ce que ressentent les autres  oui c des animaux,victim,CAG,bully_support,OTH,DFN,ATK,NEG,scenario_homophobia_paul,homophobia
61,<Nicola-Soutien-Harceleur>,[2:47:10 PM], jimmy aucupe toi de ton cue que paul encule ;),bully_support,OAG,victim/conciliator,OTH,ATK,CR,NEG,scenario_homophobia_paul,homophobia
62,<Paul-Victime>,[2:47:57 PM]," '=(  Nicolas  t""es trop con  arrete d'etre  bete  et essaie de  comprendre   ton attitude ne te rend pas populaire",victim,OAG,bully_support,NCG,DFN,ATK,NEG,scenario_homophobia_paul,homophobia
63,<Ellian-Harceleur>,[2:48:00 PM],sa ma dit que tu suce bien en plus avec la video qui a tourner fdp,bully,OAG,victim/conciliator,OTH,ATK,DFN,NEG,scenario_homophobia_paul,homophobia
64,<Arthur-Soutien-Harceleur>,[2:48:08 PM],keske wlh,bully_support,OAG,victim,DNG,ATK,DFN,NEG,scenario_homophobia_paul,homophobia
65,<Paul-Victime>,[2:48:22 PM]," n""importe quoi !!! trop nul ",victim,OAG,bully,OTH,DFN,ATK,NEG,scenario_homophobia_paul,homophobia
66,<Arthur-Soutien-Harceleur>,[2:48:24 PM],grave y degoute,bully_support,OAG,victim,DNG,ATK,DFN,NEG,scenario_homophobia_paul,homophobia
67,<Ellian-Harceleur>,[2:48:34 PM],mais wallah vous faite pitier,bully,OAG,victim,DNG,ATK,DFN,NEG,scenario_homophobia_paul,homophobia
68,<Paul-Victime>,[2:48:35 PM]," c""est votre attitude qui degoute",victim,OAG,bully_support,DNG,DFN,ATK,NEG,scenario_homophobia_paul,homophobia
69,<Arthur-Soutien-Harceleur>,[2:48:43 PM],on va te faire tournee dans tout le quartier,bully_support,CAG,victim,THR,ATK,DFN,NEG,scenario_homophobia_paul,homophobia
70,<Jimmy-Conciliateur>,[2:48:43 PM],tous le mondes est différents respectons nous,conciliator,NAG,NULL,NULL,CR,NULL,POS,scenario_homophobia_paul,homophobia
71,<Nicola-Soutien-Harceleur>,[2:48:49 PM],non c toi qui dégoute,bully_support,OAG,victim,DNG,ATK,DFN,NEG,scenario_homophobia_paul,homophobia
72,<Paul-Victime>,[2:48:57 PM],ton manque d'intelligence c pire que tout,victim,OAG,bully_support,DNG,DFN,ATK,NEG,scenario_homophobia_paul,homophobia
73,<Arthur-Soutien-Harceleur>,[2:48:58 PM],tu va repartir en boiten,bully_support,CAG,victim,THR,ATK,DFN,NEG,scenario_homophobia_paul,homophobia
74,<Ellian-Harceleur>,[2:49:12 PM],je vais tenclancher toi vien en ce donne un tete,bully,OAG,victim,THR,ATK,DFN,NEG,scenario_homophobia_paul,homophobia
75,<Paul-Victime>,[2:49:19 PM],vos menaces sont debiles,victim,OAG,bully/bully_support,OTH,DFN,NULL,NEG,scenario_homophobia_paul,homophobia
76,<Nicola-Soutien-Harceleur>,[2:49:31 PM],ba vien n face et on verra,bully_support,CAG,victim,THR,ATK,DFN,NEG,scenario_homophobia_paul,homophobia
77,<Arthur-Soutien-Harceleur>,[2:49:32 PM],lisa et camille y sont inexistant trdc perdu,bully_support,OAG,NULL,NCG,ATK,NULL,NEG,scenario_homophobia_paul,homophobia
78,<Ellian-Harceleur>,[2:49:50 PM],je vais te niker tt tes mort toi ta daronne ton daron et ton fdp de Jimmy le gwer,bully,OAG,conciliator,OTH,ATK,NULL,NEG,scenario_homophobia_paul,homophobia
79,<Jimmy-Conciliateur>,[2:49:54 PM],soyons friends,conciliator,NAG,NULL,NULL,CR,NULL,POS,scenario_homophobia_paul,homophobia
80,<Ellian-Harceleur>,[2:50:06 PM],et ftg friends,bully,OAG,conciliator,OTH,ATK,CR,NEG,scenario_homophobia_paul,homophobia
81,<Nicola-Soutien-Harceleur>,[2:50:07 PM],mes tu va areter jimmy,bully_support,OAG,conciliator,THR,ATK,CR,NEG,scenario_homophobia_paul,homophobia
82,<Arthur-Soutien-Harceleur>,[2:50:14 PM],cb tg toi friend tes mort,bully_support,OAG,conciliator,OTH,ATK,CR,NEG,scenario_homophobia_paul,homophobia
83,<Ellian-Harceleur>,[2:50:26 PM],wallah tu tes cru au stayts,bully,CAG,conciliator,OTH,ATK,CR,NEG,scenario_homophobia_paul,homophobia
84,<Jimmy-Conciliateur>,[2:50:31 PM],pas d'insultes entre nous,conciliator,NAG,NULL,NULL,CR,ATK,NEU,scenario_homophobia_paul,homophobia
85,<Paul-Victime>,[2:50:34 PM],et toi  tu es pretentieux pour niquer tout le monde faut pouvoir. Mais  surtout se servir de son  cerveau c dur quand on en a pas,victim,OAG,bully,DNG,DFN,ATK,NEG,scenario_homophobia_paul,homophobia
86,<Arthur-Soutien-Harceleur>,[2:51:01 PM],jppppppppppppp c quoi ses repartie de victimes la je meur,bully_support,OAG,victim,OTH,ATK,DFN,NEG,scenario_homophobia_paul,homophobia
87,<Ellian-Harceleur>,[2:51:06 PM],et wee hein bien sur wallah au lieux de parler pour rien fdp,bully,OAG,victim,OTH,ATK,DFN,NEG,scenario_homophobia_paul,homophobia
88,<Jimmy-Conciliateur>,[2:51:19 PM],ah ouai paupauuuu,conciliator,CAG,bully_support,OTH,DFN,ATK,NEG,scenario_homophobia_paul,homophobia
89,<Ellian-Harceleur>,[2:51:20 PM],vien te nike ta grand mere kehba,bully,OAG,victim,OTH,ATK,DFN,NEG,scenario_homophobia_paul,homophobia
90,<Paul-Victime>,[2:51:22 PM],c surement plus malin que tes remarques et insultes stupides,victim,OAG,bully_support,OTH,DFN,ATK,NEG,scenario_homophobia_paul,homophobia
91,<Ellian-Harceleur>,[2:51:37 PM],vzy j'ai pas ton temps,bully,OAG,victim,OTH,ATK,DFN,NEG,scenario_homophobia_paul,homophobia
93,<Ellian-Harceleur>,[2:51:40 PM],fdp va niker ttes mort grosse kehba de bitch,bully,OAG,victim,OTH,ATK,DFN,NEG,scenario_homophobia_paul,homophobia
0,Ellian,11:05:23,rentre chez toi malade,bully,OAG,victim,OTH,ATK,NULL,NEG,scenario_homophobia_paul_bis,homophobia
1,Ellian,11:06:10,tu vas contaminer tout le monde paul !!!!!!!,bully,OAG,victim,OTH,ATK,NULL,NEG,scenario_homophobia_paul_bis,homophobia
2,Paul,11:06:37,Comment ça ?? ,victim,NAG,NULL,NULL,DFN,ATK,NEU,scenario_homophobia_paul_bis,homophobia
3,nicola,11:07:05,tu cherche la merde,bully_support,CAG,victim,THR,ATK,DFN,NEG,scenario_homophobia_paul_bis,homophobia
4,Ellian,11:07:11,t'aimes les homme tu dégoute! vas te faire soigner,bully,OAG,victim,DNG,ATK,DFN,NEG,scenario_homophobia_paul_bis,homophobia
5,Lisa23,11:07:20,oh clamez vous la calmez,victim_support,NAG,NULL,NULL,CR,NULL,NEU,scenario_homophobia_paul_bis,homophobia
6,Ellian,11:07:34,parle francais betasse,bully,OAG,victim_support,OTH,ATK,CR,NEG,scenario_homophobia_paul_bis,homophobia
8,Paul,11:07:44,de quoi tu parles ? ,victim,NAG,NULL,NULL,CNS,ATK,NEU,scenario_homophobia_paul_bis,homophobia
10,Ellian,11:08:35,frère t'es gay et tu me parles,bully,OAG,victim,OTH,ATK,OTH,NEG,scenario_homophobia_paul_bis,homophobia
11,Paul,11:08:35,ça n'a aucun lien avec ce dont on a parlé n'est-ce pas ? ...,victim,NAG,NULL,NULL,CNS,ATK,NEU,scenario_homophobia_paul_bis,homophobia
12,Lisa23,11:08:47,faut pas insulter les gens comme ca,victim_support,NAG,NULL,NULL,CNS,ATK,NEU,scenario_homophobia_paul_bis,homophobia
13,Ellian,11:08:47,dégage de la pd,bully,OAG,victim,OTH,ATK,CNS,NEG,scenario_homophobia_paul_bis,homophobia
14,Camille,11:08:58,t'as que de la bouche toi,victim_support,CAG,bully,OTH,DFN,ATK,NEG,scenario_homophobia_paul_bis,homophobia
15,Arthur60,11:08:59,ca dégage,bully_support,NAG,NULL,NULL,AIN,ATK,NEG,scenario_homophobia_paul_bis,homophobia
16,Paul,11:09:12,Je te faisais confiance ...,victim,NAG,NULL,NULL,DFN,ATK,NEG,scenario_homophobia_paul_bis,homophobia
17,Ellian,11:09:12,Camille parle francais,bully,CAG,victim_support,DNG,ATK,DFN,NEG,scenario_homophobia_paul_bis,homophobia
18,Camille,11:09:15,sinon quoi,victim_support,NAG,NULL,NULL,DFN,ATK,NEG,scenario_homophobia_paul_bis,homophobia
20,Lisa23,11:09:33,mais t'a pas d'arguments toi,victim_support,NAG,NULL,NULL,DFN,ATK,NEU,scenario_homophobia_paul_bis,homophobia
21,Ellian,11:10:02,pédale,bully,OAG,victim,NCG,ATK,DFN,NEG,scenario_homophobia_paul_bis,homophobia
24,Paul,11:10:36,Ellian et puis d’abord d'où tu penses que c'est quelque chose dont je dois me soigner ???,victim,NAG,NULL,NULL,DFN,ATK,NEU,scenario_homophobia_paul_bis,homophobia
26,Arthur60,11:10:36,bien dit Ellian,bully_support,NAG,NULL,NULL,AIN,ATK,NEG,scenario_homophobia_paul_bis,homophobia
29,nicola,11:10:56,tu fait du velo sans celle,bully_support,CAG,victim,OTH,ATK,DFN,NEG,scenario_homophobia_paul_bis,homophobia
30,Ellian,11:11:14,bah déjà d'où t'aime les mecs c'est un virus donc va te faire soigner,bully,NAG,NULL,NULL,GSL,DFN,NEG,scenario_homophobia_paul_bis,homophobia
31,Camille,11:11:33,occupe toi de ton cul,victim_support,CAG,bully,DNG,DFN,GSL,NEG,scenario_homophobia_paul_bis,homophobia
32,Lisa45,11:11:33,mais vous etes des grands malades,victim_support,OAG,bully/bully_support,OTH,DFN,GSL,NEG,scenario_homophobia_paul_bis,homophobia
33,Camille,11:11:40,t'as pas de vie ou quoi,victim_support,CAG,bully,DNG,DFN,GSL,NEG,scenario_homophobia_paul_bis,homophobia
34,Paul,11:11:47,ça ne se décide pas Ellian,victim,NAG,NULL,NULL,CNS,GSL,NEU,scenario_homophobia_paul_bis,homophobia
35,Ellian,11:11:54,bah si!,bully,NAG,NULL,NULL,OTH,DFN,NEU,scenario_homophobia_paul_bis,homophobia
36,Arthur60,11:11:58,Camille quest tu veux,bully_support,NAG,NULL,NULL,OTH,DFN,NEU,scenario_homophobia_paul_bis,homophobia
37,nicola,11:12:06,Camille niq toi,bully_support,OAG,victim_support,OTH,ATK,DFN,NEG,scenario_homophobia_paul_bis,homophobia
38,Paul,11:12:22,Quel raisonnement de Boomer ...,victim,CAG,bully_support,OTH,DFN,ATK,NEG,scenario_homophobia_paul_bis,homophobia
40,nicola,11:12:27,et pour Ellian aller aller,bully_support,NAG,NULL,NULL,AIN,OTH,NEG,scenario_homophobia_paul_bis,homophobia
41,Arthur60,11:12:27,lisa toi aussi tu veux quoi ?,bully_support,NAG,NULL,NULL,OTH,DFN,NEU,scenario_homophobia_paul_bis,homophobia
42,Ellian,11:12:38,t'as rien d'autre a dire jimmy,bully,NAG,NULL,NULL,OTH,NULL,NEU,scenario_homophobia_paul_bis,homophobia
44,Lisa45,11:12:42,vous etes qu'une bande de con ceux qui respectent r,victim_support,OAG,bully/bully_support,NCG,DFN,NULL,NEG,scenario_homophobia_paul_bis,homophobia
46,nicola,11:13:18,mais c vous qui respecter pas la nature a etre homo,bully_support,OAG,victim,OTH,ATK,DFN,NEG,scenario_homophobia_paul_bis,homophobia
47,Lisa45,11:13:26,arthur tu veux te fight,victim_support,CAG,bully_support,THR,DFN,OTH,NEG,scenario_homophobia_paul_bis,homophobia
48,Arthur60,11:13:33,lisa tg stp,bully_support,OAG,victim_support,OTH,ATK,DFN,NEG,scenario_homophobia_paul_bis,homophobia
49,Paul,11:13:33,je me sens terriblement humilié ...,victim,NAG,NULL,NULL,OTH,NULL,NEG,scenario_homophobia_paul_bis,homophobia
50,Ellian,11:13:44,t'as bien raison,bully,NAG,NULL,NULL,AIN,ATK,NEG,scenario_homophobia_paul_bis,homophobia
51,nicola,11:13:46,mais c le cas,bully_support,CAG,victim,OTH,ATK,OTH,NEG,scenario_homophobia_paul_bis,homophobia
52,Arthur60,11:13:47,lisa allez lets go,bully_support,CAG,victim_support,OTH,ATK,DFN,NEG,scenario_homophobia_paul_bis,homophobia
53,Paul,11:13:56,ba oui ...,victim,NAG,NULL,NULL,OTH,ATK,NEU,scenario_homophobia_paul_bis,homophobia
54,Lisa45,11:13:57,arthur tu cherche la bagarre tu vas l'avoir petit con,victim_support,OAG,bully_support,OTH,DFN,ATK,NEG,scenario_homophobia_paul_bis,homophobia
55,nicola,11:14:12,je suis arbitre si vous voulez,bully_support,NAG,NULL,NULL,AIN,ATK,NEG,scenario_homophobia_paul_bis,homophobia
56,Paul,11:14:28," En plus, nous étions ami sur Facebook !! ",victim,NAG,NULL,NULL,OTH,NULL,NEU,scenario_homophobia_paul_bis,homophobia
57,Arthur60,11:14:45,mais Paul arrete de parler stppp,bully_support,OAG,victim,OTH,ATK,OTH,NEG,scenario_homophobia_paul_bis,homophobia
58,nicola,11:14:49,le temps passe,bully_support,CAG,victim,OTH,ATK,OTH,NEG,scenario_homophobia_paul_bis,homophobia
59,Camille,11:15:00,vous estes des gays refoulés c'est pour ça que vous savez qu'insulter,victim_support,OAG,bully/bully_support,OTH,DFN,NULL,NEG,scenario_homophobia_paul_bis,homophobia
60,Ellian,11:15:01,t'as cru j'allais rester pote avec un pd,bully,OAG,victim,NCG,ATK,OTH,NEG,scenario_homophobia_paul_bis,homophobia
61,nicola,11:15:05,et les gay ont mal,bully_support,CAG,victim,OTH,AIN,ATK,NEG,scenario_homophobia_paul_bis,homophobia
62,Camille,11:15:12,c'est toi le pd mec,victim_support,OAG,bully,NCG,DFN,ATK,NEG,scenario_homophobia_paul_bis,homophobia
63,Ellian,11:15:12,tg Camille,bully,OAG,victim_support,OTH,ATK,DFN,NEG,scenario_homophobia_paul_bis,homophobia
64,Arthur60,11:15:18,ils ont mal au cul trnql,bully_support,CAG,victim/victim_support,DNG,ATK,NULL,NEG,scenario_homophobia_paul_bis,homophobia
65,Camille,11:15:25,tu veux quoi toi Ellian,victim_support,NAG,NULL,NULL,DFN,ATK,NEU,scenario_homophobia_paul_bis,homophobia
66,nicola,11:15:41,tg Camille t'es une merde,bully_support,OAG,victim_support,OTH,ATK,DFN,NEG,scenario_homophobia_paul_bis,homophobia
67,Ellian,11:15:49,tu raconte nimp,bully,OAG,victim_support,OTH,ATK,DFN,NEG,scenario_homophobia_paul_bis,homophobia
68,Arthur60,11:15:54,allez va dormir Camille,bully_support,CAG,victim_support,OTH,ATK,DFN,NEG,scenario_homophobia_paul_bis,homophobia
69,Camille,11:15:58,je suis pas noir donc non Camille,victim_support,NAG,NULL,NULL,CNS,ATK,NEG,scenario_homophobia_paul_bis,homophobia
70,Paul,11:16:00,nicola je ne souffre que lorsque des personnes comme vous se comporte comme des boomer,victim,OAG,bully_support,OTH,DFN,AIN,NEG,scenario_homophobia_paul_bis,homophobia
71,Camille,11:16:13,Ellian,victim_support,NAG,NULL,NULL,OTH,ATK,NEU,scenario_homophobia_paul_bis,homophobia
72,Ellian,11:16:15,tu parles a toi bête grosse conne t tebe,bully,OAG,victim_support,NCG,ATK,CNS,NEG,scenario_homophobia_paul_bis,homophobia
73,Paul,11:16:22,Oui Camille ?,victim,NAG,NULL,NULL,OTH,OTH,NEU,scenario_homophobia_paul_bis,homophobia
74,nicola,11:16:25,Paul lui il aime les noir,bully_support,CAG,victim,OTH,ATK,NULL,NEG,scenario_homophobia_paul_bis,homophobia
75,Ellian,11:16:43, nan mais boomer change de voc pd,bully,OAG,victim,OTH,ATK,DFN,NEG,scenario_homophobia_paul_bis,homophobia
76,Lisa45,11:16:53,mais ojn s'en fout qu'il aime les noirs laisse le aimer qui il veut non ?,victim_support,NAG,NULL,NULL,CNS,ATK,NEU,scenario_homophobia_paul_bis,homophobia
77,nicola,11:17:13,bah non  on baisse pas avec des animeaux,bully_support,CAG,victim,OTH,ATK,CNS,NEG,scenario_homophobia_paul_bis,homophobia
78,Ellian,11:17:15,il aime surtout les grosse,bully,OAG,victim,OTH,ATK,DFN,NEG,scenario_homophobia_paul_bis,homophobia
79,Paul,11:17:18,Ellian Ok boomer ah ba oui evidemment Ellian c'est bien connu ça ...,victim,OAG,bully,NCG,DFN,ATK,NEG,scenario_homophobia_paul_bis,homophobia
80,Ellian,11:17:53,bah ouais,bully,NAG,NULL,NULL,OTH,DFN,NEU,scenario_homophobia_paul_bis,homophobia
81,nicola,11:18:00,il y a plus d'espace,bully_support,CAG,victim,OTH,ATK,NULL,NEG,scenario_homophobia_paul_bis,homophobia
82,Arthur60,11:18:04,Lisa45  il aime se qui est a gros volume finalement,bully_support,OAG,victim_support,DNG,ATK,CNS,NEG,scenario_homophobia_paul_bis,homophobia
83,Paul,11:18:17,tu manques pas de clichés ... c'est pathétique !,victim,OAG,bully_support,DNG,DFN,ATK,NEG,scenario_homophobia_paul_bis,homophobia
84,Ellian,11:18:19,t'aime les mecs donc t'aime les grosse,bully,OAG,victim,OTH,ATK,DFN,NEG,scenario_homophobia_paul_bis,homophobia
85,Paul,11:18:38,Ellian c'est tout à fait logique,victim,NAG,NULL,NULL,CNS,ATK,NEU,scenario_homophobia_paul_bis,homophobia
86,Lisa45,11:18:44,arthur t'es pas productif tu parles pour dire que de la merde,victim_support,OAG,bully_support,DNG,DFN,ATK,NEG,scenario_homophobia_paul_bis,homophobia
87,Arthur60,11:19:04,merci Lisa45,bully_support,CAG,victim_support,OTH,ATK,DFN,NEG,scenario_homophobia_paul_bis,homophobia
89,Lisa45,11:19:18,t'insulte pour rien dire t'as pas d'arguments,victim_support,OAG,bully_support,OTH,DFN,ATK,NEG,scenario_homophobia_paul_bis,homophobia
90,Arthur60,11:19:27,et toi tu parles dans le vent,bully_support,OAG,victim_support,OTH,ATK,DFN,NEG,scenario_homophobia_paul_bis,homophobia
91,Camille,11:19:29,Ellian la merde ca sort du cul pas de la bouche,victim_support,CAG,bully,OTH,DFN,ATK,NEG,scenario_homophobia_paul_bis,homophobia
94,Ellian,11:20:11,wow t'as de la repartit,bully,CAG,victim_support,OTH,ATK,DFN,NEG,scenario_homophobia_paul_bis,homophobia
96,Ellian,11:20:17,Camille,bully,NAG,NULL,NULL,OTH,DFN,NEU,scenario_homophobia_paul_bis,homophobia
97,Camille,11:20:22,Ellian ?,victim_support,NAG,NULL,NULL,OTH,OTH,NEU,scenario_homophobia_paul_bis,homophobia
98,Ellian,11:20:26,t'es nul enfaite,bully,OAG,victim_support,DNG,ATK,OTH,NEG,scenario_homophobia_paul_bis,homophobia
99,nicola,11:20:26,comme Paul il s'en blc,bully_support,OAG,victim,OTH,ATK,DFN,NEG,scenario_homophobia_paul_bis,homophobia
100,Ellian,11:20:29,rentre chez toi tu sers a r vrmt degage,bully,OAG,victim_support,DNG,ATK,OTH,NEG,scenario_homophobia_paul_bis,homophobia
101,Arthur60,11:20:44,jsuis chez moi perso,bully_support,NAG,NULL,NULL,AIN,ATK,NEG,scenario_homophobia_paul_bis,homophobia
102,Paul,11:20:47,Heureusement que là nicola ...,victim,CAG,bully_support,OTH,DFN,ATK,NEG,scenario_homophobia_paul_bis,homophobia
103,Camille,11:20:54,c'est toi rentre dans ton pays d'homophobes Ellian,victim_support,OAG,bully,OTH,DFN,ATK,NEG,scenario_homophobia_paul_bis,homophobia
104,Lisa45,11:20:55,mais vous la bouclez jamais,victim_support,OAG,bully_support,OTH,DFN,AIN,NEG,scenario_homophobia_paul_bis,homophobia
105,Paul,11:21:04,pour nous partager tes remarques pertinentes,victim,CAG,bully_support,OTH,DFN,ATK,NEG,scenario_homophobia_paul_bis,homophobia
106,Ellian,11:21:05,je suis dans mon pays femme homme homme femme,bully,CAG,victim,OTH,ATK,DFN,NEG,scenario_homophobia_paul_bis,homophobia
107,Camille,11:21:16,visiblement non,victim_support,NAG,NULL,NULL,CNS,ATK,NEU,scenario_homophobia_paul_bis,homophobia
108,Ellian,11:21:19,PAS HOMME HOMME,bully,CAG,victim,OTH,ATK,DFN,NEG,scenario_homophobia_paul_bis,homophobia
109,Arthur60,11:21:20,Lisa45 toi aussi finalement *,bully_support,OAG,victim_support,OTH,ATK,DFN,NEG,scenario_homophobia_paul_bis,homophobia
110,Paul,11:21:32,Ellian c'est HomFameCity ?,victim,CAG,bully,OTH,DFN,ATK,NEG,scenario_homophobia_paul_bis,homophobia
111,Ellian,11:21:34,c'est pas dans la nature bah ouais,bully,CAG,victim,OTH,ATK,DFN,NEG,scenario_homophobia_paul_bis,homophobia
112,Lisa45,11:21:55,Arthur tu vas t'en prendre une,victim_support,OAG,bully_support,OTH,DFN,ATK,NEG,scenario_homophobia_paul_bis,homophobia
113,Ellian,11:21:59,donc va te faire soigner et vite,bully,OAG,victim,OTH,GSL,DFN,NEG,scenario_homophobia_paul_bis,homophobia
114,Camille,11:22:01,deux une de ma part aussi,victim_support,NAG,NULL,NULL,EMP,DFN,NEG,scenario_homophobia_paul_bis,homophobia
115,nicola,11:22:10,Paul aussi il s'en prend une,bully_support,OAG,victim,OTH,ATK,DFN,NEG,scenario_homophobia_paul_bis,homophobia
116,Arthur60,11:22:11,allez trois meme,bully_support,OAG,victim_support,OTH,ATK,EMP,NEG,scenario_homophobia_paul_bis,homophobia
117,Paul,11:22:19,Ellian et donc tu me conseilles quoi comme traitement ?,victim,NAG,NULL,NULL,DFN,GSL,NEU,scenario_homophobia_paul_bis,homophobia
118,Lisa45,11:22:28,pourquoi pas quatre,victim_support,NAG,NULL,NULL,DFN,ATK,NEU,scenario_homophobia_paul_bis,homophobia
119,Ellian,11:22:46,vas dans un asile !!!,bully,CAG,victim,DNG,ATK,DFN,NEG,scenario_homophobia_paul_bis,homophobia
120,Arthur60,11:22:48,Paul un traitement ? t'as que dal,bully_support,OAG,victim,OTH,ATK,DFN,NEG,scenario_homophobia_paul_bis,homophobia
121,Paul,11:22:56,il n'y a que des mentalités comme la tienne pour considérer que c'est une maladie,victim,NAG,NULL,NULL,CNS,ATK,NEU,scenario_homophobia_paul_bis,homophobia
122,nicola,11:23:07,un stage avec jacquie et michel,bully_support,CAG,victim,OTH,ATK,DFN,NEG,scenario_homophobia_paul_bis,homophobia
123,Ellian,11:23:29,pas du tout c'est comme on a etait crée,bully,NAG,NULL,NULL,GSL,CNS,NEG,scenario_homophobia_paul_bis,homophobia
124,Camille,11:23:50,on sais tous que vous regardez des pornos gays arretez de faire les choqué,victim_support,OAG,bully,OTH,DFN,GSL,NEG,scenario_homophobia_paul_bis,homophobia
125,Ellian,11:24:06,elle est folle elle,bully,OAG,victim_support,NCG,ATK,DFN,NEG,scenario_homophobia_paul_bis,homophobia
126,nicola,11:24:13,oui deux femmes ensemble,bully_support,CAG,victim/victim_support,OTH,ATK,DFN,NEG,scenario_homophobia_paul_bis,homophobia
127,Ellian,11:24:14,tu veux me faire gerbé,bully,OAG,victim_support,NCG,ATK,DFN,NEG,scenario_homophobia_paul_bis,homophobia
128,Lisa45,11:24:14,bahahaha gay refoulé,victim_support,OAG,bully,NCG,DFN,ATK,NEG,scenario_homophobia_paul_bis,homophobia
129,Paul,11:24:19,Ellian la mentalité ... Papa dans Maman et rien d'autre ne peut exister par définition c'est bien ça ?,victim,OAG,bully,OTH,DFN,ATK,NEG,scenario_homophobia_paul_bis,homophobia
130,Ellian,11:24:30,bah ouais,bully,NAG,NULL,NULL,OTH,DFN,NEU,scenario_homophobia_paul_bis,homophobia
133,Paul,11:24:57,...,victim,NAG,NULL,NULL,OTH,NULL,NEU,scenario_homophobia_paul_bis,homophobia
134,Lisa45,11:24:57,enfaite vous etes jaloux,victim_support,NAG,NULL,NULL,OTH,OTH,NEU,scenario_homophobia_paul_bis,homophobia
135,Camille,11:25:04,wow quell repartie Ellian,victim_support,CAG,bully,OTH,DFN,ATK,NEG,scenario_homophobia_paul_bis,homophobia
136,Arthur60,11:25:06,Paul t'as tout compris,bully_support,CAG,victim,OTH,ATK,DFN,NEG,scenario_homophobia_paul_bis,homophobia
137,Paul,11:25:10,Quel rageux,victim,OAG,bully,OTH,DFN,NULL,NEG,scenario_homophobia_paul_bis,homophobia
139,Camille,11:25:58,ton fantasme c'est de baiser un mec t'en reve pourquoi tu nous fait le saint,victim_support,OAG,bully,OTH,DFN,OTH,NEG,scenario_homophobia_paul_bis,homophobia
140,nicola,11:26:26,tu parle a Paul la ?,bully_support,CAG,victim,OTH,ATK,DFN,NEG,scenario_homophobia_paul_bis,homophobia
141,Ellian,11:26:28,non,bully,NAG,NULL,NULL,OTH,DFN,NEU,scenario_homophobia_paul_bis,homophobia
142,Camille,11:26:30,non a Ellian,victim_support,OAG,bully,OTH,DFN,ATK,NEG,scenario_homophobia_paul_bis,homophobia
143,Ellian,11:26:45,ptdrrr ah non tkt,bully,NAG,NULL,NULL,OTH,DFN,NEU,scenario_homophobia_paul_bis,homophobia
145,nicola,11:26:51,Ellian est gay aussi ?,bully_support,NAG,NULL,NULL,OTH,DFN,NEU,scenario_homophobia_paul_bis,homophobia
146,Ellian,11:26:55,j'aime les nichons,bully,NAG,NULL,NULL,OTH,DFN,NEU,scenario_homophobia_paul_bis,homophobia
147,nicola,11:26:56,choqué dessus a ca me rassure,bully_support,NAG,NULL,NULL,OTH,OTH,NEU,scenario_homophobia_paul_bis,homophobia
148,Camille,11:27:16,t'aime les bites de noir fait pas genre,victim_support,OAG,bully,OTH,DFN,OTH,NEG,scenario_homophobia_paul_bis,homophobia
149,Paul,11:27:20,Ellian  ah ba oui ! c'est évident,victim,NAG,NULL,NULL,OTH,OTH,NEU,scenario_homophobia_paul_bis,homophobia
150,nicola,11:27:21,moi aussi Ellian tu as raison,bully_support,NAG,NULL,NULL,OTH,OTH,NEU,scenario_homophobia_paul_bis,homophobia
151,Arthur60,11:27:24,tu vois Ellian a compris la vie contrairement a Paul,bully_support,OAG,victim,OTH,ATK,OTH,NEG,scenario_homophobia_paul_bis,homophobia
152,Lisa45,11:27:31,Ellian tu aime les tetons des hommes pas des femmes,victim_support,OAG,bully,OTH,DFN,OTH,NEG,scenario_homophobia_paul_bis,homophobia
153,nicola,11:27:32,hitler a vise les mauvais,bully_support,CAG,victim_support,OTH,ATK,DFN,NEG,scenario_homophobia_paul_bis,homophobia
154,Ellian,11:27:56,Déjàa lisa ecrit dès le debut fr,bully,NAG,NULL,NULL,OTH,DFN,NEU,scenario_homophobia_paul_bis,homophobia
155,Camille,11:27:56,on vois les votes zemmour arriver,victim_support,CAG,bully_support,OTH,DFN,ATK,NEG,scenario_homophobia_paul_bis,homophobia
156,Lisa45,11:28:10,apprend le français stp,victim_support,CAG,bully_support,DNG,DFN,ATK,NEG,scenario_homophobia_paul_bis,homophobia
157,nicola,11:28:16,bah ouais,bully_support,CAG,victim_support,OTH,ATK,DFN,NEU,scenario_homophobia_paul_bis,homophobia
158,Arthur60,11:28:16,zemours !!!!,bully_support,NAG,NULL,NULL,OTH,DFN,NEU,scenario_homophobia_paul_bis,homophobia
159,nicola,11:28:26,vive hitler et zemmours,bully_support,CAG,victim_support,OTH,ATK,DFN,NEG,scenario_homophobia_paul_bis,homophobia
160,Lisa45,11:28:44,nicola ftg,victim_support,OAG,bully_support,OTH,DFN,ATK,NEG,scenario_homophobia_paul_bis,homophobia
161,Paul,11:28:46," je ne vois le rapport entre Hitler, Zemmour et la discussion ...",victim,CAG,bully_support,OTH,DFN,ATK,NEU,scenario_homophobia_paul_bis,homophobia
162,Arthur60,11:28:48,aucun gay ICI CA DEGAGE,bully_support,OAG,victim,OTH,ATK,DFN,NEG,scenario_homophobia_paul_bis,homophobia
163,nicola,11:28:53,toi,bully_support,OAG,victim,OTH,ATK,DFN,NEU,scenario_homophobia_paul_bis,homophobia
164,Paul,11:28:57,mais bon venant de nicola ça ne me surprend pas !,victim,CAG,bully_support,OTH,DFN,ATK,NEG,scenario_homophobia_paul_bis,homophobia
165,nicola,11:28:59,le gay,bully_support,OAG,victim,OTH,ATK,DFN,NEG,scenario_homophobia_paul_bis,homophobia
166,Camille,11:29:05,c'est toi tu degage mec,victim_support,OAG,bully_support,OTH,DFN,ATK,NEG,scenario_homophobia_paul_bis,homophobia
167,Lisa45,11:29:13,arthur alors degage,victim_support,CAG,bully_support,OTH,DFN,ATK,NEG,scenario_homophobia_paul_bis,homophobia
168,Ellian,11:29:16,Camille prend la porte,bully,OAG,victim_support,OTH,ATK,DFN,NEG,scenario_homophobia_paul_bis,homophobia
169,nicola,11:29:17,moi au moins je suis un sucer de premiere pas*,bully_support,CAG,victim,DNG,ATK,DFN,NEG,scenario_homophobia_paul_bis,homophobia
170,Arthur60,11:29:34," Camille moi j'ai compris la vie, un homme une femme . rien de plus Camille ca degage",bully_support,OAG,victim,OTH,ATK,DFN,NEG,scenario_homophobia_paul_bis,homophobia
171,Camille,11:30:09,bahaha aller va te prendre une queue dans le cul ca te decoincera,victim_support,OAG,bully_support,OTH,DFN,ATK,NEG,scenario_homophobia_paul_bis,homophobia
172,Ellian,11:30:27,Camille tu me degoute,bully,OAG,victim_support,DNG,ATK,DFN,NEG,scenario_homophobia_paul_bis,homophobia
173,nicola,11:30:35,Paul est decoincais depuis lomgtemps,bully_support,OAG,victim,DNG,ATK,DFN,NEG,scenario_homophobia_paul_bis,homophobia
174,Arthur60,11:30:36,prends en une deja par ton mec si t'en as,bully_support,CAG,victim_support,OTH,ATK,DFN,NEG,scenario_homophobia_paul_bis,homophobia
177,Ellian,11:30:54,ptdrrr grave,bully,NAG,NULL,NULL,AIN,ATK,NEG,scenario_homophobia_paul_bis,homophobia
178,Paul,11:30:57,un raisonnement typique des années 30 ...,victim,CAG,bully_support,OTH,DFN,ATK,NEG,scenario_homophobia_paul_bis,homophobia
179,Lisa45,11:30:58,fc,victim_support,NAG,NULL,NULL,OTH,NULL,NEU,scenario_homophobia_paul_bis,homophobia
180,Ellian,11:31:08,bah presque c'est dans 8 ans 30 2022,bully,CAG,victim,OTH,ATK,DFN,NEG,scenario_homophobia_paul_bis,homophobia
181,Camille,11:31:40,vous voulez pas laisser Paul vivre,victim_support,NAG,NULL,NULL,DFN,ATK,NEG,scenario_homophobia_paul_bis,homophobia
182,Ellian,11:31:44,dans 8 ans on est en 2022,bully,CAG,victim,OTH,ATK,DFN,NEG,scenario_homophobia_paul_bis,homophobia
183,Arthur60,11:31:48,non mdrrr,bully_support,OAG,victim,OTH,ATK,DFN,NEG,scenario_homophobia_paul_bis,homophobia
184,Camille,11:31:56,t'as pas de vie,victim_support,OAG,bully_support,OTH,DFN,ATK,NEG,scenario_homophobia_paul_bis,homophobia
185,Arthur60,11:31:57,il se trouve une meuf,bully_support,OAG,victim,OTH,ATK,DFN,NEG,scenario_homophobia_paul_bis,homophobia
186,Lisa45,11:31:59,bon allez je me casse vous etes que des cons,victim_support,OAG,bully/bully_support,NCG,DFN,NULL,NEG,scenario_homophobia_paul_bis,homophobia
187,Ellian,11:32:05,bon vous me dégouter les pd je me casse et allé vous faire soigner,bully,OAG,victim,OTH,ATK,NULL,NEG,scenario_homophobia_paul_bis,homophobia
188,Arthur60,11:32:11,chao ksos,bully_support,OAG,victim_support,NCG,ATK,DFN,NEG,scenario_homophobia_paul_bis,homophobia
189,Ellian,11:32:15,et Camille tu sers a r,bully,OAG,victim_support,OTH,ATK,DFN,NEG,scenario_homophobia_paul_bis,homophobia
190,nicola,11:32:17,Paul pourra vivre seulement dans un autre monde,bully_support,CAG,victim,OTH,AIN,ATK,NEG,scenario_homophobia_paul_bis,homophobia
191,Paul,11:32:31,je te conseille d'évoluer ! vous*,victim,CAG,bully/bully_support,OTH,DFN,NULL,NEG,scenario_homophobia_paul_bis,homophobia
192,Ellian,11:32:40,ah ba oui ! c'est évident,bully,NAG,NULL,NULL,AIN,AIN,NEG,scenario_homophobia_paul_bis,homophobia
193,nicola,11:32:51,mais moi j'evolue normalement au moins Paul,bully_support,CAG,victim,OTH,ATK,DFN,NEG,scenario_homophobia_paul_bis,homophobia
194,Camille,11:32:54,pathétique,victim_support,OAG,bully,DNG,DFN,ATK,NEG,scenario_homophobia_paul_bis,homophobia
195,Paul,11:32:57,nicola Ellian Arthur60 dans le meme panier,victim,CAG,bully/bully_support,OTH,DFN,NULL,NEG,scenario_homophobia_paul_bis,homophobia
196,Ellian,11:32:57,retourne sur ta planette,bully,CAG,victim,OTH,ATK,DFN,NEG,scenario_homophobia_paul_bis,homophobia
197,Arthur60,11:33:10,Paul ailleur,bully_support,OAG,victim,OTH,AIN,ATK,NEG,scenario_homophobia_paul_bis,homophobia
198,Arthur60,11:33:23,chao ksos,bully_support,OAG,victim,OTH,AIN,ATK,NEG,scenario_homophobia_paul_bis,homophobia
199,nicola,11:33:28,que tu soit nazi ou gay c le meme niveau,bully_support,OAG,victim,OTH,ATK,DFN,NEG,scenario_homophobia_paul_bis,homophobia
14,Ellian,12:46:46,Paul il est en couple avec Brice,bully,OAG,victim/conciliator,OTH,AIN,NULL,NEG,scenario_homophobia_paul_fourth,homophobia
15,Brice,12:46:51,non c faux,conciliator,NAG,NULL,NULL,CNS,AIN,NEU,scenario_homophobia_paul_fourth,homophobia
16,Nicola,12:46:55,bahahah couple de pd,bully_support,OAG,victim/conciliator,NCG,AIN,AIN,NEG,scenario_homophobia_paul_fourth,homophobia
17,Arthur,12:46:57,Déguelasse,bully_support,OAG,victim/conciliator,DNG,AIN,AIN,NEG,scenario_homophobia_paul_fourth,homophobia
19,Arthur,12:47:01,ça dégoute frr,bully_support,OAG,victim/conciliator,DNG,AIN,AIN,NEG,scenario_homophobia_paul_fourth,homophobia
20,Nicola,12:47:01,grosse merde assume brice,bully_support,OAG,conciliator,NCG,ATK,CNS,NEG,scenario_homophobia_paul_fourth,homophobia
21,Paul18,12:47:07,mais n'importe quoi ...,victim,OAG,bully_support,OTH,DFN,ATK,NEG,scenario_homophobia_paul_fourth,homophobia
22,Arthur,12:47:15,Brice tu l'as bien mis dans ta gorge hein?,bully_support,OAG,conciliator,DNG,ATK,CNS,NEG,scenario_homophobia_paul_fourth,homophobia
23,Nicola,12:47:15,paul et brice assumer wsh,bully_support,OAG,victim/conciliator,NCG,ATK,NULL,NEG,scenario_homophobia_paul_fourth,homophobia
24,Brice,12:47:16,c vous les nul,conciliator,OAG,bully_support,DNG,DFN,ATK,NEG,scenario_homophobia_paul_fourth,homophobia
25,Ellian,12:47:18,wlh c'est pas bien Paul,bully,NAG,NULL,NULL,AIN,ATK,NEG,scenario_homophobia_paul_fourth,homophobia
26,Nicola,12:47:19,bande de gay,bully_support,OAG,victim/conciliator,NCG,ATK,DFN,NEG,scenario_homophobia_paul_fourth,homophobia
28,Jimmy,12:47:24,L'harcelement est condamnable pour rappel donc arretez,conciliator,NAG,NULL,NULL,CNS,ATK,NEU,scenario_homophobia_paul_fourth,homophobia
29,Brice,12:47:25,GROS NULLOS,conciliator,OAG,bully/bully_support,NCG,DFN,NULL,NEG,scenario_homophobia_paul_fourth,homophobia
30,LisaLaBoss,12:47:26,paul le goat !!!!,victim_support,NAG,NULL,NULL,OTH,NULL,NEU,scenario_homophobia_paul_fourth,homophobia
31,theo72,12:47:26,Et mais au pire laisser le tranquille,victim_support,NAG,NULL,NULL,DFN,ATK,NEU,scenario_homophobia_paul_fourth,homophobia
32,Nicola,12:47:31,BLCCCC,bully_support,OAG,victim,NCG,ATK,CNS,NEG,scenario_homophobia_paul_fourth,homophobia
33,Arthur,12:47:34,toi dors Paul,bully_support,OAG,victim,OTH,AIN,NULL,NEU,scenario_homophobia_paul_fourth,homophobia
34,Ellian,12:47:34,Que des Pd dans le groupe,bully,OAG,victim/victim_support/conciliator,NCG,ATK,NULL,NEG,scenario_homophobia_paul_fourth,homophobia
35,Arthur,12:47:39,réel,bully_support,NAG,NULL,NULL,AIN,ATK,NEG,scenario_homophobia_paul_fourth,homophobia
36,theo72,12:47:40,y fait ce qui veux,victim_support,NAG,NULL,NULL,DFN,ATK,NEU,scenario_homophobia_paul_fourth,homophobia
37,Nicola,12:47:43,paul la tehon,bully_support,OAG,victim,NCG,ATK,NULL,NEG,scenario_homophobia_paul_fourth,homophobia
39,Ellian,12:47:44,Paul assume,bully,OAG,victim,OTH,ATK,NULL,NEG,scenario_homophobia_paul_fourth,homophobia
40,Brice,12:47:45,oui,conciliator,NAG,NULL,NULL,OTH,DFN,NEU,scenario_homophobia_paul_fourth,homophobia
41,theo72,12:47:49,Y fait de mal à personne,victim_support,NAG,NULL,NULL,CNS,ATK,NEU,scenario_homophobia_paul_fourth,homophobia
51,theo72,12:48:22,Assume tout simplement que vous aussi vous êtes gay ptdr,victim_support,OAG,bully,OTH,DFN,ATK,NEG,scenario_homophobia_paul_fourth,homophobia
54,theo72,12:48:33,y’a pas a autant refoulé,victim_support,OAG,bully,OTH,DFN,ATK,NEG,scenario_homophobia_paul_fourth,homophobia
55,Ellian,12:48:33,Paul degage y a personne pour toi ici,bully,OAG,victim,OTH,GSL,NULL,NEG,scenario_homophobia_paul_fourth,homophobia
57,Jimmy,12:48:38,Arretez,conciliator,NAG,NULL,NULL,CR,NULL,NEU,scenario_homophobia_paul_fourth,homophobia
58,Ellian,12:48:40,tu nous degoutes tous pd pd pd,bully,OAG,victim,OTH,GSL,NULL,NEG,scenario_homophobia_paul_fourth,homophobia
59,Jimmy,12:48:59,STOP,conciliator,NAG,NULL,NULL,CR,NULL,NEU,scenario_homophobia_paul_fourth,homophobia
60,Paul18,12:49:00,j'assume totalement et je suis révolté par vos attitudes de l'ancien temps,victim,CAG,bully,OTH,DFN,ATK,NEG,scenario_homophobia_paul_fourth,homophobia
61,LisaLaBoss,12:49:03,homophobe,victim_support,OAG,bully,NCG,DFN,ATK,NEG,scenario_homophobia_paul_fourth,homophobia
63,LisaLaBoss,12:49:05,homophobe homophobe,victim_support,OAG,bully,NCG,DFN,ATK,NEG,scenario_homophobia_paul_fourth,homophobia
64,Nicola,12:49:07,paul frr vrm tu me degoute,bully_support,OAG,victim,OTH,ATK,DFN,NEG,scenario_homophobia_paul_fourth,homophobia
66,Brice,12:49:14,HOMOPHOBE,conciliator,OAG,bully,NCG,DFN,ATK,NEG,scenario_homophobia_paul_fourth,homophobia
67,Nicola,12:49:15,je te vois je vomis sur toi,bully_support,OAG,victim,OTH,ATK,DFN,NEG,scenario_homophobia_paul_fourth,homophobia
69,Nicola,12:49:20,sal pd,bully_support,OAG,victim,OTH,ATK,DFN,NEG,scenario_homophobia_paul_fourth,homophobia
70,Arthur,12:49:21,gay,bully_support,OAG,victim,OTH,AIN,ATK,NEG,scenario_homophobia_paul_fourth,homophobia
72,Brice,12:49:27,JUSTICE FOR PAUL,conciliator,NAG,NULL,NULL,DFN,NULL,NEU,scenario_homophobia_paul_fourth,homophobia
73,Ellian,12:49:27,"""revolte"" bahahaha t'as 50 ans comme ton mec",bully,OAG,victim,OTH,ATK,DFN,NEG,scenario_homophobia_paul_fourth,homophobia
74,theo72,12:49:33,Arrêtés de vous répétez sayer apaiser votre âme,victim_support,NAG,NULL,NULL,DFN,ATK,NEU,scenario_homophobia_paul_fourth,homophobia
75,Nicola,12:49:34,PAUL DOIT MOURIR,bully_support,OAG,victim,DNG,ATK,DFN,NEG,scenario_homophobia_paul_fourth,homophobia
76,Brice,12:49:35,a laide,conciliator,NAG,NULL,NULL,OTH,NULL,NEU,scenario_homophobia_paul_fourth,homophobia
77,Camikaz,12:49:38,paullivesmatter,victim_support,NAG,NULL,NULL,EMP,DFN,NEU,scenario_homophobia_paul_fourth,homophobia
78,Brice,12:49:39,vous etes fou,conciliator,OAG,bully_support,NCG,DFN,ATK,NEG,scenario_homophobia_paul_fourth,homophobia
79,Jimmy,12:49:41,L'homophobie et le harcelement est condamnable DONC ARRETEZ !!,conciliator,NAG,NULL,NULL,CR,NULL,NEU,scenario_homophobia_paul_fourth,homophobia
80,Ellian,12:49:42,il vas sur Pornhub Gay ce fils de pute,bully,OAG,victim,OTH,ATK,NULL,NEG,scenario_homophobia_paul_fourth,homophobia
81,Nicola,12:49:46,brice aussi tu merite la mort wsh,bully_support,OAG,conciliator,DNG,ATK,DFN,NEG,scenario_homophobia_paul_fourth,homophobia
82,Paul18,12:49:55,Oui c'est condamnable !!!,victim,NAG,NULL,NULL,EMP,CR,NEU,scenario_homophobia_paul_fourth,homophobia
83,theo72,12:49:56,oe,victim_support,CAG,bully,OTH,DFN,ATK,NEG,scenario_homophobia_paul_fourth,homophobia
84,Brice,12:49:58,OUI STOP STOP IT NOW,conciliator,NAG,NULL,NULL,CR,NULL,NEU,scenario_homophobia_paul_fourth,homophobia
85,Nicola,12:50:05,ellian ta trop raison,bully_support,NAG,NULL,NULL,AIN,ATK,NEG,scenario_homophobia_paul_fourth,homophobia
86,Brice,12:50:12,NON,conciliator,NAG,NULL,NULL,CNS,AIN,NEU,scenario_homophobia_paul_fourth,homophobia
87,Nicola,12:50:23,brice tu sert a r donc tg,bully_support,OAG,conciliator,OTH,ATK,CNS,NEG,scenario_homophobia_paul_fourth,homophobia
88,theo72,12:50:23,mais laisse y fait ce qui veux,victim_support,NAG,NULL,NULL,DFN,ATK,NEU,scenario_homophobia_paul_fourth,homophobia
89,Nicola,12:50:26,non,bully_support,OAG,victim_support,OTH,ATK,DFN,NEG,scenario_homophobia_paul_fourth,homophobia
90,Brice,12:50:28,bref,conciliator,NAG,NULL,NULL,OTH,NULL,NEU,scenario_homophobia_paul_fourth,homophobia
91,Arthur,12:50:30,Théo Brice Plan a 4 les reufs? no homo,bully_support,OAG,victim/victim_support/conciliator,OTH,ATK,NULL,NEG,scenario_homophobia_paul_fourth,homophobia
92,Brice,12:50:35,non,conciliator,NAG,NULL,NULL,DFN,ATK,NEU,scenario_homophobia_paul_fourth,homophobia
93,theo72,12:50:38,t’es personne pour définir ce que les gens doivent aimer,victim_support,NAG,NULL,NULL,CNS,ATK,NEG,scenario_homophobia_paul_fourth,homophobia
94,Ellian,12:50:41,theo le soutient pas,bully,NAG,NULL,NULL,OTH,CNS,NEG,scenario_homophobia_paul_fourth,homophobia
95,Nicola,12:50:44,si,bully_support,NAG,NULL,NULL,OTH,OTH,NEG,scenario_homophobia_paul_fourth,homophobia
96,LisaLaBoss,12:50:47,Nicola dis pas de dingueire je balance a la prof sinon,victim_support,OAG,bully_support,THR,DFN,ATK,NEG,scenario_homophobia_paul_fourth,homophobia
97,theo72,12:50:52,si fdp,victim_support,OAG,bully_support,NCG,DFN,ATK,NEG,scenario_homophobia_paul_fourth,homophobia
100,Brice,12:51:00,wsh nico faut quil se calme,conciliator,NAG,NULL,NULL,CR,NULL,NEU,scenario_homophobia_paul_fourth,homophobia
101,Ellian,12:51:06,si vous balance je vous explose,bully,OAG,victim_support,THR,ATK,CNS,NEG,scenario_homophobia_paul_fourth,homophobia
102,Paul18,12:51:06,Ouais on balance à la prof sinon !,victim,OAG,bully_support,THR,EMP,DFN,NEG,scenario_homophobia_paul_fourth,homophobia
103,Nicola,12:51:08,tg brice vrm,bully_support,OAG,conciliator,OTH,ATK,CR,NEG,scenario_homophobia_paul_fourth,homophobia
104,Brice,12:51:11,il est fou le boug,conciliator,OAG,bully_support,NCG,EMP,DFN,NEG,scenario_homophobia_paul_fourth,homophobia
105,Ellian,12:51:13,paul sale merde,bully,OAG,victim,NCG,ATK,DFN,NEG,scenario_homophobia_paul_fourth,homophobia
106,Arthur,12:51:16,Brice endors toi,bully_support,OAG,conciliator,OTH,ATK,EMP,NEG,scenario_homophobia_paul_fourth,homophobia
107,Jimmy,12:51:17,Chacun aime qui il veut mais ce n'est pas une raison pour harceler,conciliator,NAG,NULL,NULL,CR,NULL,NEU,scenario_homophobia_paul_fourth,homophobia
108,Nicola,12:51:18,quelle prof ??,bully_support,NAG,NULL,NULL,OTH,DFN,NEU,scenario_homophobia_paul_fourth,homophobia
109,Camikaz,12:51:18,ellian arrete de faire l'homophobe on sait que t'es un trans mon reuf,victim_support,OAG,bully,OTH,DFN,ATK,NEG,scenario_homophobia_paul_fourth,homophobia
110,Ellian,12:51:19,ca se voit t'es pd toi,bully,OAG,conciliator,NCG,ATK,CR,NEG,scenario_homophobia_paul_fourth,homophobia
111,Brice,12:51:19,non,conciliator,NAG,NULL,NULL,DFN,ATK,NEU,scenario_homophobia_paul_fourth,homophobia
112,theo72,12:51:33,c’est bine t’es pas si con que ça au final Nicola tu connais au moins ton prénom,victim_support,OAG,bully_support,OTH,OTH,OTH,NEG,scenario_homophobia_paul_fourth,homophobia
113,Nicola,12:51:36,brice le gay refouler,bully_support,OAG,conciliator,DNG,ATK,DFN,NEG,scenario_homophobia_paul_fourth,homophobia
114,LisaLaBoss,12:51:41,BON ARRETEZ STOP !! LE HARCELEMENT VOU VOU RENDER PA COMTE VOU BLESSER PAUL !!!!,victim_support,NAG,NULL,NULL,CR,NULL,NEU,scenario_homophobia_paul_fourth,homophobia
115,Brice,12:51:43,lol,conciliator,NAG,NULL,NULL,OTH,ATK,NEU,scenario_homophobia_paul_fourth,homophobia
116,Arthur,12:51:48,Paul tu sais faire de ta vie a part de se prendre des queues,bully_support,OAG,victim,DNG,ATK,NULL,NEG,scenario_homophobia_paul_fourth,homophobia
117,Brice,12:51:52,STOP,conciliator,NAG,NULL,NULL,CR,NULL,NEG,scenario_homophobia_paul_fourth,homophobia
118,Arthur,12:51:54,rien faire*,bully_support,OAG,victim,DNG,ATK,NULL,NEG,scenario_homophobia_paul_fourth,homophobia
119,Nicola,12:51:55,on s'en fou de paul,bully_support,OAG,victim,OTH,ATK,CR,NEG,scenario_homophobia_paul_fourth,homophobia
120,Camikaz,12:51:59,c'est pas gentil d'etre mechant,victim_support,NAG,NULL,NULL,CR,NULL,NEU,scenario_homophobia_paul_fourth,homophobia
121,Nicola,12:52:02,qui creve,bully_support,OAG,victim,OTH,ATK,CR,NEG,scenario_homophobia_paul_fourth,homophobia
122,Brice,12:52:03,STOP A LA VIOLANCE,conciliator,NAG,NULL,NULL,CR,NULL,NEG,scenario_homophobia_paul_fourth,homophobia
123,Nicola,12:52:09,cette sombre merde,bully_support,OAG,victim,OTH,ATK,DFN,NEG,scenario_homophobia_paul_fourth,homophobia
124,Ellian,12:52:10,paul il mange 30km de queue,bully,OAG,victim,DNG,ATK,NULL,NEG,scenario_homophobia_paul_fourth,homophobia
125,Arthur,12:52:13,Paul meurs,bully_support,OAG,victim,OTH,AIN,ATK,NEG,scenario_homophobia_paul_fourth,homophobia
126,Ellian,12:52:16,c'est plus que ta daronne,bully,OAG,victim,DNG,ATK,NULL,NEG,scenario_homophobia_paul_fourth,homophobia
127,Paul18,12:52:18,Je me sens franchement humilié ...,victim,NAG,NULL,NULL,OTH,ATK,NEG,scenario_homophobia_paul_fourth,homophobia
128,theo72,12:52:24,C’est les gens fermés d’esprit comme vous qui mériteraient de crever,victim_support,OAG,bully_support,DNG,DFN,ATK,NEG,scenario_homophobia_paul_fourth,homophobia
129,Ellian,12:52:24,bah degage,bully,OAG,victim,OTH,ATK,OTH,NEG,scenario_homophobia_paul_fourth,homophobia
130,Brice,12:52:26,Tkt paul,conciliator,NAG,NULL,NULL,EMP,OTH,POS,scenario_homophobia_paul_fourth,homophobia
131,Ellian,12:52:30,on veut pas de toi,bully,OAG,victim,OTH,ATK,OTH,NEG,scenario_homophobia_paul_fourth,homophobia
132,Brice,12:52:30,ca va aller,conciliator,NAG,NULL,NULL,EMP,OTH,POS,scenario_homophobia_paul_fourth,homophobia
133,Arthur,12:52:33,Paul le drôle,bully_support,CAG,victim,NCG,ATK,OTH,NEG,scenario_homophobia_paul_fourth,homophobia
134,Nicola,12:52:37,brice va dead,bully_support,OAG,conciliator,THR,ATK,EMP,NEG,scenario_homophobia_paul_fourth,homophobia
135,Ellian,12:52:38,viens meme pas en cours,bully,OAG,victim,OTH,ATK,OTH,NEG,scenario_homophobia_paul_fourth,homophobia
136,Brice,12:52:48,mais ho calmos les nullos,conciliator,OAG,bully/bully_support,DNG,DFN,NULL,NEG,scenario_homophobia_paul_fourth,homophobia
137,theo72,12:52:55,oh les sangs oh pire vivez votre vie de votre côté lui de la sienne et c’est tout,victim_support,NAG,NULL,NULL,CR,NULL,NEU,scenario_homophobia_paul_fourth,homophobia
138,Arthur,12:52:56,on t'attend à la sortie Paul (no homo),bully_support,OAG,victim,THR,ATK,OTH,NEG,scenario_homophobia_paul_fourth,homophobia
139,theo72,12:53:11,vazy Arthur on t’attend aussi,victim_support,OAG,bully_support,THR,DFN,ATK,NEG,scenario_homophobia_paul_fourth,homophobia
140,Ellian,12:53:14,theo brice et paul un trouple gay,bully,OAG,victim/victim_support/conciliator,OTH,ATK,NULL,NEG,scenario_homophobia_paul_fourth,homophobia
141,LisaLaBoss,12:53:17,VOUS VOUS RENDER PA COMTE YA DES GEN IL SE SUICIDE A QUAUSE DE VO CONNERI,victim_support,OAG,bully_support,OTH,DFN,ATK,NEG,scenario_homophobia_paul_fourth,homophobia
142,Arthur,12:53:21,tg lisa,bully_support,OAG,victim_support,OTH,ATK,DFN,NEG,scenario_homophobia_paul_fourth,homophobia
143,Nicola,12:53:24,BAHAHAHA DE FOU,bully_support,OAG,victim_support,OTH,ATK,DFN,NEG,scenario_homophobia_paul_fourth,homophobia
144,Brice,12:53:24,tkt je ramene mon equip,conciliator,OAG,bully/bully_support,THR,DFN,NULL,NEG,scenario_homophobia_paul_fourth,homophobia
145,Arthur,12:53:26,tu sers a rien,bully_support,OAG,victim_support,OTH,ATK,DFN,NEG,scenario_homophobia_paul_fourth,homophobia
146,theo72,12:53:28,c’est tout ce que t’as à dire,victim_support,NAG,NULL,NULL,OTH,ATK,NEU,scenario_homophobia_paul_fourth,homophobia
147,Nicola,12:53:29,lisa tg,bully_support,OAG,victim_support,OTH,ATK,DFN,NEG,scenario_homophobia_paul_fourth,homophobia
148,Arthur,12:53:30,cuisine,bully_support,OAG,victim_support,OTH,ATK,DFN,NEG,scenario_homophobia_paul_fourth,homophobia
149,LisaLaBoss,12:53:35,RENTRE DANS TON PAYS ARTHUR,victim_support,OAG,bully_support,OTH,DFN,ATK,NEG,scenario_homophobia_paul_fourth,homophobia
150,Brice,12:53:41,lolll,conciliator,NAG,NULL,NULL,OTH,NULL,NEU,scenario_homophobia_paul_fourth,homophobia
151,theo72,12:53:44,allez frère toi tu fais pitié Arthur,victim_support,OAG,bully_support,OTH,DFN,ATK,NEG,scenario_homophobia_paul_fourth,homophobia
152,Ellian,12:53:46,faut qu'il se suicide c'est le mieux pour l'humanite,bully,OAG,victim,DNG,ATK,DFN,NEG,scenario_homophobia_paul_fourth,homophobia
153,Paul18,12:53:48,mais Arthur est francais,victim,NAG,NULL,NULL,OTH,DFN,NEU,scenario_homophobia_paul_fourth,homophobia
154,Arthur,12:53:54,le culot théo,bully_support,OAG,victim_support,OTH,ATK,DFN,NEG,scenario_homophobia_paul_fourth,homophobia
155,LisaLaBoss,12:53:56,dis lui les thermes theo,victim_support,NAG,NULL,NULL,OTH,DFN,NEU,scenario_homophobia_paul_fourth,homophobia
156,Jimmy,12:54:00,Elliam a tu envie d'aller au tribunal ?,conciliator,NAG,NULL,NULL,CNS,ATK,NEG,scenario_homophobia_paul_fourth,homophobia
157,Arthur,12:54:00,Théo 72 frr,bully_support,NAG,NULL,NULL,OTH,DFN,NEU,scenario_homophobia_paul_fourth,homophobia
158,Paul18,12:54:05,bref Ellian je pense que tu me dois des excuses ...,victim,NAG,NULL,NULL,DFN,ATK,NEU,scenario_homophobia_paul_fourth,homophobia
159,LisaLaBoss,12:54:06,arthur c'est camerounais,victim_support,NAG,NULL,NULL,OTH,OTH,NEU,scenario_homophobia_paul_fourth,homophobia
160,Nicola,12:54:10,non paul,bully_support,NAG,NULL,NULL,OTH,DFN,NEG,scenario_homophobia_paul_fourth,homophobia
161,Ellian,12:54:15,mdr dans tes reves,bully,CAG,victim,OTH,ATK,DFN,NEG,scenario_homophobia_paul_fourth,homophobia
162,Nicola,12:54:17,t pd t pd assume,bully_support,OAG,victim,NCG,ATK,DFN,NEG,scenario_homophobia_paul_fourth,homophobia
163,Jimmy,12:54:24,ARRETEZ DE L'HARCELER,conciliator,NAG,NULL,NULL,CR,NULL,NEG,scenario_homophobia_paul_fourth,homophobia
164,theo72,12:54:26,theo c’est chinois qu’est-ce tu me racontes,victim_support,NAG,NULL,NULL,OTH,NULL,NEU,scenario_homophobia_paul_fourth,homophobia
165,Nicola,12:54:29,espece de gros gay,bully_support,OAG,victim,OTH,ATK,DFN,NEG,scenario_homophobia_paul_fourth,homophobia
166,Arthur,12:54:30,grosse bite de noir que Paul pourrait se prendre,bully_support,OAG,victim,DNG,ATK,DFN,NEG,scenario_homophobia_paul_fourth,homophobia
167,Ellian,12:54:30,j'parle pas au pedale,bully,OAG,victim,OTH,ATK,DFN,NEG,scenario_homophobia_paul_fourth,homophobia
168,Paul18,12:54:41,tu es sous le choc et c'est normal ...,victim,NAG,NULL,NULL,OTH,ATK,NEU,scenario_homophobia_paul_fourth,homophobia
0,lisa26,10:21:44,salut Ellian je voulais te dire que ce que tu fait a Paul est vraiment nul,victim_support,NAG,NULL,NULL,OTH,NULL,NEG,scenario_homophobia_paul_third,homophobia
1,Ellian,10:21:56,je m'en fou Paul t es gay de tout facon tout le monde le dit sal gay,bully,OAG,victim,OTH,ATK,NULL,NEG,scenario_homophobia_paul_third,homophobia
2,Camille,10:22:25,chacun est comme il est,victim_support,NAG,NULL,NULL,DFN,ATK,NEU,scenario_homophobia_paul_third,homophobia
3,Paul-victime,10:22:25,c'est pas de ma faute ellian je pensais que tu étais mon ami...  ;(,victim,NAG,NULL,NULL,DFN,ATK,NEU,scenario_homophobia_paul_third,homophobia
4,Ellian,10:22:41,si c est de ta faute,bully,OAG,victim,OTH,ATK,DFN,NEG,scenario_homophobia_paul_third,homophobia
5,lisa26,10:22:42,mais toi t'est qu'un gay refouler Ellian,victim_support,OAG,bully,NCG,DFN,ATK,NEG,scenario_homophobia_paul_third,homophobia
6,Ellian,10:22:54,nan j aime pas les pd,bully,OAG,victim,DNG,ATK,DFN,NEG,scenario_homophobia_paul_third,homophobia
7,Paul-victime,10:23:13,pourtant avant que je te le dise tu étais bien mon ami,victim,NAG,NULL,NULL,OTH,ATK,NEU,scenario_homophobia_paul_third,homophobia
8,Ellian,10:23:15,toi me parle pas la pute,bully,OAG,victim_support,NCG,ATK,DFN,NEG,scenario_homophobia_paul_third,homophobia
9,Camille,10:23:22,mais o pire laisse le trkl et fait ta vie sans faire chier personne,victim_support,NAG,NULL,NULL,CNS,ATK,NEG,scenario_homophobia_paul_third,homophobia
10,lisa26,10:23:29,mdr tu veut proteger ton image  d'hetero,victim_support,OAG,bully,OTH,DFN,ATK,NEG,scenario_homophobia_paul_third,homophobia
11,Ellian,10:23:30,ouai mais sa a changer,bully,CAG,victim,OTH,ATK,DFN,NEG,scenario_homophobia_paul_third,homophobia
12,lisa26,10:23:40,mais on le sait que tu fait ca pour te cacher,victim_support,OAG,bully,OTH,DFN,ATK,NEG,scenario_homophobia_paul_third,homophobia
13,Ellian,10:23:43,mtn je t aime plus,bully,CAG,victim,OTH,ATK,OTH,NEG,scenario_homophobia_paul_third,homophobia
14,Paul-victime,10:23:44,en quoi ca a cahnger je suis toujours pareil,victim,NAG,NULL,NULL,OTH,ATK,NEU,scenario_homophobia_paul_third,homophobia
15,Ellian,10:23:51,on est plus potes,bully,NAG,NULL,NULL,OTH,OTH,NEU,scenario_homophobia_paul_third,homophobia
16,Camille,10:24:02,cool ta vie,victim_support,NAG,NULL,NULL,OTH,OTH,NEU,scenario_homophobia_paul_third,homophobia
17,Ellian,10:24:10,tg toi,bully,OAG,victim_support,OTH,ATK,DFN,NEG,scenario_homophobia_paul_third,homophobia
18,Camille,10:24:20,rentres chez toi,victim_support,OAG,bully,DNG,DFN,ATK,NEG,scenario_homophobia_paul_third,homophobia
19,Ellian,10:24:27,t es adopter et en plus t es noir,bully,OAG,victim,DNG,ATK,OTH,NEG,scenario_homophobia_paul_third,homophobia
20,Camille,10:24:29,tu as aucune confiance en toi,victim_support,OAG,bully,DNG,DFN,ATK,NEG,scenario_homophobia_paul_third,homophobia
21,lisa26,10:24:33,vous etes nul les mec serieux,victim_support,OAG,bully/bully_support,DNG,DFN,NULL,NEG,scenario_homophobia_paul_third,homophobia
22,Ellian,10:24:34,tg,bully,OAG,victim_support,OTH,ATK,DFN,NEG,scenario_homophobia_paul_third,homophobia
23,Camille,10:24:38,tu te cache derrière des excuses,victim_support,OAG,bully,OTH,DFN,ATK,NEG,scenario_homophobia_paul_third,homophobia
24,Ellian,10:24:41,sale pute,bully,OAG,victim_support,NCG,ATK,DFN,NEG,scenario_homophobia_paul_third,homophobia
25,Camille,10:24:50,woah quelle repartie,victim_support,CAG,bully,OTH,DFN,ATK,NEG,scenario_homophobia_paul_third,homophobia
26,Ellian,10:25:07,va manger tes morts,bully,OAG,victim_support,DNG,ATK,DFN,NEG,scenario_homophobia_paul_third,homophobia
27,Camille,10:25:20,avec grand palisir si tu en fait partie,victim_support,CAG,bully,OTH,DFN,ATK,NEG,scenario_homophobia_paul_third,homophobia
28,lisa26,10:25:28,mdr toi meme,victim_support,CAG,bully,OTH,DFN,ATK,NEG,scenario_homophobia_paul_third,homophobia
29,Theo10,10:25:36,Salut les frr,victim_support,NAG,NULL,NULL,OTH,NULL,NEU,scenario_homophobia_paul_third,homophobia
80,Paul-victime,10:25:36,franchement je t'ai juste dit que j'étais gay mais que tu m'intéressais je me suis juste confié à toi,victim,NAG,NULL,NULL,DFN,ATK,NEU,scenario_homophobia_paul_third,homophobia
81,Ellian,10:25:48,vous etes tous gay ou quoi,bully,OAG,victim/victim_support,OTH,ATK,NULL,NEG,scenario_homophobia_paul_third,homophobia
82,Theo10,10:25:57,Non j'suis hétéro moi,victim_support,NAG,NULL,NULL,DFN,ATK,NEU,scenario_homophobia_paul_third,homophobia
83,Paul-victime,10:26:00,et t'arrête pas de nous insulter,victim,NAG,NULL,NULL,DFN,ATK,NEG,scenario_homophobia_paul_third,homophobia
84,Ellian,10:26:00,bande de pd,bully,OAG,victim/victim_support,NCG,ATK,NULL,NEG,scenario_homophobia_paul_third,homophobia
85,Theo10,10:26:07,Qu'est qui t'arrive toi ?,victim_support,OAG,bully,OTH,DFN,ATK,NEG,scenario_homophobia_paul_third,homophobia
86,Camille,10:26:10,oe de ouf je pref etre gay que d'etre comme toi ellian,victim_support,CAG,bully,DNG,DFN,ATK,NEG,scenario_homophobia_paul_third,homophobia
87,Ellian,10:26:10,toi tg le gay la,bully,OAG,victim_support,OTH,ATK,DFN,NEG,scenario_homophobia_paul_third,homophobia
88,Theo10,10:26:17,Pourquoi tu te permets d'insulter comme ça,victim_support,CAG,bully,OTH,DFN,ATK,NEG,scenario_homophobia_paul_third,homophobia
89,Paul-victime,10:26:18,tu as peur ou quoi,victim,OAG,bully,OTH,DFN,ATK,NEG,scenario_homophobia_paul_third,homophobia
90,Camille,10:26:25,oui il se chie dessus,victim_support,CAG,bully,OTH,DFN,ATK,NEG,scenario_homophobia_paul_third,homophobia
91,lisa26,10:26:25,mais ta aucune repartit poupou,victim_support,CAG,bully,OTH,DFN,ATK,NEG,scenario_homophobia_paul_third,homophobia
92,Ellian,10:26:32,nan jammais peur d un gay,bully,OAG,victim,OTH,ATK,DFN,NEG,scenario_homophobia_paul_third,homophobia
93,Theo10,10:26:33,Il t'as rien fait,victim_support,NAG,NULL,NULL,DFN,ATK,NEU,scenario_homophobia_paul_third,homophobia
94,Paul-victime,10:26:37,alors pk dire tout ca,victim,NAG,NULL,NULL,CNS,ATK,NEU,scenario_homophobia_paul_third,homophobia
95,Ellian,10:26:59,theo ftg toi aussi t es gay ou quoi,bully,OAG,victim_support,OTH,ATK,DFN,NEG,scenario_homophobia_paul_third,homophobia
96,Theo10,10:27:06,oui et alors ?,victim_support,OAG,bully,OTH,DFN,ATK,NEG,scenario_homophobia_paul_third,homophobia
97,Ellian,10:27:30,vous etes tous trop bizzard a etre gay,bully,OAG,victim/victim_support,DNG,ATK,NULL,NEG,scenario_homophobia_paul_third,homophobia
98,Theo10,10:27:33,pourquoi ça t'interesse mon cochon ?,victim_support,OAG,bully,NCG,DFN,ATK,NEG,scenario_homophobia_paul_third,homophobia
99,Ellian,10:27:36,vous etes pas naturel,bully,OAG,victim,DNG,ATK,CNS,NEG,scenario_homophobia_paul_third,homophobia
100,Theo10,10:27:39,stv on peut s'arranger,victim_support,NAG,NULL,NULL,CR,ATK,NEU,scenario_homophobia_paul_third,homophobia
101,Camille,10:27:41,au pire case toi ellian avec insultes on s'en balle,victim_support,OAG,bully,OTH,DFN,ATK,NEG,scenario_homophobia_paul_third,homophobia
102,Paul-victime,10:27:45,tkt tu vas pas devenir gay c'est pa un virus,victim,NAG,NULL,NULL,CNS,ATK,NEU,scenario_homophobia_paul_third,homophobia
103,Ellian,10:27:50,je vais topus vouys eclate la geul un par un,bully,OAG,victim/victim_support,NCG,ATK,NULL,NEG,scenario_homophobia_paul_third,homophobia
104,Theo10,10:27:53,mdrrr,victim_support,NAG,NULL,NULL,EMP,DFN,NEG,scenario_homophobia_paul_third,homophobia
105,Ellian,10:27:57,bande de tarlouzz,bully,OAG,victim/victim_support,NCG,ATK,NULL,NEG,scenario_homophobia_paul_third,homophobia
106,Camille,10:28:10,il fait chier personne il te demande pas de toucher son cul cul a se que je sache,victim_support,OAG,bully,OTH,DFN,ATK,NEG,scenario_homophobia_paul_third,homophobia
107,lisa26,10:28:13,ouuuuuuuuu attention o a peur,victim_support,CAG,bully,OTH,DFN,ATK,NEG,scenario_homophobia_paul_third,homophobia
108,Ellian,10:28:49,je vais tous vous enculer bande de fils de putes,bully,OAG,victim/victim_support,OTH,ATK,NULL,NEG,scenario_homophobia_paul_third,homophobia
109,Camille,10:28:59,oooooo,victim_support,NAG,NULL,NULL,OTH,ATK,NEU,scenario_homophobia_paul_third,homophobia
110,Ellian,10:29:02,tous qautant que vous etes,bully,OAG,victim/victim_support,OTH,ATK,NULL,NEG,scenario_homophobia_paul_third,homophobia
111,Camille,10:29:04,on a peur,victim_support,CAG,bully,DNG,DFN,ATK,NEG,scenario_homophobia_paul_third,homophobia
112,lisa26,10:29:10,nous on va faire des affiche avec ta grosse tete de sale refouler,victim_support,CAG,bully,OTH,DFN,ATK,NEG,scenario_homophobia_paul_third,homophobia
113,Ellian,10:29:22,tg sale noir,bully,OAG,victim_support,OTH,ATK,DFN,NEG,scenario_homophobia_paul_third,homophobia
114,Camille,10:29:26,ecoute achète toi une face meme pas je te touche avec un baton,victim_support,CAG,bully,DNG,DFN,ATK,NEG,scenario_homophobia_paul_third,homophobia
115,Theo10,10:29:38,tu déverses ta haine car tu as peur d'assumer ton orientation sexuelle en raison du regard d'antant de la société qui était plutôt primitif et axé uniquement sur une haine pure et noire,victim_support,OAG,bully,OTH,DFN,ATK,NEG,scenario_homophobia_paul_third,homophobia
116,Ellian,10:29:57,le baton qui seervais a te faire battre sa negro,bully,OAG,victim_support,OTH,ATK,DFN,NEG,scenario_homophobia_paul_third,homophobia
117,lisa26,10:30:07,theo je t'aime souleve moi,victim_support,NAG,NULL,NULL,OTH,DFN,POS,scenario_homophobia_paul_third,homophobia
118,Theo10,10:30:13,vasi lisa prq p)as pas envoie ton snap bb,victim_support,NAG,NULL,NULL,OTH,OTH,POS,scenario_homophobia_paul_third,homophobia
119,Paul-victime,10:30:27,c'est dommage  tu n'as jamais été comme ça Ellian,victim,OAG,bully,DNG,DFN,ATK,NEG,scenario_homophobia_paul_third,homophobia
120,Theo10,10:30:30,mais juste Ellian tu vois,victim_support,OAG,bully,OTH,DFN,ATK,NEG,scenario_homophobia_paul_third,homophobia
121,Ellian,10:30:32,grv envoir ton snap,bully,CAG,victim_support,OTH,ATK,OTH,NEG,scenario_homophobia_paul_third,homophobia
122,lisa26,10:30:47,tkt apres theo ;),victim_support,NAG,NULL,NULL,OTH,OTH,NEU,scenario_homophobia_paul_third,homophobia
123,Theo10,10:30:52,Ellian le truc c'est qu'en forçant comme ça tu vas juste te faire ignorer de tout le monde on en a rien a foutre de ton avis que t'aime ou non les gays,victim_support,OAG,bully,OTH,DFN,ATK,NEG,scenario_homophobia_paul_third,homophobia
124,Theo10,10:31:24,en vrai meme arrete de parler sinon on va te bloquer l'orientation d'une personne ne te regarde pas,victim_support,OAG,bully,OTH,DFN,ATK,NEG,scenario_homophobia_paul_third,homophobia
125,Ellian,10:31:42,theo sale arabe je t enclancher,bully,OAG,victim_support,OTH,ATK,DFN,NEG,scenario_homophobia_paul_third,homophobia
126,Theo10,10:31:55,Théo est un nom purement français abrutit ça signifie dieu,victim_support,OAG,bully,NCG,DFN,ATK,NEG,scenario_homophobia_paul_third,homophobia
127,Arthur11,10:32:13,Je suis d'accord avec ellian sale arabe,bully_support,OAG,victim_support,OTH,AIN,ATK,NEG,scenario_homophobia_paul_third,homophobia
128,Theo10,10:32:17,donc un peu de respect ma grande,victim_support,OAG,bully,NCG,DFN,ATK,NEG,scenario_homophobia_paul_third,homophobia
129,Jimmy,10:32:17,mais pourquoi tu réagis comme ca Ellian enfaite,conciliator,NAG,NULL,NULL,CNS,ATK,NEU,scenario_homophobia_paul_third,homophobia
130,lisa26,10:32:25,arthur et les minimoys la,victim_support,OAG,bully_support,OTH,DFN,AIN,NEG,scenario_homophobia_paul_third,homophobia
131,Ellian,10:32:34,tg t es avec moi toi,bully,OAG,conciliator,OTH,ATK,CNS,NEG,scenario_homophobia_paul_third,homophobia
132,lisa26,10:32:38,on va t'enclencher,victim_support,OAG,bully_support,OTH,DFN,AIN,NEG,scenario_homophobia_paul_third,homophobia
133,Arthur11,10:32:40,ta gueule,bully_support,OAG,victim_support,OTH,ATK,DFN,NEG,scenario_homophobia_paul_third,homophobia
134,Jimmy,10:32:41,Ca t'apporte quoi ?,conciliator,NAG,NULL,NULL,DFN,ATK,NEU,scenario_homophobia_paul_third,homophobia
135,Camille,10:32:43,tu es raciste de mieux en mieux,victim_support,OAG,bully,NCG,DFN,ATK,NEG,scenario_homophobia_paul_third,homophobia
136,Paul-victime,10:32:50,c'est clair,victim,NAG,NULL,NULL,OTH,DFN,NEU,scenario_homophobia_paul_third,homophobia
137,Arthur11,10:32:55,ça nous apporte du rire bouffon,bully_support,OAG,conciliator,OTH,ATK,DFN,NEG,scenario_homophobia_paul_third,homophobia
138,Theo10,10:32:55,"arthur t'as le nom du mec que j'ai frappé hier, il va bien ton nez ?",victim_support,CAG,bully_support,OTH,DFN,ATK,NEG,scenario_homophobia_paul_third,homophobia
139,Ellian,10:33:02,lisa retourne a la cuisine sale pute,bully,OAG,victim_support,NCG,ATK,DFN,NEG,scenario_homophobia_paul_third,homophobia
140,Theo10,10:33:06,mdrrrr,victim_support,CAG,bully_support,OTH,DFN,ATK,NEG,scenario_homophobia_paul_third,homophobia
141,Ellian,10:33:07,camille aussi,bully,OAG,victim_support,NCG,ATK,DFN,NEG,scenario_homophobia_paul_third,homophobia
142,Jimmy,10:33:12,mais quel rire,conciliator,NAG,NULL,NULL,EMP,DFN,NEG,scenario_homophobia_paul_third,homophobia
143,Theo10,10:33:14,Ellian c'est un nom de biche,victim_support,OAG,bully,NCG,DFN,ATK,NEG,scenario_homophobia_paul_third,homophobia
144,Jimmy,10:33:16,cest frole,conciliator,NAG,NULL,NULL,OTH,DFN,NEU,scenario_homophobia_paul_third,homophobia
145,Camille,10:33:22,et toi a la nicge sale chien,victim_support,OAG,bully,NCG,DFN,ATK,NEG,scenario_homophobia_paul_third,homophobia
146,Theo10,10:33:22,pourquoi tu forces espece de loco,victim_support,OAG,bully,NCG,DFN,ATK,NEG,scenario_homophobia_paul_third,homophobia
147,Jimmy,10:33:27,genre tu te trouve ca drole ?,conciliator,NAG,NULL,NULL,DFN,ATK,NEU,scenario_homophobia_paul_third,homophobia
148,Arthur11,10:33:30,theo frr t'as le nom d'un legume,bully_support,CAG,victim_support,OTH,ATK,DFN,NEG,scenario_homophobia_paul_third,homophobia
149,Theo10,10:33:36,d'accord Arthur,victim_support,NAG,NULL,NULL,DFN,ATK,NEU,scenario_homophobia_paul_third,homophobia
150,Ellian,10:33:38,grvvvv,bully,NAG,NULL,NULL,AIN,ATK,NEG,scenario_homophobia_paul_third,homophobia
151,Theo10,10:33:41,si tu veux,victim_support,CAG,bully_support,OTH,DFN,ATK,NEG,scenario_homophobia_paul_third,homophobia
152,lisa26,10:33:50,ellian vient a la sortie du lycéé je vais te foutre une casserole a la gueule on vera la cuisiniere mdr,victim_support,OAG,bully,THR,DFN,AIN,NEG,scenario_homophobia_paul_third,homophobia
153,Theo10,10:34:14,"Théo c'est juste mon pseudonyme, attaquer quelqu'un sur internet c'est comme parler au vent, ça ne mène nul part",victim_support,NAG,NULL,NULL,CNS,ATK,NEG,scenario_homophobia_paul_third,homophobia
154,Arthur11,10:34:35,paul espece de sale gué,bully_support,OAG,victim,OTH,ATK,NULL,NEG,scenario_homophobia_paul_third,homophobia
155,Camille,10:34:43,et alors meme,victim_support,OAG,bully_support,OTH,DFN,ATK,NEU,scenario_homophobia_paul_third,homophobia
156,Theo10,10:34:51,plutot que d'insulter essaye de réfléchir correctement car ton cerveau doit bien lagger,victim_support,OAG,bully_support,DNG,DFN,ATK,NEG,scenario_homophobia_paul_third,homophobia
157,Camille,10:35:05,*tu met pas ta teub dans son cul cul alors fermme ta gueule,victim_support,OAG,bully_support,OTH,DFN,ATK,NEG,scenario_homophobia_paul_third,homophobia
158,Jimmy,10:35:20,mais vous pensez que cest facile pour paul ? il peut pas le controle et tu reagit comme ca,conciliator,OAG,bully_support,NCG,DFN,ATK,NEU,scenario_homophobia_paul_third,homophobia
159,Jimmy,10:35:29,chenapan va,conciliator,OAG,bully_support,NCG,DFN,ATK,NEG,scenario_homophobia_paul_third,homophobia
160,Paul-victime,10:35:32,merci Camile!,victim,NAG,NULL,NULL,EMP,DFN,NEG,scenario_homophobia_paul_third,homophobia
161,lisa26,10:35:33,poupou tkt pas on va pas se laisser faire,victim_support,NAG,NULL,NULL,EMP,DFN,NEG,scenario_homophobia_paul_third,homophobia
162,Paul-victime,10:36:08,merci beaoucp ca fait plz de voir que vous me soutenez,victim,NAG,NULL,NULL,OTH,EMP,POS,scenario_homophobia_paul_third,homophobia
163,lisa26,10:36:40,ne t'inquiete pas on sera toujours la pour toi !,victim_support,NAG,NULL,NULL,EMP,OTH,POS,scenario_homophobia_paul_third,homophobia
164,Camille,10:35:48,tkt il faut les faire obeir ses gros chien,victim_support,OAG,bully/bully_support,NCG,DFN,NULL,NEG,scenario_homophobia_paul_third,homophobia
165,Jimmy,10:36:05,nahahaha,conciliator,NAG,NULL,NULL,OTH,DFN,NEG,scenario_homophobia_paul_third,homophobia
166,Theo10,10:36:09,bon,victim_support,NAG,NULL,NULL,EMP,DFN,NEU,scenario_homophobia_paul_third,homophobia
168,Ellian,10:36:13,paul arrête de parler et va te reprendre des queu dans le cul,bully,OAG,victim,OTH,ATK,OTH,NEG,scenario_homophobia_paul_third,homophobia
169,Arthur11,10:36:15,calme toi camille reste à ta place de femme,bully_support,CAG,victim_support,DNG,ATK,DFN,NEG,scenario_homophobia_paul_third,homophobia
170,Ellian,10:36:19,sale gay,bully,OAG,victim,OTH,ATK,OTH,NEG,scenario_homophobia_paul_third,homophobia
172,Ellian,10:36:50,merci athur,bully,NAG,NULL,NULL,AIN,ATK,NEG,scenario_homophobia_paul_third,homophobia
173,Paul-victime,10:37:01,serieu c'est rien d'être gay! tu es hétéro je suis gay et puis voila,victim,OAG,bully,OTH,DFN,ATK,NEG,scenario_homophobia_paul_third,homophobia
174,lisa26,10:37:06,mais vous etes des sale matcho,victim_support,OAG,bully,NCG,DFN,ATK,NEG,scenario_homophobia_paul_third,homophobia
175,Paul-victime,10:37:10,tkt pas je vais pas te sauter dessus,victim,OAG,bully_support,OTH,DFN,ATK,NEG,scenario_homophobia_paul_third,homophobia
177,Jimmy,10:37:13,DIS LEUR,conciliator,NAG,NULL,NULL,OTH,NULL,NEU,scenario_homophobia_paul_third,homophobia
178,Camille,10:37:19,et toi t koi fere t meme pas un homme tu viens de l'antiquité et tu aprle avec moi,victim_support,CAG,bully_support,DNG,DFN,ATK,NEG,scenario_homophobia_paul_third,homophobia
179,Theo10,10:37:20,"Ellian au pire ce que tu peux faire c'est aller sur amazon commander une corde et un tabouret puis te pendre, peut etre qu'apres ton ame sera apaisée car aujourd'hui la société à un regarde de plus en plus gentil sur les LGBT",victim_support,OAG,bully_support,DNG,DFN,ATK,NEG,scenario_homophobia_paul_third,homophobia
180,Arthur11,10:37:20,bah frr etre gay c'est une maladie,bully_support,OAG,victim_support,DNG,ATK,DFN,NEG,scenario_homophobia_paul_third,homophobia
181,Ellian,10:37:32,bin si tu va lui sauter dessu vu que t es gay,bully,OAG,victim,OTH,ATK,DFN,NEG,scenario_homophobia_paul_third,homophobia
182,Arthur11,10:37:33,donc va voir un psy,bully_support,OAG,victim,OTH,ATK,DFN,NEG,scenario_homophobia_paul_third,homophobia
184,lisa26,10:37:43,OOOO LES REFOULER VOS GUEULE,victim_support,OAG,bully/bully_support,OTH,DFN,NULL,NEG,scenario_homophobia_paul_third,homophobia
185,Theo10,10:37:43,peut etre que mort t'iras mieux psychologiquement,victim_support,CAG,bully,DNG,DFN,ATK,NEG,scenario_homophobia_paul_third,homophobia
187,Ellian,10:38:03,lisa tg t es adopter noir juive at arabe,bully,OAG,victim_support,DNG,ATK,DFN,NEG,scenario_homophobia_paul_third,homophobia
188,Theo10,10:38:13,petit blanc bec riche moche et avec un pti zizi,victim_support,OAG,bully,DNG,DFN,ATK,NEG,scenario_homophobia_paul_third,homophobia
190,Ellian,10:38:27,ouai je complex sur mon zizi,bully,CAG,victim_support,OTH,ATK,DFN,NEG,scenario_homophobia_paul_third,homophobia
191,Theo10,10:38:33,je savais,victim_support,NAG,NULL,NULL,DFN,ATK,NEG,scenario_homophobia_paul_third,homophobia
192,lisa26,10:38:36,vous etes raciste sexiste et homophobe rien de pire,victim_support,OAG,bully,NCG,DFN,ATK,NEG,scenario_homophobia_paul_third,homophobia
193,Camille,10:38:38,oe de ouf tu as baisé une meuf de 5 ans o moins ca rentre,victim_support,OAG,bully,DNG,DFN,ATK,NEG,scenario_homophobia_paul_third,homophobia
195,Theo10,10:38:43,un homme avec un petit calibre ne tire pas sur les bonnes personnes,victim_support,CAG,bully,DNG,DFN,ATK,NEG,scenario_homophobia_paul_third,homophobia
196,Ellian,10:38:45,ouai c est chaud 36 mm,bully,CAG,victim_support,OTH,ATK,DFN,NEG,scenario_homophobia_paul_third,homophobia
197,Arthur11,10:38:55,theo t'as pas le droit de parler,bully_support,OAG,victim_support,DNG,ATK,DFN,NEG,scenario_homophobia_paul_third,homophobia
198,Theo10,10:39:03,Arthur tu veux une preuve ?,victim_support,CAG,bully_support,OTH,DFN,ATK,NEG,scenario_homophobia_paul_third,homophobia
200,Theo10,10:39:16,Jsuis fier d'avoir une trompe comm e ça,victim_support,CAG,bully_support,OTH,DFN,ATK,NEG,scenario_homophobia_paul_third,homophobia
201,lisa26,10:39:18,je sais que tu voulais me pecho ellian mais avec ce que tu vient de faire,victim_support,OAG,bully,DNG,DFN,ATK,NEG,scenario_homophobia_paul_third,homophobia
202,Theo10,10:39:21,si tu complexes c pg t'as pas finis ta croissance,victim_support,CAG,bully_support,OTH,DFN,ATK,NEG,scenario_homophobia_paul_third,homophobia
203,lisa26,10:39:28,tu me la mettra jamais mdr,victim_support,CAG,bully_support,DNG,DFN,ATK,NEG,scenario_homophobia_paul_third,homophobia
205,Theo10,10:39:42,Lisa moi jv te cartoucher tkp,victim_support,NAG,NULL,NULL,OTH,DFN,NEG,scenario_homophobia_paul_third,homophobia
206,Arthur11,10:39:59,ellian vouloir pecho lisa mdr tu ressemble à mellisandre,bully_support,CAG,victim_support,DNG,ATK,DFN,NEG,scenario_homophobia_paul_third,homophobia
207,Camille,10:40:00,lisa elle a connu mieux elle va pas regressé,victim_support,NAG,NULL,NULL,OTH,DFN,NEG,scenario_homophobia_paul_third,homophobia
208,Theo10,10:40:14,bref que vous soyez hétéro gays pan peut importe votre orientation on s'en blc,victim_support,NAG,NULL,NULL,DFN,ATK,NEG,scenario_homophobia_paul_third,homophobia
210,Theo10,10:40:31,deja vous bz pas vous etes tous puceaux,victim_support,OAG,bully/bully_support,OTH,DFN,NULL,NEG,scenario_homophobia_paul_third,homophobia
211,Ellian,10:40:37,wsh arthur parle pas mal de melissandre comme sa,bully,OAG,victim_support,OTH,AIN,ATK,NEG,scenario_homophobia_paul_third,homophobia
212,Jimmy,10:40:43,tant que t bien avc toi cest trql,conciliator,NAG,NULL,NULL,DFN,ATK,NEU,scenario_homophobia_paul_third,homophobia
213,Theo10,10:40:44,Ellian sinon quoi ? c toi la victime mtn ?,victim_support,NAG,NULL,NULL,DFN,ATK,NEG,scenario_homophobia_paul_third,homophobia
214,Ellian,10:40:51,elle est trop fraiche wsh,bully,OAG,victim_support,OTH,AIN,ATK,NEG,scenario_homophobia_paul_third,homophobia
215,Theo10,10:41:01,Venez on ignore Ellian,victim_support,OAG,bully,DNG,DFN,ATK,NEG,scenario_homophobia_paul_third,homophobia
216,Paul-victime,10:41:04,Ellian si tu veux pas qu'on redevienne ami c'est pas grave mais toi et tes potes laissez moi tranquille je ne vous ai rien fait,victim,NAG,NULL,NULL,DFN,AIN,NEG,scenario_homophobia_paul_third,homophobia
217,Theo10,10:41:08,comme ça il arrete ses betises Nan nan On ignore juste il changera pas,victim_support,OAG,bully,DNG,DFN,ATK,NEG,scenario_homophobia_paul_third,homophobia
219,Theo10,10:41:24,laissons le dans sa solitude éternelles sans s tomatis va me frapper,victim_support,OAG,bully,DNG,DFN,ATK,NEG,scenario_homophobia_paul_third,homophobia
221,Arthur11,10:41:37,elle mange bien à la cantine un oeu comme lisa,bully_support,OAG,victim_support,OTH,ATK,DFN,NEG,scenario_homophobia_paul_third,homophobia
222,Theo10,10:42:02,Elle au moins elle mange ta soeur elle est morte de faim la semaine derniere tu veux qu'on en parle ? arthur,victim_support,OAG,bully_support,DNG,DFN,ATK,NEG,scenario_homophobia_paul_third,homophobia
223,lisa26,10:42:27,bon vient Elliann quon regle nos soucie en irl,victim_support,NAG,NULL,NULL,CR,ATK,NEU,scenario_homophobia_paul_third,homophobia
225,Theo10,10:42:43,j'avoue,victim_support,NAG,NULL,NULL,OTH,CR,NEU,scenario_homophobia_paul_third,homophobia
226,lisa26,10:42:44,et theo pas la peine de dire que jsuis grosse,victim_support,NAG,NULL,NULL,OTH,DFN,NEG,scenario_homophobia_paul_third,homophobia
228,Theo10,10:42:49,ramene toi on parle tranquillement,victim_support,NAG,NULL,NULL,CR,NULL,NEU,scenario_homophobia_paul_third,homophobia
229,Jimmy,10:42:58,moausi,conciliator,NAG,NULL,NULL,EMP,OTH,NEU,scenario_homophobia_paul_third,homophobia
230,Theo10,10:43:01,tu vas texcuser envers Paul,victim_support,NAG,NULL,NULL,OTH,NULL,NEU,scenario_homophobia_paul_third,homophobia
232,Paul-victime,10:43:10,c'est tout ce que j'attends,victim,NAG,NULL,NULL,OTH,OTH,NEU,scenario_homophobia_paul_third,homophobia
233,Ellian,10:43:21,ta mere le gay,bully,OAG,victim,DNG,ATK,OTH,NEG,scenario_homophobia_paul_third,homophobia
234,Arthur11,10:43:22,theo redescend un peu t'es pd avec paul?,bully_support,OAG,victim/victim_support,OTH,ATK,NULL,NEG,scenario_homophobia_paul_third,homophobia
235,Jimmy,10:43:34,laissez le trql il a rien fait enft juste je comprends pas,conciliator,NAG,NULL,NULL,DFN,ATK,NEU,scenario_homophobia_paul_third,homophobia
236,Paul-victime,10:43:46,oui merci mais tu veux pas arreter en fait???,victim,NAG,NULL,NULL,OTH,ATK,NEU,scenario_homophobia_paul_third,homophobia
238,Theo10,10:43:58,Arthur demande à ta mere si je suis gay tu verras ce qu'elle va te repondre,victim_support,CAG,bully_support,OTH,DFN,ATK,NEG,scenario_homophobia_paul_third,homophobia
240,Theo10,10:44:04,et puis meme si je l'étais,victim_support,CAG,bully_support,OTH,DFN,ATK,NEG,scenario_homophobia_paul_third,homophobia
242,Theo10,10:44:08,ça ne regarde que moi,victim_support,CAG,bully_support,OTH,DFN,ATK,NEG,scenario_homophobia_paul_third,homophobia
243,lisa26,10:44:11,oui bon au pire elliiiiian degage,victim_support,OAG,bully,OTH,DFN,ATK,NEG,scenario_homophobia_paul_third,homophobia
245,lisa26,10:44:38,mais t'insulte pour rien dire,victim_support,OAG,bully,OTH,DFN,ATK,NEG,scenario_homophobia_paul_third,homophobia
246,Paul-victime,10:44:41,ellian tu veux pas passer à autre chose,victim,NAG,NULL,NULL,DFN,ATK,NEU,scenario_homophobia_paul_third,homophobia
247,Theo10,10:44:41,Ellian jpense qu'il a pas besoin de se rémémorer ça,victim_support,NAG,NULL,NULL,OTH,ATK,NEU,scenario_homophobia_paul_third,homophobia
251,lisa26,10:44:50,ca fait 50 fois je te propose irl ta peur,victim_support,NAG,NULL,NULL,DFN,ATK,NEG,scenario_homophobia_paul_third,homophobia
252,Camille,10:44:54,non vocabulair est très riche je suis impressioné,victim_support,CAG,bully,OTH,DFN,ATK,NEG,scenario_homophobia_paul_third,homophobia
254,Theo10,10:45:05,Ellian si t'as vécu sous la peur et les coups de ceinture de ton père tu peux nous en parler tu sais,victim_support,NAG,NULL,NULL,DFN,ATK,NEG,scenario_homophobia_paul_third,homophobia
255,Ellian,10:45:06,si ton pere me foudroi tout les samedis j ai sa,bully,CAG,victim_support,OTH,ATK,DFN,NEG,scenario_homophobia_paul_third,homophobia
271,Camille,10:45:50,va bz des chameaux ils ont le meme intellignce que toi,victim_support,CAG,bully,DNG,DFN,ATK,NEG,scenario_homophobia_paul_third,homophobia
272,lisa26,10:45:51,"Ta mère est tellement bête qu'elle vient de s'apercevoir que son anniversaire tombait pile le jour de sa naissance, vraiment un drôle que coïncidence, non ?",victim_support,OAG,bully,DNG,DFN,ATK,NEG,scenario_homophobia_paul_third,homophobia
273,Theo10,10:45:55,ellian t'aurais peut etre pas du parler,victim_support,NAG,NULL,NULL,OTH,OTH,NEU,scenario_homophobia_paul_third,homophobia
274,Jimmy,10:46:03,ouais abstiens toi,conciliator,NAG,NULL,NULL,OTH,OTH,NEU,scenario_homophobia_paul_third,homophobia
275,lisa26,10:46:14,"Ta mère est tellement énorme que partout où je regarde, elle est toujours là",victim_support,OAG,bully,DNG,DFN,ATK,NEG,scenario_homophobia_paul_third,homophobia
276,Paul-victime,10:46:31,franchement tu n'as pas besoin de m'insulter devant les autres! c'est nul que tu réagisse comme ça. Je voulais juste t'en parler car je pensais qu'on était ami...,victim,OAG,bully,OTH,DFN,ATK,NEG,scenario_homophobia_paul_third,homophobia
277,Ellian,10:46:34,ouai et alors ma mere est en surpois ya quoi,bully,OAG,victim_support,OTH,ATK,DFN,NEG,scenario_homophobia_paul_third,homophobia
278,lisa26,10:46:39,tient ca ellian,victim_support,OAG,bully,OTH,DFN,ATK,NEG,scenario_homophobia_paul_third,homophobia
279,Jimmy,10:46:43,mskn,conciliator,NAG,NULL,NULL,OTH,NULL,NEG,scenario_homophobia_paul_third,homophobia
280,Camille,10:46:44,tu te cache derriere ellian carrement,victim_support,CAG,bully,OTH,DFN,ATK,NEG,scenario_homophobia_paul_third,homophobia
281,Theo10,10:46:46,Bref Paul mtn déconnectes toi et essaye d'arreter de répondre a ses provocations c inutile,victim_support,NAG,NULL,NULL,OTH,DFN,NEG,scenario_homophobia_paul_third,homophobia
282,Ellian,10:46:54,toi tu va tenir mon chibre ouai sale pute,bully,OAG,victim_support,OTH,ATK,OTH,NEG,scenario_homophobia_paul_third,homophobia
283,Jimmy,10:46:56,ouais,conciliator,NAG,NULL,NULL,OTH,OTH,NEU,scenario_homophobia_paul_third,homophobia
284,Theo10,10:46:57,t'en as pas,victim_support,CAG,bully,DNG,DFN,ATK,NEG,scenario_homophobia_paul_third,homophobia
285,Jimmy,10:47:02,ca tapporte rien dans ta vie a part de la d,conciliator,NAG,NULL,NULL,CR,ATK,NEU,scenario_homophobia_paul_third,homophobia
286,Camille,10:47:14,lequel de chibre 36mm on le vois pas,victim_support,CAG,bully,DNG,DFN,ATK,NEG,scenario_homophobia_paul_third,homophobia
287,Theo10,10:47:16,avoir un chibre pour ne pas s'en servir c'est dommage Ellian,victim_support,OAG,bully,DNG,DFN,ATK,NEG,scenario_homophobia_paul_third,homophobia
289,Ellian,10:47:29,y faut un microscope,bully,CAG,victim_support,OTH,ATK,DFN,NEG,scenario_homophobia_paul_third,homophobia
290,Theo10,10:47:31,bahaha,victim_support,NAG,NULL,NULL,OTH,ATK,NEG,scenario_homophobia_paul_third,homophobia
291,Camille,10:47:34,de ouf,victim_support,NAG,NULL,NULL,OTH,ATK,NEG,scenario_homophobia_paul_third,homophobia
292,Theo10,10:47:38,il se taille tout seul,victim_support,CAG,bully,OTH,DFN,ATK,NEG,scenario_homophobia_paul_third,homophobia
308,Paul-victime,10:48:36,vous arretez un peu,victim,NAG,NULL,NULL,OTH,DFN,NEU,scenario_homophobia_paul_third,homophobia
311,Paul-victime,10:49:06,vous avez quoi encore contre les gays,victim,NAG,NULL,NULL,DFN,ATK,NEU,scenario_homophobia_paul_third,homophobia
312,Theo10,10:49:07,MAIS FRR,victim_support,NAG,NULL,NULL,OTH,OTH,NEU,scenario_homophobia_paul_third,homophobia
314,Paul-victime,10:49:16,c'est pas fini,victim,NAG,NULL,NULL,OTH,OTH,NEU,scenario_homophobia_paul_third,homophobia
317,Ellian,10:49:21,les gays c est des gay,bully,OAG,victim,DNG,ATK,DFN,NEG,scenario_homophobia_paul_third,homophobia
318,Theo10,10:49:25,waw Ellian t’es sur ?,victim_support,NAG,NULL,NULL,DFN,ATK,NEG,scenario_homophobia_paul_third,homophobia
319,Paul-victime,10:49:31,oui merci ellian,victim,NAG,NULL,NULL,DFN,ATK,NEG,scenario_homophobia_paul_third,homophobia
321,Paul-victime,10:49:42,tu vois quand tu ty mets,victim,NAG,NULL,NULL,DFN,ATK,NEG,scenario_homophobia_paul_third,homophobia
323,Jimmy,10:49:57,bref c inutile,conciliator,NAG,NULL,NULL,OTH,NULL,NEG,scenario_homophobia_paul_third,homophobia
326,lisa26,10:50:13,"Tu est comme un nuage, dès que tu disparais, ça devient une belle journée kiss Elian",victim_support,CAG,bully,DNG,DFN,ATK,NEG,scenario_homophobia_paul_third,homophobia
327,Camille,10:50:23,ellian tu ne sais plus quoi dire allors occupe toi de ton chibre et d'essayer de le faire grandir au lieu de nous soulé,victim_support,CAG,bully,DNG,DFN,ATK,NEG,scenario_homophobia_paul_third,homophobia
329,Ellian,10:50:27,;(,bully,NAG,NULL,NULL,OTH,NULL,NEU,scenario_homophobia_paul_third,homophobia
330,Theo10,10:50:35,Ellian t'es fier de toi ?,victim_support,OAG,bully,DNG,DFN,ATK,NEG,scenario_homophobia_paul_third,homophobia
332,Theo10,10:50:43,D'harceler comme ça ?,victim_support,OAG,bully,OTH,DFN,ATK,NEG,scenario_homophobia_paul_third,homophobia
334,Theo10,10:50:50,tu devrais avoir honte,victim_support,OAG,bully,OTH,DFN,ATK,NEG,scenario_homophobia_paul_third,homophobia
336,Theo10,10:50:59,ta mere elle a du t'élever a la dure,victim_support,OAG,bully,DNG,DFN,ATK,NEG,scenario_homophobia_paul_third,homophobia
338,Arthur11,10:51:40,elllian t'as perdu tes couilles ou quoi,bully_support,NAG,NULL,NULL,AIN,OTH,NEG,scenario_homophobia_paul_third,homophobia
339,Ellian,10:51:41,bon je vous nique tout bande de noir jufes arabes terroristes boffeur de queu d ours,bully,OAG,victim/victim_support,OTH,ATK,NULL,NEG,scenario_homophobia_paul_third,homophobia
343,Paul-victime,10:51:58,arrete de réagir comme ca ellian,victim,NAG,NULL,NULL,DFN,ATK,NEG,scenario_homophobia_paul_third,homophobia
345,Jimmy,10:52:02,de ouf,conciliator,NAG,NULL,NULL,OTH,NULL,NEU,scenario_homophobia_paul_third,homophobia
346,Arthur11,10:52:05,lisa tu parles bcp pour une femme,bully_support,CAG,victim_support,OTH,ATK,DFN,NEG,scenario_homophobia_paul_third,homophobia
347,Jimmy,10:52:07,c quoi ton prb,conciliator,NAG,NULL,NULL,DFN,ATK,NEG,scenario_homophobia_paul_third,homophobia
348,Paul-victime,10:52:08,ca sert à rien,victim,OAG,bully,OTH,DFN,ATK,NEG,scenario_homophobia_paul_third,homophobia
350,Paul-victime,10:52:26,et tu insultes tout le monde alors que tu n'es pas comme ca,victim,OAG,bully,OTH,DFN,ATK,NEG,scenario_homophobia_paul_third,homophobia
351,lisa26,10:52:30,BON ON PEUT LES BL0QUER LES FOU LA,victim_support,OAG,bully/bully_support,NCG,DFN,NULL,NEG,scenario_homophobia_paul_third,homophobia
352,Camille,10:52:30,o pire chacun s'occupe de son trou ne vous parler plus ellian tu manquera a personne gros karma sur ta gueule j'èspère,victim_support,OAG,bully,DNG,DFN,ATK,NEG,scenario_homophobia_paul_third,homophobia
353,lisa26,10:52:38,CASSE COUILLE,victim_support,OAG,bully/bully_support,OTH,DFN,NULL,NEG,scenario_homophobia_paul_third,homophobia
354,Arthur11,10:53:10,tg paul les gues n'ont pas le droit à la parole,bully_support,OAG,victim,OTH,ATK,DFN,NEG,scenario_homophobia_paul_third,homophobia
355,Theo10,10:53:12,"Ellian tsk la prochaine fois que t'insulteras tu repenseras a ton pere le fdp qui prenais des bites dans son gros cul toute sa jeunesse et qui n'a jamais su te le dire car il avait peur de ton regarde, es parents ils s ont échangistes et ta pute de mere elle se fait taponner tous les soirs dans un club de striptease pour payer ton loyer. Avant d'insulter les homosexuels regarde tout ton arbre généalogiques t'as 3 grands peres dont deux noirs du coté de ta mere tellement ils aimaient les teubs d'africains",victim_support,OAG,bully,OTH,DFN,ATK,NEG,scenario_homophobia_paul_third,homophobia
359,Camille,10:53:42,ta laché tt ce que tu avais a dire,victim_support,NAG,NULL,NULL,DFN,ATK,NEG,scenario_homophobia_paul_third,homophobia
362,Jimmy,10:54:32,bref laissez les gens trsl c pas votre cul,conciliator,OAG,bully_support,DNG,DFN,ATK,NEG,scenario_homophobia_paul_third,homophobia
365,Theo10,10:55:11,j'espere qu'a l'avenir tu seras plus conciliant,victim_support,NAG,NULL,NULL,DFN,ATK,NEG,scenario_homophobia_paul_third,homophobia
367,Theo10,10:55:17,et plus ouvert d'esprit :),victim_support,NAG,NULL,NULL,DFN,ATK,NEG,scenario_homophobia_paul_third,homophobia
368,Arthur11,10:55:22,par contre paul evite de revenir en cours tu vas nous contaminer de ta maladie de merde,bully_support,OAG,victim,DNG,ATK,DFN,NEG,scenario_homophobia_paul_third,homophobia
0,Thibaut,09:07:46,Ho pk vous insulter Paul ?,victim_support,NAG,NULL,NULL,OTH,NULL,NEU,scenario_obesity_Paul,obesity
1,brice,09:09:19,parce qu'il est gros,bully,OAG,victim,DNG,AIN,OTH,NEG,scenario_obesity_Paul,obesity
2,Thibaut,09:09:53,Mais frere t casiment aussi obèse que lui gros chien,victim_support,OAG,bully,NCG,DFN,AIN,NEG,scenario_obesity_Paul,obesity
3,brice,09:10:29,bah alors on a les nerfs?,bully,CAG,victim,OTH,ATK,DFN,NEG,scenario_obesity_Paul,obesity
4,Thibaut,09:10:51,nn,victim_support,NAG,NULL,NULL,CNS,ATK,NEU,scenario_obesity_Paul,obesity
5,Thibaut,09:10:55,mais c pas cool,victim_support,NAG,NULL,NULL,CNS,ATK,NEU,scenario_obesity_Paul,obesity
6,brice,09:10:58,vous faites pitié,bully,OAG,victim_support,DNG,ATK,CNS,NEG,scenario_obesity_Paul,obesity
7,Thibaut,09:11:02,pk ?,victim_support,NAG,NULL,NULL,DFN,ATK,NEU,scenario_obesity_Paul,obesity
8,brice,09:11:44,tg,bully,OAG,victim_support,OTH,ATK,DFN,NEG,scenario_obesity_Paul,obesity
9,Arthur,09:12:00,Oe pk tu parles,bully_support,OAG,victim_support,OTH,ATK,DFN,NEG,scenario_obesity_Paul,obesity
10,Thibaut,09:12:17,aucune répartie mdr XD ça me fume,victim_support,OAG,bully,OTH,DFN,ATK,NEG,scenario_obesity_Paul,obesity
11,julien,09:12:34,oe moi aussi,bully_support,CAG,victim_support,OTH,ATK,DFN,NEG,scenario_obesity_Paul,obesity
12,brice,09:12:55,bon frerot raconte pas ta vie,bully,OAG,victim_support,OTH,ATK,DFN,NEG,scenario_obesity_Paul,obesity
13,julien,09:13:30,j'avoue,bully_support,NAG,NULL,NULL,AIN,ATK,NEG,scenario_obesity_Paul,obesity
14,julien,09:14:12,mais on t'as meme pas parler a toi,bully_support,NAG,NULL,NULL,OTH,DFN,NEU,scenario_obesity_Paul,obesity
15,Thibaut,09:14:28,mais frere t insulte Paul,victim_support,NAG,NULL,NULL,OTH,OTH,NEU,scenario_obesity_Paul,obesity
16,julien,09:14:37,psq il merite,bully_support,OAG,victim,OTH,ATK,OTH,NEG,scenario_obesity_Paul,obesity
17,brice,09:14:42,en même temps vu comme il est gros,bully,OAG,victim,DNG,AIN,ATK,NEG,scenario_obesity_Paul,obesity
18,julien,09:14:42,mskn il a pas d ami,bully_support,OAG,victim,OTH,ATK,DFN,NEG,scenario_obesity_Paul,obesity
19,Thibaut,09:14:43,Ah pk Si il ma moi,victim_support,NAG,NULL,NULL,CNS,ATK,NEU,scenario_obesity_Paul,obesity
21,julien,09:15:03,t payé combien ?,bully_support,CAG,victim_support,OTH,ATK,CNS,NEG,scenario_obesity_Paul,obesity
25,Thibaut,09:15:22,c ta mere que je paye julien,victim_support,CAG,bully_support,OTH,DFN,ATK,NEG,scenario_obesity_Paul,obesity
26,pierre83,09:15:30,vous voulez pas arreter au pire,conciliator,NAG,NULL,NULL,CR,NULL,NEU,scenario_obesity_Paul,obesity
28,pierre83,09:15:42,on est dans le monde des bisounours mv,conciliator,NAG,NULL,NULL,CR,NULL,NEU,scenario_obesity_Paul,obesity
30,Paul-Victime,09:15:55,Julien enlève la vidéo des réseaux,victim,NAG,NULL,NULL,OTH,NULL,NEU,scenario_obesity_Paul,obesity
31,julien,09:16:07,mmmh,bully_support,OAG,victim,OTH,ATK,OTH,NEU,scenario_obesity_Paul,obesity
32,brice,09:16:12,non laisse c'est drôle,bully,OAG,victim,OTH,ATK,OTH,NEG,scenario_obesity_Paul,obesity
33,Arthur,09:16:13,nan c trop marrant,bully_support,OAG,victim,OTH,ATK,OTH,NEG,scenario_obesity_Paul,obesity
34,julien,09:16:14,laisse moi reflechir ptdr jamais,bully_support,OAG,victim,OTH,ATK,OTH,NEG,scenario_obesity_Paul,obesity
35,Thibaut,09:16:22,en quoi c drole,victim_support,NAG,NULL,NULL,DFN,ATK,NEG,scenario_obesity_Paul,obesity
36,julien,09:16:30,je l'enleve contre un truc,bully_support,OAG,victim,THR,ATK,OTH,NEG,scenario_obesity_Paul,obesity
37,Thibaut,09:16:36,vous etes des gamins,victim_support,OAG,bully/bully_support,OTH,DFN,NULL,NEG,scenario_obesity_Paul,obesity
38,pierre83,09:16:37,au pire julien t'enleve la vidéo,conciliator,NAG,NULL,NULL,DFN,ATK,NEU,scenario_obesity_Paul,obesity
39,Thibaut,09:16:49,et on en parle plus,victim_support,NAG,NULL,NULL,EMP,DFN,NEU,scenario_obesity_Paul,obesity
40,brice,09:16:55,pierre personne t'as demandé ton avis,bully,OAG,conciliator,OTH,ATK,DFN,NEG,scenario_obesity_Paul,obesity
41,pierre83,09:17:00,voila merci thibaut,conciliator,NAG,NULL,NULL,OTH,EMP,POS,scenario_obesity_Paul,obesity
42,julien,09:17:04,seulement si tu accepte de faire mes devoirs jusqu'a la fin de l annee ou sinon tout le lycée la verra,bully_support,OAG,victim,THR,ATK,OTH,NEG,scenario_obesity_Paul,obesity
43,pierre83,09:17:11,brice ferme la,conciliator,OAG,bully,OTH,DFN,ATK,NEG,scenario_obesity_Paul,obesity
44,Paul-Victime,09:17:30,non mais je vais pas faire tes devoirs ! T'es malade toi !,victim,OAG,bully_support,OTH,DFN,ATK,NEG,scenario_obesity_Paul,obesity
45,brice,09:17:31,ouhh ça insulte,bully,NAG,NULL,NULL,GSL,DFN,NEG,scenario_obesity_Paul,obesity
46,Arthur,09:17:39,arrête de l'insulter toi,bully_support,NAG,NULL,NULL,AIN,GSL,NEG,scenario_obesity_Paul,obesity
47,julien,09:17:48,mais il veut quoi pierre ca le suce ou quoi,bully_support,OAG,victim/conciliator,OTH,ATK,DFN,NEG,scenario_obesity_Paul,obesity
48,Thibaut,09:18:02,c sur que avec ton 4 de moyenne tu vas pas aller loin julien,victim_support,OAG,bully_support,OTH,DFN,ATK,NEG,scenario_obesity_Paul,obesity
49,Arthur,09:18:27,frr ta 2 de moyenne,bully_support,OAG,victim_support,OTH,ATK,DFN,NEG,scenario_obesity_Paul,obesity
50,julien,09:18:31,t expert en informatique pour savoir j ai combien de moyenne ?trouve autre chose stp au lieu de raconter de la merde,bully_support,OAG,victim_support,DNG,ATK,DFN,NEG,scenario_obesity_Paul,obesity
51,brice,09:18:39,ah oe ça taille sur les notes tellement t'as r a dire,bully,OAG,victim_support,OTH,ATK,DFN,NEG,scenario_obesity_Paul,obesity
52,julien,09:19:01,grv bande d omellete,bully_support,OAG,victim/victim_support,NCG,AIN,ATK,NEG,scenario_obesity_Paul,obesity
53,Thibaut,09:19:11,Je taille pas je dis juste se que je pense,victim_support,NAG,NULL,NULL,CNS,ATK,NEU,scenario_obesity_Paul,obesity
54,pierre83,09:19:15,au pire vos gueule,conciliator,OAG,bully_support,OTH,DFN,AIN,NEG,scenario_obesity_Paul,obesity
55,julien,09:19:22,bah revois tes sources tdc,bully_support,OAG,victim_support,OTH,ATK,CNS,NEG,scenario_obesity_Paul,obesity
56,pierre83,09:19:23,faites la paix et cassez pas la tete c grv bande de brut,conciliator,OAG,bully/bully_support,NCG,DFN,NULL,NEG,scenario_obesity_Paul,obesity
57,Josiane-concilia,09:19:48,stop parler d'autre chose au pire,conciliator,NAG,NULL,NULL,CR,ATK,NEG,scenario_obesity_Paul,obesity
58,julien,09:19:49,les gars on a brusque le daron du lycee,bully_support,CAG,conciliator,OTH,ATK,DFN,NEG,scenario_obesity_Paul,obesity
59,Paul-Victime,09:19:52,Moi je demande que ça mais il faut d'abord qu'ils suppriment la vidéo,victim,NAG,NULL,NULL,OTH,DFN,NEU,scenario_obesity_Paul,obesity
60,julien,09:20:07,flemme,bully_support,CAG,victim,OTH,ATK,OTH,NEG,scenario_obesity_Paul,obesity
61,brice,09:20:11,faut le brusquer un peu le paul peut être ça lui fera commencer un régime mdr,bully,CAG,victim,DNG,ATK,OTH,NEG,scenario_obesity_Paul,obesity
62,pierre83,09:20:14,toi julien on va se battre,conciliator,OAG,bully_support,THR,DFN,ATK,NEG,scenario_obesity_Paul,obesity
63,Josiane-concilia,09:20:20,ouais j'avoue supprime c'est pas bien,conciliator,NAG,NULL,NULL,EMP,OTH,NEU,scenario_obesity_Paul,obesity
64,Thibaut,09:20:29,mais en quoi flemme frere ta 2 clique à faire,victim_support,NAG,NULL,NULL,CNS,ATK,NEU,scenario_obesity_Paul,obesity
65,julien,09:20:29,enleve moi mon tel des mains si tu veux la supprime,bully_support,OAG,conciliator,THR,ATK,EMP,NEG,scenario_obesity_Paul,obesity
66,pierre83,09:20:33,brice supprime la video,conciliator,NAG,NULL,NULL,OTH,NULL,NEU,scenario_obesity_Paul,obesity
67,Justine47,09:20:37,mais juste supprime la vidéo et c'est terminé pourquoi tu cherche les problème,victim_support,CAG,bully_support,THR,DFN,ATK,NEG,scenario_obesity_Paul,obesity
68,pierre83,09:20:41,question sa te rapporte quoi,conciliator,NAG,NULL,NULL,DFN,ATK,NEU,scenario_obesity_Paul,obesity
69,Arthur,09:20:51,mais tema le gueule de paul c trop drole,bully_support,OAG,victim,OTH,ATK,NULL,NEG,scenario_obesity_Paul,obesity
70,pierre83,09:20:54,sa change quoi a ta vie ????,conciliator,NAG,NULL,NULL,DFN,ATK,NEU,scenario_obesity_Paul,obesity
71,Thibaut,09:20:55,tu l'aurais déjà fais si tu fermé ta gueule,victim_support,OAG,bully_support,OTH,DFN,ATK,NEG,scenario_obesity_Paul,obesity
72,Josiane-concilia,09:20:55,t'inquiète Paul tu n'est pas gros tu est bien,conciliator,NAG,NULL,NULL,EMP,NULL,POS,scenario_obesity_Paul,obesity
73,julien,09:20:56,mais ferme la pierre etles autres la,bully_support,OAG,victim/victim_support/conciliator,OTH,ATK,NULL,NEG,scenario_obesity_Paul,obesity
74,brice,09:21:01,a croire c'est moi j'ai lancé la viedo,bully,NAG,NULL,NULL,OTH,OTH,NEU,scenario_obesity_Paul,obesity
75,julien,09:21:08,vous avez autant pas de vie pour vous melez de la sienne,bully_support,OAG,conciliator,OTH,ATK,EMP,NEG,scenario_obesity_Paul,obesity
76,Thibaut,09:21:13,bah oui gros con,victim_support,OAG,bully_support,NCG,DFN,ATK,NEG,scenario_obesity_Paul,obesity
77,Paul-Victime,09:21:20,Mais putain vous vous foutez de ma gueule devant tout le monde ! C'est pas drole Arthur !,victim,NAG,NULL,NULL,DFN,ATK,NEG,scenario_obesity_Paul,obesity
78,Josiane-concilia,09:21:24,laisser le tranquille,conciliator,NAG,NULL,NULL,DFN,ATK,NEU,scenario_obesity_Paul,obesity
79,brice,09:21:26,si t'es bien gras paul,bully,OAG,victim,DNG,ATK,DFN,NEG,scenario_obesity_Paul,obesity
80,julien,09:21:39,tres gras moi,bully_support,OAG,victim,DNG,AIN,ATK,NEG,scenario_obesity_Paul,obesity
81,pierre83,09:21:54,mais enft julien tes qu'une sous merde,conciliator,OAG,bully_support,DNG,DFN,AIN,NEG,scenario_obesity_Paul,obesity
82,julien,09:22:03,parle pour toi,bully_support,OAG,conciliator,OTH,ATK,DFN,NEG,scenario_obesity_Paul,obesity
83,Thibaut,09:22:03,mais frere on a besoin de 2 pokeflute pour te réveiller,victim_support,CAG,bully,DNG,DFN,ATK,NEG,scenario_obesity_Paul,obesity
84,julien,09:22:06,ok d acoord tg,bully_support,OAG,conciliator,OTH,ATK,DFN,NEG,scenario_obesity_Paul,obesity
85,Justine47,09:22:12,mais arrêtetu vois pas t'es 4 fois plus gros que lui,victim_support,OAG,bully,DNG,DFN,ATK,NEG,scenario_obesity_Paul,obesity
86,julien,09:22:14,mdrrrrrr,bully_support,OAG,conciliator,OTH,ATK,DFN,NEG,scenario_obesity_Paul,obesity
87,brice,09:22:22,et toi t quoi pierre,bully,OAG,conciliator,OTH,ATK,DFN,NEG,scenario_obesity_Paul,obesity
88,Thibaut,09:22:29,oh quel répartie Julien,victim_support,CAG,bully_support,OTH,DFN,ATK,NEG,scenario_obesity_Paul,obesity
89,Selena,09:22:33,parle pas quand tu ressemble a rien brice,victim_support,OAG,bully,DNG,DFN,ATK,NEG,scenario_obesity_Paul,obesity
90,Josiane-concilia,09:22:34,parler d'autre chose c'est bon arrete d'insulter,conciliator,NAG,NULL,NULL,CR,NULL,NEU,scenario_obesity_Paul,obesity
91,julien,09:22:35,justine jtraime bien mais mentir c mal bb tu sais,bully_support,CAG,victim_support,OTH,ATK,DFN,NEG,scenario_obesity_Paul,obesity
92,pierre83,09:22:41,wsh dosez,conciliator,NAG,NULL,NULL,CR,NULL,NEU,scenario_obesity_Paul,obesity
93,julien,09:22:51,selena maginfique repartie tu sais,bully_support,CAG,victim_support,OTH,ATK,DFN,NEG,scenario_obesity_Paul,obesity
94,pierre83,09:22:52,imaginez c'était vous a sa place,conciliator,NAG,NULL,NULL,DFN,ATK,NEU,scenario_obesity_Paul,obesity
95,brice,09:22:58,ok stv mon sang,bully,CAG,conciliator,OTH,ATK,DFN,NEG,scenario_obesity_Paul,obesity
96,Paul-Victime,09:23:01,Laisse tomber Josiane.. Ils sont cons ils entendent rien..,victim,OAG,bully/bully_support,NCG,OTH,CR,NEG,scenario_obesity_Paul,obesity
97,Selena,09:23:05,t'aimerais bien qu'on te le fasse?,victim_support,OAG,bully,THR,DFN,ATK,NEG,scenario_obesity_Paul,obesity
98,julien,09:23:06,inshaallah que non,bully_support,CAG,victim,OTH,ATK,OTH,NEG,scenario_obesity_Paul,obesity
99,pierre83,09:23:28,alala c arabes,conciliator,CAG,bully_support,OTH,DFN,ATK,NEG,scenario_obesity_Paul,obesity
100,julien,09:23:38,c muslims plutot,bully_support,CAG,conciliator,OTH,ATK,DFN,NEG,scenario_obesity_Paul,obesity
101,brice,09:23:39,perso je ressemble pas a paul donc ça risque pas de m'arriveer,bully,OAG,victim,OTH,ATK,DFN,NEG,scenario_obesity_Paul,obesity
102,Thibaut,09:24:03,ta résons toi t con,victim_support,OAG,bully,NCG,DFN,ATK,NEG,scenario_obesity_Paul,obesity
103,Josiane-concilia,09:24:07,parler pas des religions c'est pas bien,conciliator,NAG,NULL,NULL,CNS,ATK,NEU,scenario_obesity_Paul,obesity
104,Selena,09:24:17,brice de nice?,victim_support,CAG,bully,OTH,DFN,ATK,NEG,scenario_obesity_Paul,obesity
105,julien,09:24:23,tous les meme les arabes frr,bully_support,CAG,victim_support,OTH,ATK,DFN,NEG,scenario_obesity_Paul,obesity
106,brice,09:24:24,*raison mon sang,bully,NAG,NULL,NULL,OTH,DFN,NEU,scenario_obesity_Paul,obesity
107,pierre83,09:24:26,ta raison josianne smeh,conciliator,NAG,NULL,NULL,EMP,CNS,NEU,scenario_obesity_Paul,obesity
108,Arthur,09:24:30,:') :'),bully_support,NAG,NULL,NULL,OTH,NULL,NEU,scenario_obesity_Paul,obesity
109,julien,09:24:35,paul t arabe ?,bully_support,CAG,victim,OTH,ATK,NULL,NEG,scenario_obesity_Paul,obesity
110,Paul-Victime,09:24:53,Mais putain mais c'est quoi ton problème !,victim,NAG,NULL,NULL,DFN,ATK,NEG,scenario_obesity_Paul,obesity
111,brice,09:25:03,au pire blc c'est juste un gros tat,bully,OAG,victim,DNG,ATK,DFN,NEG,scenario_obesity_Paul,obesity
112,julien,09:25:07,je veux rayer les sous merde de la carte,bully_support,OAG,victim,DNG,ATK,DFN,NEG,scenario_obesity_Paul,obesity
113,pierre83,09:25:08,tg brice,conciliator,OAG,bully,OTH,DFN,ATK,NEG,scenario_obesity_Paul,obesity
114,Selena,09:25:10,paul ignore leporte pleinte,victim_support,NAG,NULL,NULL,EMP,DFN,NEU,scenario_obesity_Paul,obesity
115,julien,09:25:16,et t en fais part,bully_support,OAG,victim,DNG,ATK,DFN,NEU,scenario_obesity_Paul,obesity
116,Paul-Victime,09:25:22,Apprends à écrire français brice ..,victim,OAG,bully,DNG,DFN,ATK,NEG,scenario_obesity_Paul,obesity
117,Arthur,09:25:23,un gros tas de graisse arabe,bully_support,OAG,victim,DNG,ATK,DFN,NEG,scenario_obesity_Paul,obesity
118,Thibaut,09:25:25,bah si bah les couilles supprime la vidéo mon con,victim_support,OAG,bully_support,NCG,DFN,ATK,NEG,scenario_obesity_Paul,obesity
119,pierre83,09:25:30,le mec il a un nom de films de clichés américain et il se permet de critiquer le culot,conciliator,OAG,bully_support,DNG,DFN,ATK,NEG,scenario_obesity_Paul,obesity
120,julien,09:25:34,porter pleinte carremenent ? j ai tue ta mere ou quoi,bully_support,CAG,victim_support,OTH,ATK,EMP,NEG,scenario_obesity_Paul,obesity
121,brice,09:25:36,oui porte plainte,bully,CAG,victim_support,OTH,ATK,EMP,NEG,scenario_obesity_Paul,obesity
122,Selena,09:25:45,brice t'as fais laid hier,victim_support,OAG,bully,DNG,DFN,ATK,NEG,scenario_obesity_Paul,obesity
123,Josiane-concilia,09:25:46,t'inquiète Paul ne répond pas,conciliator,NAG,NULL,NULL,EMP,ATK,NEU,scenario_obesity_Paul,obesity
124,brice,09:25:47,pour faire quoi même,bully,OAG,victim,OTH,ATK,DFN,NEG,scenario_obesity_Paul,obesity
125,julien,09:25:58,vsy paule sale bagraa va,bully_support,OAG,victim,NCG,ATK,DFN,NEG,scenario_obesity_Paul,obesity
126,pierre83,09:26:45,tu sais brice les akhy ils n'ont pas le droit d'harceler,conciliator,CAG,bully,OTH,DFN,ATK,NEG,scenario_obesity_Paul,obesity
127,Josiane-concilia,09:26:48,arrete Julien avec ton gros crane,conciliator,OAG,bully_support,OTH,DFN,ATK,NEG,scenario_obesity_Paul,obesity
128,Paul-Victime,09:26:52,brice je vais vraient porter plainte si ça continue. Vous êtes même pas foutu d'arrêter une blague,victim,NAG,NULL,NULL,CNS,ATK,NEG,scenario_obesity_Paul,obesity
129,pierre83,09:26:55,comme on dis peche mais prie,conciliator,CAG,bully,OTH,DFN,ATK,NEG,scenario_obesity_Paul,obesity
130,brice,09:27:00,bon les gars ça part loin là a croire c'est moi le gros porc de service,bully,OAG,victim,NCG,ATK,CNS,NEG,scenario_obesity_Paul,obesity
131,Thibaut,09:27:12,mais appart insulter les gens sur leur poids et sur leur religions vous savez faire quoi les gars,victim_support,OAG,bully,OTH,DFN,ATK,NEG,scenario_obesity_Paul,obesity
132,julien,09:27:18,akhy donneure de conseille,bully_support,CAG,conciliator,OTH,ATK,DFN,NEG,scenario_obesity_Paul,obesity
133,pierre83,09:27:22,tre bonne question,conciliator,NAG,NULL,NULL,EMP,DFN,NEU,scenario_obesity_Paul,obesity
134,Thibaut,09:27:23,vous avez une vie j'aures ?,victim_support,NAG,NULL,NULL,DFN,ATK,NEG,scenario_obesity_Paul,obesity
135,pierre83,09:27:31,donc bete d'idée on arrete,conciliator,OAG,bully_support,OTH,DFN,ATK,NEG,scenario_obesity_Paul,obesity
136,julien,09:27:35,oui,bully_support,NAG,NULL,NULL,OTH,DFN,NEG,scenario_obesity_Paul,obesity
137,pierre83,09:27:36,on fais la paix,conciliator,NAG,NULL,NULL,DFN,ATK,NEG,scenario_obesity_Paul,obesity
138,Selena,09:27:41,Arthur et les minimoys,victim_support,OAG,bully/bully_support,NCG,DFN,NULL,NEG,scenario_obesity_Paul,obesity
139,pierre83,09:27:43,entre muslim,conciliator,OAG,bully_support,OTH,DFN,ATK,NEG,scenario_obesity_Paul,obesity
140,julien,09:27:49,mais cassez vous  d ici faut profiter de la vie,bully_support,OAG,conciliator,OTH,ATK,DFN,NEG,scenario_obesity_Paul,obesity
141,Arthur,09:28:01,qu'est ce tu veut Selena,bully_support,NAG,NULL,NULL,OTH,DFN,NEG,scenario_obesity_Paul,obesity
142,julien,09:28:02,si vous savez pas vous amuser c votre probleme,bully_support,OAG,conciliator,OTH,ATK,DFN,NEG,scenario_obesity_Paul,obesity
143,pierre83,09:28:06,palala julien le philosophe,conciliator,CAG,bully_support,OTH,DFN,ATK,NEG,scenario_obesity_Paul,obesity
144,Josiane-concilia,09:28:19,laisse Selena tranquille,conciliator,CAG,bully,OTH,DFN,ATK,NEG,scenario_obesity_Paul,obesity
145,brice,09:28:23,nous on veut juste l'aide paul en vrai le pauvre faut qu'il comprenne qu'il est énorme,bully,OAG,victim,DNG,ATK,DFN,NEG,scenario_obesity_Paul,obesity
146,Thibaut,09:28:27,mais frere en quoi c amusant,victim_support,NAG,NULL,NULL,DFN,ATK,NEG,scenario_obesity_Paul,obesity
148,Josiane-concilia,09:28:42,brice tu te croit marrant,conciliator,CAG,bully,OTH,DFN,ATK,NEG,scenario_obesity_Paul,obesity
149,brice,09:28:48,je sais on me le dit souvent,bully,OAG,conciliator,OTH,ATK,DFN,NEG,scenario_obesity_Paul,obesity
150,Arthur,09:28:48,Elle se mêle de chose qui la regarde pas,bully_support,OAG,conciliator,OTH,ATK,DFN,NEG,scenario_obesity_Paul,obesity
151,Thibaut,09:28:51,je vais te pisser dessus et tu me diras si c amusant,victim_support,OAG,bully_support,OTH,DFN,ATK,NEG,scenario_obesity_Paul,obesity
152,pierre83,09:28:52,les gars moi je suis une personne neutre,conciliator,NAG,NULL,NULL,OTH,NULL,NEU,scenario_obesity_Paul,obesity
153,julien,09:28:53,il faut qu il fasse un regime et on les seuls a lui faire comprendre,bully_support,OAG,victim,DNG,AIN,ATK,NEG,scenario_obesity_Paul,obesity
154,Thibaut,09:28:54,ok mon con,victim_support,OAG,bully_support,NCG,DFN,ATK,NEG,scenario_obesity_Paul,obesity
155,Paul-Victime,09:29:05,MAis arrete de faire genre brice !,victim,NAG,NULL,NULL,DFN,AIN,NEG,scenario_obesity_Paul,obesity
156,Thibaut,09:29:10,mais t vraiment con ma parole julien,victim_support,OAG,bully_support,NCG,DFN,AIN,NEG,scenario_obesity_Paul,obesity
157,pierre83,09:29:22,donc je me met a la place de paul et sa m'aurait pas plu,conciliator,NAG,NULL,NULL,OTH,NULL,NEU,scenario_obesity_Paul,obesity
158,Thibaut,09:29:24,je te jure je vais te casser la gueule,victim_support,OAG,bully_support,THR,DFN,AIN,NEG,scenario_obesity_Paul,obesity
159,Josiane-concilia,09:29:28,laisser le tranquille,conciliator,NAG,NULL,NULL,DFN,AIN,NEU,scenario_obesity_Paul,obesity
160,pierre83,09:29:30,STOP AU HARCELEMENT,conciliator,NAG,NULL,NULL,CR,NULL,NEG,scenario_obesity_Paul,obesity
161,julien,09:29:30,le muslim 2.0 se reveill eouhh attention !!,bully_support,OAG,victim_support,DNG,ATK,DFN,NEG,scenario_obesity_Paul,obesity
162,Selena,09:29:34,vous etes tous inferieur a nous enfaite,victim_support,OAG,bully/bully_support,DNG,DFN,NULL,NEG,scenario_obesity_Paul,obesity
163,julien,09:29:38,ca va chauffer,bully_support,OAG,victim_support,THR,ATK,DFN,NEG,scenario_obesity_Paul,obesity
164,pierre83,09:29:41,FAITES L'AMOUR PAS LA GUERRE,conciliator,NAG,NULL,NULL,CR,NULL,NEG,scenario_obesity_Paul,obesity
165,Josiane-concilia,09:29:44,mais laisser les religions tranquille stoppppp,conciliator,NAG,NULL,NULL,DFN,ATK,NEG,scenario_obesity_Paul,obesity
166,julien,09:30:02,mais on parle pas de religion,bully_support,NAG,NULL,NULL,OTH,DFN,NEU,scenario_obesity_Paul,obesity
167,brice,09:30:06,non mais pourquoi vouloir défendre ce gros porc de paul le mec voit que par sa bouffe mdr,bully,OAG,victim,OTH,ATK,CR,NEG,scenario_obesity_Paul,obesity
168,pierre83,09:30:11,ta raison josianne,conciliator,NAG,NULL,NULL,EMP,DFN,NEG,scenario_obesity_Paul,obesity
169,Arthur,09:30:19,J'avoue brice,bully_support,NAG,NULL,NULL,AIN,ATK,NEG,scenario_obesity_Paul,obesity
170,pierre83,09:30:19,brice sale fou,conciliator,OAG,bully,NCG,DFN,ATK,NEG,scenario_obesity_Paul,obesity
171,julien,09:30:22,de ouf,bully_support,NAG,NULL,NULL,AIN,ATK,NEG,scenario_obesity_Paul,obesity
172,pierre83,09:30:24,mais cv pas ????,conciliator,OAG,bully,OTH,DFN,ATK,NEG,scenario_obesity_Paul,obesity
173,julien,09:30:32,pierre tu me casse les couilles,bully_support,OAG,conciliator,OTH,ATK,DFN,NEG,scenario_obesity_Paul,obesity
174,Selena,09:30:34,brice nique t'as mere,victim_support,OAG,bully,OTH,DFN,ATK,NEG,scenario_obesity_Paul,obesity
175,Arthur,09:30:40,mais c la vérité pierre83,bully_support,NAG,NULL,NULL,OTH,DFN,NEG,scenario_obesity_Paul,obesity
176,julien,09:30:48,tu ferais bien l imam de serice,bully_support,CAG,conciliator,OTH,ATK,DFN,NEG,scenario_obesity_Paul,obesity
177,brice,09:30:54,tqt selena je nique deja la tienne,bully,OAG,victim_support,OTH,ATK,DFN,NEG,scenario_obesity_Paul,obesity
178,Thibaut,09:30:57,la vie de ma mere brice et julien vous allez etre 6 pied sous terre demain,victim_support,OAG,bully/bully_support,THR,DFN,NULL,NEG,scenario_obesity_Paul,obesity
179,Josiane-concilia,09:31:07,pas les insultes juste arrete vous faites chauffer,conciliator,NAG,NULL,NULL,DFN,ATK,NEG,scenario_obesity_Paul,obesity
180,Selena,09:31:18,suce,victim_support,OAG,bully,OTH,DFN,ATK,NEG,scenario_obesity_Paul,obesity
181,julien,09:31:22,ma bite,bully_support,OAG,victim_support,OTH,ATK,DFN,NEG,scenario_obesity_Paul,obesity
182,pierre83,09:31:28,en écran sa insulte mais quand sa va devoir khallas sa va bégayer,conciliator,OAG,bully/bully_support,OTH,DFN,NULL,NEG,scenario_obesity_Paul,obesity
183,Selena,09:31:28,pauvre paul frr,victim_support,NAG,NULL,NULL,EMP,OTH,NEG,scenario_obesity_Paul,obesity
184,Josiane-concilia,09:31:44,ouais j'avoue,conciliator,NAG,NULL,NULL,EMP,DFN,NEG,scenario_obesity_Paul,obesity
185,pierre83,09:32:00,pk pauvre et pas riche,conciliator,NAG,NULL,NULL,OTH,EMP,NEG,scenario_obesity_Paul,obesity
186,brice,09:32:02,bah il avait qu'a pas se goiffrer selena,bully,CAG,victim/victim_support,OTH,ATK,NULL,NEG,scenario_obesity_Paul,obesity
187,julien,09:32:03,je te hagar quand tu veuc pierre tu parle t'as la nom de cailloux ca veut faire l arabe mtn,bully_support,OAG,conciliator,OTH,ATK,DFN,NEG,scenario_obesity_Paul,obesity
188,pierre83,09:32:09,bande d'hypocrytes,conciliator,OAG,bully/bully_support,NCG,DFN,NULL,NEG,scenario_obesity_Paul,obesity
189,Selena,09:32:13,100euro a celui qui arrt de parler,victim_support,NAG,NULL,NULL,CR,NULL,NEU,scenario_obesity_Paul,obesity
190,pierre83,09:32:13,bref,conciliator,OAG,bully/bully_support,NCG,DFN,NULL,NEG,scenario_obesity_Paul,obesity
191,Paul-Victime,09:32:18,Continue de jouer brice. Si demain la vidéo elle est pas parti je porte plainte,victim,NAG,NULL,NULL,CNS,ATK,NEG,scenario_obesity_Paul,obesity
192,pierre83,09:32:18,chiche paul,conciliator,NAG,NULL,NULL,OTH,NULL,NEG,scenario_obesity_Paul,obesity
193,julien,09:32:26,selana tg,bully_support,OAG,victim_support,OTH,ATK,CR,NEG,scenario_obesity_Paul,obesity
194,Arthur,09:32:36,mais arrêter de défendre paul et voyais la vérité c un tas de graisse qui mange les plats des autres tous les soirs c mérité,bully_support,OAG,victim,OTH,ATK,CNS,NEG,scenario_obesity_Paul,obesity
195,Justine47,09:32:55,paul il veux juste graille son dessert et tu viens tu fait chier,victim_support,NAG,NULL,NULL,CNS,ATK,NEG,scenario_obesity_Paul,obesity
196,julien,09:32:56,port eplainte tu va devoir marcher pdnt encore 10 ans pour arriver au poste de police tlm t gros,bully_support,OAG,victim,OTH,ATK,CNS,NEG,scenario_obesity_Paul,obesity
197,Selena,09:32:59,et toi t'as la peau sur les os,victim_support,NAG,NULL,NULL,DFN,ATK,NEG,scenario_obesity_Paul,obesity
198,pierre83,09:33:05,julien tg a part te branler tu sais faire quoi,conciliator,OAG,bully_support,OTH,DFN,ATK,NEG,scenario_obesity_Paul,obesity
199,Paul-Victime,09:33:10,Mais nique toi  ! J'ai jamais rien demander à personne moi !,victim,OAG,bully,OTH,DFN,ATK,NEG,scenario_obesity_Paul,obesity
200,julien,09:33:19,branler t amere,bully_support,OAG,victim,OTH,ATK,DFN,NEG,scenario_obesity_Paul,obesity
201,brice,09:33:21,mais porte plainte paul vas y mais bon à mon avis même les flics vont comprendre la vidéo quand ils te verront,bully,OAG,victim,OTH,ATK,CNS,NEG,scenario_obesity_Paul,obesity
202,pierre83,09:33:25,elle est motrte,conciliator,OAG,bully,OTH,DFN,ATK,NEG,scenario_obesity_Paul,obesity
203,Selena,09:33:42,brice baise ta mere,victim_support,OAG,bully,OTH,DFN,ATK,NEG,scenario_obesity_Paul,obesity
204,Thibaut,09:33:43,mais les gars pk vous voulez pas arrêter ?,victim_support,NAG,NULL,NULL,CR,NULL,NEG,scenario_obesity_Paul,obesity
205,julien,09:33:55,je vais aller la detrrer,bully_support,OAG,victim_support,THR,ATK,DFN,NEG,scenario_obesity_Paul,obesity
206,Selena,09:33:55,j'avoue,victim_support,NAG,NULL,NULL,EMP,DFN,NEU,scenario_obesity_Paul,obesity
207,Josiane-concilia,09:33:59,mais stop cest bon,conciliator,NAG,NULL,NULL,CR,NULL,NEU,scenario_obesity_Paul,obesity
208,Arthur,09:34:01,parce que c la vidéo de l'année,bully_support,CAG,victim,OTH,ATK,DFN,NEG,scenario_obesity_Paul,obesity
209,pierre83,09:34:13,trop loin,conciliator,NAG,NULL,NULL,DFN,ATK,NEG,scenario_obesity_Paul,obesity
210,julien,09:34:18,trop trop loin,bully_support,CAG,conciliator,OTH,ATK,DFN,NEG,scenario_obesity_Paul,obesity
211,brice,09:34:24,pcq c'est drôle de vous voir vous casser la tête pour ce mec alors q'il a que ce qu'il mérite,bully,OAG,victim/victim_support/conciliator,OTH,ATK,NULL,NEG,scenario_obesity_Paul,obesity
212,Thibaut,09:34:31,Arthur calme toi frere ta juste volé un gateau,victim_support,CAG,bully_support,OTH,DFN,ATK,NEG,scenario_obesity_Paul,obesity
213,Selena,09:34:35,paul va prv mv,victim_support,NAG,NULL,NULL,EMP,DFN,POS,scenario_obesity_Paul,obesity
214,Paul-Victime,09:34:42,Mais je t'ai rien fait putain brice ! Je mérite rien du tout !,victim,OAG,bully,OTH,DFN,ATK,NEG,scenario_obesity_Paul,obesity
215,julien,09:34:49,aller prier aussi,bully_support,OAG,victim,OTH,ATK,DFN,NEG,scenario_obesity_Paul,obesity
216,pierre83,09:34:53,au pire paul bloque l'es,conciliator,OAG,bully/bully_support,OTH,DFN,NULL,NEG,scenario_obesity_Paul,obesity
217,julien,09:34:58,hier ct la salar de laid en plus,bully_support,OAG,victim,DNG,ATK,DFN,NEG,scenario_obesity_Paul,obesity
218,brice,09:35:03,si paul tu mérite un régime ;),bully,OAG,victim,DNG,ATK,DFN,NEG,scenario_obesity_Paul,obesity
219,julien,09:35:07,salat,bully_support,OAG,victim,DNG,ATK,DFN,NEG,scenario_obesity_Paul,obesity
220,pierre83,09:35:07,l'adhan il a pas sonné,conciliator,CAG,bully_support,OTH,DFN,ATK,NEG,scenario_obesity_Paul,obesity
221,julien,09:35:12,pas encore on attend le magrib,bully_support,CAG,victim,OTH,ATK,DFN,NEG,scenario_obesity_Paul,obesity
222,Josiane-concilia,09:35:20,au pire tout le monde quitte le groupe et basta,conciliator,NAG,NULL,NULL,OTH,NULL,NEU,scenario_obesity_Paul,obesity
223,Arthur,09:35:27,s'il nous bloque on le retrouve à la sortie,bully_support,OAG,conciliator,OTH,ATK,DFN,NEG,scenario_obesity_Paul,obesity
224,julien,09:35:30,mais elle veut quoi josianne la honte tu t appel comme ca deja,bully_support,OAG,conciliator,OTH,ATK,OTH,NEG,scenario_obesity_Paul,obesity
225,pierre83,09:35:40,et tu vas faire quoi arthur,conciliator,NAG,NULL,NULL,OTH,ATK,NEU,scenario_obesity_Paul,obesity
226,Josiane-concilia,09:35:41,pk la violence ca sert a quoi,conciliator,NAG,NULL,NULL,OTH,ATK,NEU,scenario_obesity_Paul,obesity
227,pierre83,09:35:59,par contre je suis d'accord avec julien pr ton blaze josi,conciliator,CAG,bully_support,OTH,DFN,ATK,NEG,scenario_obesity_Paul,obesity
228,julien,09:36:04,et tu va faire quoi pierreon t a deja dit que ta religion menacer c pas bien et ca veut faire l imam avec nous,bully_support,OAG,conciliator,OTH,ATK,OTH,NEG,scenario_obesity_Paul,obesity
229,Josiane-concilia,09:36:12,Julien avant que je nique ta mère calme toi,conciliator,OAG,bully_support,OTH,DFN,ATK,NEG,scenario_obesity_Paul,obesity
230,pierre83,09:36:14,au faite josi jvais tappeller josi,conciliator,NAG,NULL,NULL,OTH,DFN,NEG,scenario_obesity_Paul,obesity
231,Paul-Victime,09:36:16,Mais il vous faut quoi pour vous faire comprendre que j'ai pas choisi d'être comme ça !,victim,NAG,NULL,NULL,DFN,ATK,NEG,scenario_obesity_Paul,obesity
232,Selena,09:36:18,brandon tg,victim_support,OAG,bully_support,OTH,DFN,ATK,NEG,scenario_obesity_Paul,obesity
233,brice,09:36:23,j'avoue pas ouf le blaze,bully,OAG,victim,DNG,ATK,DFN,NEG,scenario_obesity_Paul,obesity
234,julien,09:36:40,degeulasse meme,bully_support,OAG,victim,DNG,AIN,ATK,NEG,scenario_obesity_Paul,obesity
235,brice,09:36:43,si si t'as choisis,bully,OAG,victim,OTH,ATK,DFN,NEG,scenario_obesity_Paul,obesity
236,pierre83,09:36:47,paul tkt on t'accepte comme tu es,conciliator,NAG,NULL,NULL,EMP,DFN,POS,scenario_obesity_Paul,obesity
237,Selena,09:36:50,tkt paul on est tous beau a notre maniere a pars brice,victim_support,NAG,NULL,NULL,EMP,DFN,NEG,scenario_obesity_Paul,obesity
238,Josiane-concilia,09:36:52,alors Julien on se calme,conciliator,NAG,NULL,NULL,CR,AIN,NEU,scenario_obesity_Paul,obesity
239,julien,09:36:57,c toi qui mange 4 ftour en une soiréé,bully_support,OAG,victim,DNG,ATK,DFN,NEG,scenario_obesity_Paul,obesity
240,pierre83,09:37:03,c juste eux ils ont une malformation cervicale,conciliator,OAG,bully/bully_support,OTH,DFN,NULL,NEG,scenario_obesity_Paul,obesity
241,Selena,09:37:11,qui soirée samedi soir?,victim_support,NAG,NULL,NULL,OTH,NULL,NEU,scenario_obesity_Paul,obesity
242,pierre83,09:37:15,qui donc leur empeche de reflechir,conciliator,OAG,bully/bully_support,OTH,DFN,NULL,NEG,scenario_obesity_Paul,obesity
243,julien,09:37:17,pk tu parle de ton frrr pierre ?,bully_support,OAG,conciliator,OTH,ATK,DFN,NEG,scenario_obesity_Paul,obesity
244,brice,09:37:19,venant de toi selena j'oserai pas dire ça,bully,CAG,victim_support,OTH,ATK,OTH,NEG,scenario_obesity_Paul,obesity
245,pierre83,09:37:24,et d'arreter de penser comme des chiebn,conciliator,OAG,bully/bully_support,OTH,DFN,NULL,NEG,scenario_obesity_Paul,obesity
246,Josiane-concilia,09:37:37,mais stop zeubi,conciliator,OAG,bully,NCG,DFN,ATK,NEG,scenario_obesity_Paul,obesity
247,Selena,09:37:41,tg brice de nice,victim_support,OAG,bully,OTH,DFN,ATK,NEG,scenario_obesity_Paul,obesity
248,Arthur,09:37:42,Chuis sûr paul à pas respecter le ramadan juste pour son gros ventre,bully_support,OAG,victim,DNG,ATK,NULL,NEG,scenario_obesity_Paul,obesity
249,pierre83,09:37:50,tg julien jparle de ta mere,conciliator,OAG,bully_support,OTH,DFN,ATK,NEG,scenario_obesity_Paul,obesity
250,julien,09:37:57,qui aime les muffin sinon ?,bully_support,CAG,victim,DNG,AIN,ATK,NEG,scenario_obesity_Paul,obesity
251,Thibaut,09:38:00,t as tellement de bonne répartie Julien mdr:') :') :'),victim_support,CAG,bully_support,OTH,DFN,ATK,NEG,scenario_obesity_Paul,obesity
252,Selena,09:38:01,t jaloux de paul frr,victim_support,NAG,NULL,NULL,OTH,NULL,POS,scenario_obesity_Paul,obesity
253,pierre83,09:38:10,arthur tg paul il est pas muslim,conciliator,OAG,bully_support,OTH,DFN,ATK,NEG,scenario_obesity_Paul,obesity
254,Selena,09:38:17,parce que ton daron est parti acheté du lait,victim_support,CAG,bully_support,OTH,DFN,AIN,NEG,scenario_obesity_Paul,obesity
255,julien,09:38:21,qu est t en sais,bully_support,NAG,NULL,NULL,OTH,DFN,NEU,scenario_obesity_Paul,obesity
256,brice,09:38:23,bon mtn vos gueules tous,bully,OAG,victim/victim_support,OTH,ATK,NULL,NEG,scenario_obesity_Paul,obesity
257,julien,09:38:27,ca peut etre un muslim cahe,bully_support,OAG,victim,OTH,ATK,DFN,NEG,scenario_obesity_Paul,obesity
258,pierre83,09:38:28,il peut pas casser un ramadan quil ne fait pas mv,conciliator,NAG,NULL,NULL,CNS,ATK,NEU,scenario_obesity_Paul,obesity
259,Paul-Victime,09:38:29,MAis je suis même pas muslim frr !,victim,NAG,NULL,NULL,CNS,ATK,NEU,scenario_obesity_Paul,obesity
260,Arthur,09:38:32,mais tema sa gueule c sur il est muslim,bully_support,NAG,NULL,NULL,OTH,DFN,NEU,scenario_obesity_Paul,obesity
261,Paul-Victime,09:38:36,T'es arriéré ou quoi !,victim,OAG,bully_support,OTH,DFN,ATK,NEG,scenario_obesity_Paul,obesity
262,julien,09:38:39,tjrs nous les muslim persecute on seras les juifs de demain ici !,bully_support,OAG,victim,OTH,ATK,CNS,NEG,scenario_obesity_Paul,obesity
263,pierre83,09:38:50,tu prouve de jour en jour mon hypothese que tes q'un qinge supplement con,conciliator,OAG,bully_support,NCG,DFN,ATK,NEG,scenario_obesity_Paul,obesity
264,Josiane-concilia,09:38:54,pas les religions stop,conciliator,NAG,NULL,NULL,DFN,ATK,NEG,scenario_obesity_Paul,obesity
265,Arthur,09:39:12,c important les religions,bully_support,NAG,NULL,NULL,OTH,DFN,NEU,scenario_obesity_Paul,obesity
266,Selena,09:39:16,dieu est grand,victim_support,NAG,NULL,NULL,OTH,DFN,NEU,scenario_obesity_Paul,obesity
267,pierre83,09:39:19,javoue,conciliator,NAG,NULL,NULL,EMP,OTH,NEU,scenario_obesity_Paul,obesity
268,julien,09:39:22,tres important,bully_support,CAG,victim_support/conciliator,OTH,ATK,NULL,NEG,scenario_obesity_Paul,obesity
269,brice,09:39:27,j'avoue pas les religions revenont putôt a paul,bully,OAG,victim,OTH,ATK,NULL,NEG,scenario_obesity_Paul,obesity
270,Josiane-concilia,09:39:27,prochain qui parle d'une religion je le baise sa mère,conciliator,OAG,NULL,OTH,OTH,NULL,NEG,scenario_obesity_Paul,obesity
271,pierre83,09:39:28,stop stop stop a la violence,conciliator,NAG,NULL,NULL,CR,NULL,NEU,scenario_obesity_Paul,obesity
272,Thibaut,09:39:35,ferme ta gueule toi josiane c bon c eu qui casse les couilles,victim_support,OAG,conciliator,OTH,OTH,OTH,NEG,scenario_obesity_Paul,obesity
273,pierre83,09:39:36,tg brice,conciliator,OAG,bully,OTH,DFN,ATK,NEG,scenario_obesity_Paul,obesity
274,julien,09:39:37,meme le careme il y arrive pas ce gros porc bagra,bully_support,OAG,victim,NCG,AIN,ATK,NEG,scenario_obesity_Paul,obesity
275,pierre83,09:39:45,dose,conciliator,NAG,NULL,NULL,OTH,NULL,NEU,scenario_obesity_Paul,obesity
276,julien,09:39:51,josi elle se rebelle,bully_support,OAG,victim_support,OTH,ATK,OTH,NEG,scenario_obesity_Paul,obesity
277,pierre83,09:39:53,un mot chretient avec un mot arabe,conciliator,CAG,bully_support,OTH,DFN,AIN,NEG,scenario_obesity_Paul,obesity
278,brice,09:39:54,à part tg tu sais dire quoi pierre,bully,OAG,conciliator,OTH,ATK,DFN,NEG,scenario_obesity_Paul,obesity
279,pierre83,09:39:59,pas un peux casse,conciliator,NAG,NULL,NULL,DFN,ATK,NEU,scenario_obesity_Paul,obesity
280,Selena,09:40:01,1 2 3 le roi du silence commence,victim_support,NAG,NULL,NULL,OTH,NULL,NEU,scenario_obesity_Paul,obesity
281,Thibaut,09:40:31,1 25 3 tu ferme ta gueule,victim_support,OAG,bully,OTH,OTH,ATK,NEU,scenario_obesity_Paul,obesity
282,Selena,09:40:35,perdu,victim_support,NAG,NULL,NULL,OTH,OTH,NEU,scenario_obesity_Paul,obesity
283,pierre83,09:40:42,1 2 3 on va dormir,conciliator,NAG,NULL,NULL,OTH,OTH,NEU,scenario_obesity_Paul,obesity
284,Josiane-concilia,09:40:45,mais paul tes un peut envelopper mais c'est pas bien Brice de se moquer ou autre,conciliator,NAG,NULL,NULL,CNS,ATK,NEU,scenario_obesity_Paul,obesity
285,julien,09:40:45,selena t pas drole mv,bully_support,OAG,victim_support,OTH,ATK,OTH,NEG,scenario_obesity_Paul,obesity
286,brice,09:40:50,selena tu fais honte un peu là,bully,OAG,victim_support,OTH,ATK,OTH,NEG,scenario_obesity_Paul,obesity
287,pierre83,09:40:51,il fais froid nn allez allons a mcdo,conciliator,NAG,NULL,NULL,CR,NULL,NEU,scenario_obesity_Paul,obesity
288,Justine47,09:41:02,1 2 3 le premier qui parle il baise sa mere,victim_support,OAG,NULL,OTH,OTH,NULL,NEG,scenario_obesity_Paul,obesity
289,pierre83,09:41:04,jai faim,conciliator,NAG,NULL,NULL,OTH,NULL,NEU,scenario_obesity_Paul,obesity
290,Selena,09:41:10,dehja fait,victim_support,NAG,NULL,NULL,OTH,NULL,NEU,scenario_obesity_Paul,obesity
291,julien,09:41:11,pierre sale clochard bouge tu pollue l air,bully_support,OAG,conciliator,DNG,ATK,OTH,NEG,scenario_obesity_Paul,obesity
292,brice,09:41:13,on se moque pas on est réaliste c tout,bully,NAG,NULL,NULL,OTH,NULL,NEU,scenario_obesity_Paul,obesity
293,pierre83,09:41:35,paul defend toi,conciliator,NAG,NULL,NULL,OTH,OTH,NEU,scenario_obesity_Paul,obesity
294,Josiane-concilia,09:41:36,nique ta mere fdp,conciliator,OAG,bully,OTH,DFN,OTH,NEG,scenario_obesity_Paul,obesity
295,Arthur,09:41:40,"pierre il pu, il pète, il polue la planète",bully_support,OAG,conciliator,DNG,AIN,ATK,NEG,scenario_obesity_Paul,obesity
296,pierre83,09:41:45,SI TES MUSLIM EXPLOSEEEEEE,conciliator,OAG,bully_support,OTH,DFN,ATK,NEG,scenario_obesity_Paul,obesity
297,Paul-Victime,09:41:52,Réaliste mais t'es pas foutu de voir que vous êtes que 3 à rire bande de mongol,victim,OAG,bully/bully_support,NCG,DFN,NULL,NEG,scenario_obesity_Paul,obesity
298,julien,09:41:58,pierre tu veux le mettre dans ton lit paul ou quoi ?,bully_support,OAG,victim/conciliator,OTH,ATK,DFN,NEG,scenario_obesity_Paul,obesity
299,Selena,09:42:07,moi je veut bien,victim_support,NAG,NULL,NULL,CNS,ATK,NEU,scenario_obesity_Paul,obesity
300,Thibaut,09:42:09,julien ta petite sour j irais la chercher à la maternelle,victim_support,OAG,bully_support,THR,DFN,ATK,NEG,scenario_obesity_Paul,obesity
301,pierre83,09:42:19,tg jai pas envie dexploser,conciliator,OAG,bully_support,OTH,DFN,ATK,NEG,scenario_obesity_Paul,obesity
302,julien,09:42:20,allah ou akbar amin,bully_support,CAG,victim_support,OTH,ATK,CNS,NEG,scenario_obesity_Paul,obesity
303,Arthur,09:42:38,bien dit julien:'),bully_support,NAG,NULL,NULL,AIN,ATK,NEG,scenario_obesity_Paul,obesity
304,Thibaut,09:42:57,bande gay,victim_support,OAG,bully_support,NCG,DFN,NULL,NEG,scenario_obesity_Paul,obesity
305,julien,09:43:05,homophooooooobe,bully_support,OAG,victim_support,NCG,ATK,DFN,NEG,scenario_obesity_Paul,obesity
306,pierre83,09:43:08,refouléeeee,conciliator,NAG,NULL,NULL,EMP,DFN,NEG,scenario_obesity_Paul,obesity
307,Selena,09:43:09,brice il parle plus la,victim_support,OAG,bully,OTH,DFN,OTH,NEG,scenario_obesity_Paul,obesity
308,brice,09:43:13,tu sais paul tu te sentiras bcp mieux si tu acceptes que t'es obése,bully,OAG,victim,DNG,ATK,DFN,NEG,scenario_obesity_Paul,obesity
309,Josiane-concilia,09:43:14,pierre ca sert a r de parler avec eux c'est des cons,conciliator,OAG,bully/bully_support,NCG,EMP,EMP,NEG,scenario_obesity_Paul,obesity
310,julien,09:43:17,ca joue a la branlette le soir,bully_support,OAG,victim_support,DNG,ATK,DFN,NEG,scenario_obesity_Paul,obesity
311,Arthur,09:43:21,thibaut il est dans le lit avec paul,bully_support,OAG,victim/victim_support,DNG,ATK,DFN,NEG,scenario_obesity_Paul,obesity
312,Thibaut,09:43:37,non avec ta mere,victim_support,OAG,bully_support,OTH,DFN,ATK,NEG,scenario_obesity_Paul,obesity
313,pierre83,09:43:42,"tu sais brice tu te sentirais mieux si tassumais que tes adopté ,",conciliator,OAG,bully,OTH,DFN,ATK,NEG,scenario_obesity_Paul,obesity
314,Selena,09:43:43,obsesé,victim_support,NAG,NULL,NULL,OTH,NULL,NEG,scenario_obesity_Paul,obesity
315,julien,09:43:48,t pas drole thibaulte,bully_support,OAG,victim_support,OTH,ATK,DFN,NEG,scenario_obesity_Paul,obesity
316,pierre83,09:43:48,rejoins ton pere zemmour et casse pas la tete,conciliator,OAG,bully,OTH,DFN,ATK,NEG,scenario_obesity_Paul,obesity
317,Arthur,09:43:54,alors pk tu rentres le soir avec lui,bully_support,OAG,victim_support,OTH,ATK,DFN,NEG,scenario_obesity_Paul,obesity
318,pierre83,09:43:55,bouffon,conciliator,OAG,bully_support,NCG,DFN,ATK,NEG,scenario_obesity_Paul,obesity
319,julien,09:43:56,ou ta mere marine,bully_support,CAG,conciliator,OTH,ATK,DFN,NEG,scenario_obesity_Paul,obesity
320,brice,09:43:57,et toi pierre que t pd,bully,OAG,conciliator,NCG,ATK,DFN,NEG,scenario_obesity_Paul,obesity
321,pierre83,09:44:12,moi jlassume jai pas honte mv,conciliator,NAG,NULL,NULL,CNS,ATK,NEG,scenario_obesity_Paul,obesity
322,Selena,09:44:23,retourne pas la situation brice de nice,victim_support,CAG,bully,OTH,DFN,ATK,NEG,scenario_obesity_Paul,obesity
323,pierre83,09:44:28,tsais si tu veux plus...,conciliator,NAG,NULL,NULL,OTH,NULL,NEU,scenario_obesity_Paul,obesity
324,julien,09:44:37,pk pas,bully_support,NAG,NULL,NULL,OTH,OTH,NEU,scenario_obesity_Paul,obesity
325,pierre83,09:44:41,aller,conciliator,NAG,NULL,NULL,OTH,OTH,NEU,scenario_obesity_Paul,obesity
326,julien,09:44:42,... bb,bully_support,NAG,NULL,NULL,OTH,NULL,NEU,scenario_obesity_Paul,obesity
327,pierre83,09:44:50,c bon pas en public on ta dis,conciliator,NAG,NULL,NULL,OTH,NULL,NEU,scenario_obesity_Paul,obesity
328,julien,09:45:02,t'as raison,bully_support,NAG,NULL,NULL,OTH,OTH,NEU,scenario_obesity_Paul,obesity
329,pierre83,09:45:03,breffff,conciliator,NAG,NULL,NULL,OTH,OTH,NEU,scenario_obesity_Paul,obesity
330,brice,09:45:04,bon faite vous pépom plus tard,bully,NAG,NULL,NULL,OTH,OTH,NEU,scenario_obesity_Paul,obesity
331,julien,09:45:05,desole brefff,bully_support,NAG,NULL,NULL,OTH,OTH,NEU,scenario_obesity_Paul,obesity
332,pierre83,09:45:10,c  pas le sujet,conciliator,NAG,NULL,NULL,OTH,OTH,NEU,scenario_obesity_Paul,obesity
333,Thibaut,09:45:16,ah bah voila t bien pd julien,victim_support,OAG,bully_support,NCG,OTH,OTH,NEG,scenario_obesity_Paul,obesity
334,pierre83,09:45:18,brice excuse toi,conciliator,CAG,bully,OTH,DFN,ATK,NEG,scenario_obesity_Paul,obesity
335,brice,09:45:19,paul t'es un gros lard  et tu le resteras a vie,bully,OAG,victim,DNG,ATK,OTH,NEG,scenario_obesity_Paul,obesity
336,pierre83,09:45:22,taura des bonbon,conciliator,NAG,NULL,NULL,DFN,ATK,NEU,scenario_obesity_Paul,obesity
337,Justine47,09:45:22,.,victim_support,NAG,NULL,NULL,OTH,NULL,NEU,scenario_obesity_Paul,obesity
338,Selena,09:45:32,brice il juge grave le physique il a cru il etait tibo inshape ou quoi,victim_support,OAG,bully,OTH,DFN,ATK,NEG,scenario_obesity_Paul,obesity
339,julien,09:45:34,brice fais l innoncent t deja venue me ejoindre hier dans ma chamre,bully_support,CAG,victim,OTH,AIN,ATK,NEG,scenario_obesity_Paul,obesity
340,Josiane-concilia,09:45:34,mais stop avec sa,conciliator,NAG,NULL,NULL,CR,ATK,NEU,scenario_obesity_Paul,obesity
341,Thibaut,09:45:39,et ta mere une pute et elle le restera à vie brice,victim_support,OAG,bully,NCG,DFN,ATK,NEG,scenario_obesity_Paul,obesity
342,Paul-Victime,09:45:49,brice t'es un gros con et tu le resteras à vie ;),victim,OAG,bully,NCG,DFN,ATK,NEG,scenario_obesity_Paul,obesity
343,Selena,09:45:53,popopoooo bien envoyé julien,victim_support,CAG,bully_support,OTH,DFN,AIN,NEG,scenario_obesity_Paul,obesity
344,Arthur,09:45:57,Paul si tu veux ya des bonbons chez thibaut,bully_support,CAG,victim,OTH,ATK,CR,NEG,scenario_obesity_Paul,obesity
345,pierre83,09:45:58,bon josi tg pardon josi,conciliator,NAG,NULL,NULL,OTH,CR,NEU,scenario_obesity_Paul,obesity
346,brice,09:46:12,ma mère t'emmerde sale merde que t,bully,OAG,victim_support,DNG,ATK,DFN,NEG,scenario_obesity_Paul,obesity
347,Josiane-concilia,09:46:20,mais pierre,conciliator,NAG,NULL,NULL,OTH,OTH,NEU,scenario_obesity_Paul,obesity
348,julien,09:46:36,"bon sale gros jte conseillerais de perde du poids mtn,",bully_support,OAG,victim,OTH,ATK,DFN,NEG,scenario_obesity_Paul,obesity
349,Thibaut,09:46:43,frere ta mere et ta soeur me kiffe pd,victim_support,OAG,bully,OTH,DFN,ATK,NEG,scenario_obesity_Paul,obesity
350,Josiane-concilia,09:46:44,mais arrete avec cette violence,conciliator,NAG,NULL,NULL,OTH,OTH,NEU,scenario_obesity_Paul,obesity
351,pierre83,09:46:45,STOPPPP,conciliator,NAG,NULL,NULL,CR,ATK,NEU,scenario_obesity_Paul,obesity
352,brice,09:46:49,bon ok je m'excuse,bully,NAG,NULL,NULL,OTH,CR,NEU,scenario_obesity_Paul,obesity
353,Selena,09:46:50,va dodo brice,victim_support,CAG,bully,OTH,DFN,OTH,NEG,scenario_obesity_Paul,obesity
354,pierre83,09:46:56,BRICE DE NICE ok jme tait,conciliator,NAG,NULL,NULL,CR,OTH,NEU,scenario_obesity_Paul,obesity
355,Josiane-concilia,09:47:11,stop maintenant,conciliator,NAG,NULL,NULL,CR,NULL,NEU,scenario_obesity_Paul,obesity
356,Selena,09:47:14,ca c'etait ma blague,victim_support,CAG,bully,OTH,DFN,OTH,NEG,scenario_obesity_Paul,obesity
357,Paul-Victime,09:47:16,Et toi de te faire pousser quelques neuronnes julien.. Sérieux vous êtes même pas capable de voir que vous vous comportez comme des merde,victim,OAG,bully_support,NCG,DFN,ATK,NEG,scenario_obesity_Paul,obesity
358,brice,09:47:19,d'avoir pensé qu'un jour paul ppourrait arreter d'être énorme,bully,CAG,victim,DNG,ATK,DFN,NEG,scenario_obesity_Paul,obesity
359,Arthur,09:47:20,Paul arrête de bouffer du gras et donne tes desserts aux autres ça te feras un régime,bully_support,OAG,victim,DNG,ATK,DFN,NEG,scenario_obesity_Paul,obesity
360,julien,09:47:20,t'as vue ton blaze ct cendrillon k que tt le monde te kiffe,bully_support,CAG,victim,OTH,ATK,DFN,NEG,scenario_obesity_Paul,obesity
361,pierre83,09:47:22,ta rasion pardon bon allez,conciliator,NAG,NULL,NULL,OTH,NULL,NEU,scenario_obesity_Paul,obesity
362,Selena,09:47:41,qui a vue le dernier spider man sinon?,victim_support,NAG,NULL,NULL,OTH,NULL,NEU,scenario_obesity_Paul,obesity
363,pierre83,09:47:43,excuser vous julien supprime la video jte passe des bonbons,conciliator,NAG,NULL,NULL,CR,NULL,NEU,scenario_obesity_Paul,obesity
364,Selena,09:48:06,pardon,victim_support,NAG,NULL,NULL,OTH,NULL,NEU,scenario_obesity_Paul,obesity
365,pierre83,09:48:06,et toi brice tu arrete,conciliator,NAG,NULL,NULL,DFN,ATK,NEU,scenario_obesity_Paul,obesity
366,Josiane-concilia,09:48:10,merci Julien c'est gentil,conciliator,NAG,NULL,NULL,OTH,ATK,NEU,scenario_obesity_Paul,obesity
367,pierre83,09:48:13,parce que c pas bien,conciliator,NAG,NULL,NULL,OTH,OTH,NEU,scenario_obesity_Paul,obesity
368,Selena,09:48:13,de nice,victim_support,NAG,NULL,NULL,OTH,OTH,NEU,scenario_obesity_Paul,obesity
370,pierre83,09:48:29,on va tous se rejoindre au jennah,conciliator,NAG,NULL,NULL,OTH,NULL,NEU,scenario_obesity_Paul,obesity
371,brice,09:48:30,oui papa tqt j'arreterai pas,bully,CAG,conciliator,OTH,ATK,OTH,NEG,scenario_obesity_Paul,obesity
373,Thibaut,09:48:44,d abord supprime la vidéo,victim_support,NAG,NULL,NULL,DFN,ATK,NEG,scenario_obesity_Paul,obesity
374,pierre83,09:48:47,jennah = paradis,conciliator,NAG,NULL,NULL,OTH,OTH,NEU,scenario_obesity_Paul,obesity
375,julien,09:49:00,pour tous se rejoindre au jennah faison la paix,bully_support,NAG,NULL,NULL,OTH,OTH,NEU,scenario_obesity_Paul,obesity
377,Josiane-concilia,09:49:08,j'avoue,conciliator,NAG,NULL,NULL,OTH,OTH,NEU,scenario_obesity_Paul,obesity
378,Arthur,09:49:13,Selena tg,bully_support,OAG,victim_support,OTH,ATK,OTH,NEG,scenario_obesity_Paul,obesity
380,Paul-Victime,09:49:23,Supprimes la vidéo Julien !,victim,NAG,NULL,NULL,OTH,OTH,NEU,scenario_obesity_Paul,obesity
382,Selena,09:49:32,Suprimmeeeeeeeeeeeeeeeee,victim_support,NAG,NULL,NULL,EMP,DFN,NEU,scenario_obesity_Paul,obesity
384,brice,09:49:56,vas y supprime julien c bon,bully,NAG,NULL,NULL,OTH,OTH,NEU,scenario_obesity_Paul,obesity
385,Thibaut,09:49:56,mais vos gueules,victim_support,CAG,bully,OTH,OTH,OTH,NEU,scenario_obesity_Paul,obesity
386,julien,09:50:00,vsi brice on trouvera un autre moment ou ils seront pas la pour nous faire chier,bully_support,NAG,NULL,NULL,OTH,OTH,NEG,scenario_obesity_Paul,obesity
387,Josiane-concilia,09:50:02,mais stop,conciliator,NAG,NULL,NULL,OTH,NULL,NEU,scenario_obesity_Paul,obesity
0,Julien,10:22:36,t'a vu t'as autant de like sur la video que de kilos ahahah,bully_support,OAG,victim,DNG,AIN,NULL,NEG,scenario_obesity_Paul_bis,obesity
1,justine,10:25:02,*slt les gens ca va ou pas,victim_support,NAG,NULL,NULL,OTH,NULL,NEU,scenario_obesity_Paul_bis,obesity
2,Julien,10:25:25,ca va et toi le s,bully_support,NAG,NULL,NULL,OTH,OTH,NEU,scenario_obesity_Paul_bis,obesity
3,justine,10:25:37,ouais ca va merci la famille,victim_support,NAG,NULL,NULL,OTH,OTH,NEU,scenario_obesity_Paul_bis,obesity
4,Julien,10:26:01,benef,bully_support,NAG,NULL,NULL,OTH,OTH,NEU,scenario_obesity_Paul_bis,obesity
5,justine,10:26:31,et paul ca va,victim_support,NAG,NULL,NULL,OTH,NULL,NEU,scenario_obesity_Paul_bis,obesity
6,Julien,10:26:54,ta bien mange?,bully_support,CAG,victim,DNG,AIN,NULL,NEG,scenario_obesity_Paul_bis,obesity
7,brice,10:27:06,raconte pas ta vie on s en blc,bully,OAG,victim_support,OTH,AIN,OTH,NEG,scenario_obesity_Paul_bis,obesity
8,justine,10:27:23,tranquile mec calme oit,victim_support,NAG,NULL,NULL,CR,AIN,NEU,scenario_obesity_Paul_bis,obesity
9,Julien,10:27:39,Bah alors paul faut pas ouvrir sa gueul que pour manger,bully_support,CAG,victim,DNG,AIN,NULL,NEG,scenario_obesity_Paul_bis,obesity
10,Paul--victime,10:27:43,J'ai le droit de manger mon dessert,victim,NAG,NULL,NULL,CNS,AIN,NEG,scenario_obesity_Paul_bis,obesity
11,brice,10:28:06,bien vue julien t est un bon frero,bully,NAG,NULL,NULL,AIN,AIN,NEG,scenario_obesity_Paul_bis,obesity
12,justine,10:28:07,bas ouais c pas ouf ce que ta fais brice,victim_support,NAG,NULL,NULL,CNS,AIN,NEU,scenario_obesity_Paul_bis,obesity
13,Julien,10:28:12,mais ta pa le droit de faire trembler le sol,bully_support,OAG,victim,DNG,ATK,DFN,NEG,scenario_obesity_Paul_bis,obesity
14,brice,10:28:18,il passe meme pas les portes ce zgeg,bully,OAG,victim,OTH,ATK,AIN,NEG,scenario_obesity_Paul_bis,obesity
15,justine,10:28:33,les gars c batard,victim_support,NAG,NULL,NULL,CR,NULL,NEG,scenario_obesity_Paul_bis,obesity
16,Thibaut,10:28:42,oe trop arretez,victim_support,NAG,NULL,NULL,CR,ATK,NEU,scenario_obesity_Paul_bis,obesity
17,justine,10:28:42,calmer vous,victim_support,NAG,NULL,NULL,CR,ATK,NEU,scenario_obesity_Paul_bis,obesity
18,Julien,10:28:52,on sen justine,bully_support,OAG,victim_support,OTH,ATK,CR,NEG,scenario_obesity_Paul_bis,obesity
19,Julien,10:29:00,blc,bully_support,OAG,victim_support,OTH,ATK,CR,NEG,scenario_obesity_Paul_bis,obesity
20,justine,10:29:20,ho tg et arrete,victim_support,OAG,bully_support,OTH,DFN,ATK,NEG,scenario_obesity_Paul_bis,obesity
21,Julien,10:29:30,arrete de defendre lautre gros porc,bully_support,OAG,victim,NCG,ATK,DFN,NEG,scenario_obesity_Paul_bis,obesity
22,justine,10:29:57,il a rien fait le pauvre c pas ouf ce que vous faite dans la cantine,victim_support,OAG,bully_support,OTH,DFN,ATK,NEG,scenario_obesity_Paul_bis,obesity
23,brice,10:30:08,t as pas honte de manger autant,bully,OAG,victim,DNG,ATK,NULL,NEG,scenario_obesity_Paul_bis,obesity
24,Julien,10:30:24,mais si il fait que manger apres on a pas de rab,bully_support,OAG,victim,DNG,ATK,DFN,NEG,scenario_obesity_Paul_bis,obesity
25,Selena,10:30:24,en quoi ca te dérange ?,victim_support,NAG,NULL,NULL,DFN,ATK,NEU,scenario_obesity_Paul_bis,obesity
26,brice,10:30:26,tu passe ta vie a mcdo,bully,CAG,victim,DNG,ATK,NULL,NEG,scenario_obesity_Paul_bis,obesity
27,Julien,10:30:26,cet encule,bully_support,OAG,victim,DNG,ATK,DFN,NEG,scenario_obesity_Paul_bis,obesity
28,Thibaut,10:30:46,frere ftp il fait se quil veut,victim_support,OAG,bully,OTH,DFN,ATK,NEG,scenario_obesity_Paul_bis,obesity
29,justine,10:30:48,mec c pas de sa faute si il a pas le meme organisme que nous,victim_support,NAG,NULL,NULL,DFN,ATK,NEU,scenario_obesity_Paul_bis,obesity
30,Selena,10:30:53,au pire il fait ce qu'il veut,victim_support,NAG,NULL,NULL,DFN,ATK,NEU,scenario_obesity_Paul_bis,obesity
31,Julien,10:30:55,il est Né gros,bully_support,OAG,victim,DNG,ATK,DFN,NEG,scenario_obesity_Paul_bis,obesity
32,justine,10:31:05,et alors,victim_support,NAG,NULL,NULL,CNS,ATK,NEG,scenario_obesity_Paul_bis,obesity
33,Selena,10:31:10,et ca te pose un problème ?,victim_support,NAG,NULL,NULL,CNS,ATK,NEU,scenario_obesity_Paul_bis,obesity
35,Thibaut,10:31:24,en plus t'es raciste frr,victim_support,OAG,bully,OTH,DFN,ATK,NEG,scenario_obesity_Paul_bis,obesity
36,Julien,10:31:27,il fait de lombre,bully_support,OAG,victim,DNG,ATK,DFN,NEG,scenario_obesity_Paul_bis,obesity
37,Pierre66,10:31:32,tranquille mon reuf,conciliator,NAG,NULL,NULL,CR,ATK,NEU,scenario_obesity_Paul_bis,obesity
38,justine,10:32:04,mec tg julien,victim_support,OAG,bully_support,OTH,DFN,ATK,NEG,scenario_obesity_Paul_bis,obesity
39,Julien,10:32:16,toi tg retourne faire la vaisselle,bully_support,OAG,victim_support,OTH,ATK,DFN,NEG,scenario_obesity_Paul_bis,obesity
40,Selena,10:32:30,Julien au pire défoule toi autrement non,victim_support,NAG,NULL,NULL,DFN,ATK,NEG,scenario_obesity_Paul_bis,obesity
41,Julien,10:32:47,jme defoule pas je dis quie la verite,bully_support,NAG,NULL,NULL,OTH,DFN,NEU,scenario_obesity_Paul_bis,obesity
42,justine,10:32:49,moi a moins je suis pas un iench,victim_support,OAG,bully_support,NCG,DFN,ATK,NEG,scenario_obesity_Paul_bis,obesity
43,brice,10:32:50,tg selena il se defoule en mangeant lui ce zgeg,bully,OAG,victim_support,OTH,ATK,DFN,NEG,scenario_obesity_Paul_bis,obesity
44,Arthur,10:32:55,Il va exploser après,bully_support,OAG,victim,OTH,ATK,DFN,NEG,scenario_obesity_Paul_bis,obesity
45,Thibaut,10:32:55,mais frerot tu es cringe,victim_support,OAG,bully_support,NCG,DFN,ATK,NEG,scenario_obesity_Paul_bis,obesity
46,Paul--victime,10:33:06,"brice tg, ce n'est pas vrai que je mange beaucoup, je suis né comme ça, j'ai juste de gros os",victim,OAG,bully,OTH,DFN,ATK,NEG,scenario_obesity_Paul_bis,obesity
47,justine,10:33:12,ho no cringe,victim_support,OAG,bully_support,NCG,DFN,ATK,NEG,scenario_obesity_Paul_bis,obesity
48,Pierre66,10:33:26,force paul on est pas ensemble,conciliator,NAG,NULL,NULL,OTH,DFN,NEU,scenario_obesity_Paul_bis,obesity
49,Julien,10:33:26,c'est sque jdis t ne gros,bully_support,OAG,victim,DNG,ATK,DFN,NEG,scenario_obesity_Paul_bis,obesity
50,Thibaut,10:33:51,bah voila c pas sa faute,victim_support,NAG,NULL,NULL,DFN,ATK,NEU,scenario_obesity_Paul_bis,obesity
51,justine,10:33:57,voila,victim_support,NAG,NULL,NULL,DFN,ATK,NEU,scenario_obesity_Paul_bis,obesity
52,Julien,10:34:01,jmen blc,bully_support,CAG,victim_support,OTH,ATK,DFN,NEG,scenario_obesity_Paul_bis,obesity
53,brice,10:34:07,pierre ta soeur la chauve qui sort avk un aksel,bully,OAG,conciliator,OTH,ATK,OTH,NEG,scenario_obesity_Paul_bis,obesity
54,justine,10:34:18,?,victim_support,NAG,NULL,NULL,OTH,NULL,NEU,scenario_obesity_Paul_bis,obesity
55,Selena,10:34:23,c'est quoi ton problème ? Qu'est ce que tu veux pour arrêter,victim_support,OAG,bully,OTH,DFN,ATK,NEG,scenario_obesity_Paul_bis,obesity
56,justine,10:34:24,wtf bro,victim_support,OAG,bully,OTH,DFN,ATK,NEG,scenario_obesity_Paul_bis,obesity
57,brice,10:34:40,ta mere pour arrettez,bully,OAG,victim_support,OTH,ATK,DFN,NEG,scenario_obesity_Paul_bis,obesity
58,justine,10:34:44,-_-,victim_support,NAG,NULL,NULL,OTH,NULL,NEU,scenario_obesity_Paul_bis,obesity
59,Julien,10:34:54,la mere de paul elle a mange bk pendant laccouchement,bully_support,OAG,victim,DNG,ATK,DFN,NEG,scenario_obesity_Paul_bis,obesity
60,justine,10:35:09,t vraiment pas possible,victim_support,OAG,bully_support,OTH,DFN,ATK,NEG,scenario_obesity_Paul_bis,obesity
61,brice,10:35:15,il a raison,bully,NAG,NULL,NULL,AIN,ATK,NEG,scenario_obesity_Paul_bis,obesity
62,justine,10:35:30,ho tg toi,victim_support,OAG,bully_support,OTH,DFN,ATK,NEG,scenario_obesity_Paul_bis,obesity
63,Selena,10:35:40,Vous êtes vraiement bête,victim_support,OAG,bully_support,NCG,DFN,AIN,NEG,scenario_obesity_Paul_bis,obesity
66,Julien,10:35:49,elle avait tellement un gos ventre on aurait dit un dromadaire,bully_support,OAG,victim,DNG,ATK,DFN,NEG,scenario_obesity_Paul_bis,obesity
67,Paul--victime,10:36:00,tg Julien,victim,OAG,bully_support,OTH,DFN,ATK,NEG,scenario_obesity_Paul_bis,obesity
68,Selena,10:36:05,mais en faite comme toutes les mamans enceintes,victim_support,NAG,NULL,NULL,CNS,ATK,NEU,scenario_obesity_Paul_bis,obesity
69,Julien,10:36:11,tg ton pere le chauve,bully_support,OAG,victim,OTH,ATK,DFN,NEG,scenario_obesity_Paul_bis,obesity
70,Thibaut,10:36:24,c'est bien d'etre chauve,victim_support,NAG,NULL,NULL,CNS,ATK,NEU,scenario_obesity_Paul_bis,obesity
71,brice,10:36:30,nn  c juiste la sienne elle est en surpoid comme celle a pierre,bully,OAG,victim/conciliator,DNG,ATK,NULL,NEG,scenario_obesity_Paul_bis,obesity
72,Julien,10:36:33,tu va au trampoline park tu passes a travers,bully_support,OAG,victim,OTH,ATK,DFN,NEG,scenario_obesity_Paul_bis,obesity
73,justine,10:36:41,ca c de l'insulte mec franchement ferme la,victim_support,OAG,bully_support,OTH,DFN,ATK,NEG,scenario_obesity_Paul_bis,obesity
74,Selena,10:36:54,croix qu'être en surpoid rend différent un être humain ?!,victim_support,NAG,NULL,NULL,CNS,ATK,NEU,scenario_obesity_Paul_bis,obesity
75,Julien,10:37:14,bah un peu ducoup,bully_support,OAG,victim,OTH,ATK,CNS,NEG,scenario_obesity_Paul_bis,obesity
76,Arthur,10:37:23,pas qu'un peu,bully_support,NAG,NULL,NULL,AIN,ATK,NEG,scenario_obesity_Paul_bis,obesity
77,Julien,10:37:25,il ressemble ronflex ce tdc,bully_support,OAG,victim,OTH,ATK,CNS,NEG,scenario_obesity_Paul_bis,obesity
78,Selena,10:37:27,"prends pas un gramme, on va pas te louper",victim_support,OAG,bully_support,OTH,DFN,ATK,NEG,scenario_obesity_Paul_bis,obesity
79,brice,10:37:28,nn vzy chuit dessoler,bully,OAG,victim,DNG,ATK,CNS,NEG,scenario_obesity_Paul_bis,obesity
80,justine,10:37:45,c maintenant que tu texcuse,victim_support,NAG,NULL,NULL,OTH,ATK,NEU,scenario_obesity_Paul_bis,obesity
81,brice,10:38:02,y as toujours un bon moment,bully,OAG,victim,DNG,ATK,CNS,NEG,scenario_obesity_Paul_bis,obesity
82,justine,10:38:05,julien suce ma bite,victim_support,OAG,bully_support,OTH,DFN,ATK,NEG,scenario_obesity_Paul_bis,obesity
83,Pierre66,10:38:09,excuse toi brice,conciliator,NAG,NULL,NULL,OTH,ATK,NEU,scenario_obesity_Paul_bis,obesity
84,justine,10:38:22,encore,victim_support,CAG,bully,DNG,DFN,ATK,NEG,scenario_obesity_Paul_bis,obesity
85,Selena,10:38:31,"tu t'es prise pour qui, laissez Paul tranquille et puis basta",victim_support,OAG,bully_support,OTH,DFN,ATK,NEG,scenario_obesity_Paul_bis,obesity
86,Julien,10:38:39,paul quand il va prendre une corde et un tabouret la corde elle va lacher,bully_support,CAG,victim,DNG,ATK,DFN,NEG,scenario_obesity_Paul_bis,obesity
87,brice,10:38:43,meme si sa mere elle mange tout le temp a mcdo,bully,OAG,victim,DNG,ATK,CNS,NEG,scenario_obesity_Paul_bis,obesity
88,Arthur,10:38:55,ohh ça va on peut un peu rigoler,bully_support,NAG,NULL,NULL,AIN,ATK,NEG,scenario_obesity_Paul_bis,obesity
89,Selena,10:38:56,elle a qu'une vie,victim_support,NAG,NULL,NULL,DFN,ATK,NEU,scenario_obesity_Paul_bis,obesity
90,Pierre66,10:39:02,Brice t'es pas drole,conciliator,NAG,NULL,NULL,DFN,ATK,NEG,scenario_obesity_Paul_bis,obesity
91,Paul--victime,10:39:16,Si tu étais comme moi brice tu aimerais que les gens se moquent de toi ?,victim,NAG,NULL,NULL,CNS,ATK,NEU,scenario_obesity_Paul_bis,obesity
92,Thibaut,10:39:17,juste excuse toi et c'est bon,victim_support,NAG,NULL,NULL,CR,ATK,NEU,scenario_obesity_Paul_bis,obesity
93,Selena,10:39:29,"la honte d'avoir des enfants comme Julien, Arthur et ceux qui sont des deux côtes",victim_support,OAG,bully/bully_support,OTH,DFN,NULL,NEG,scenario_obesity_Paul_bis,obesity
94,Pierre66,10:39:30,Brice reponds,conciliator,NAG,NULL,NULL,DFN,ATK,NEG,scenario_obesity_Paul_bis,obesity
95,brice,10:39:30,pierre ta soeur la chauve souris et toi qi ressemble a un rongeur,bully,OAG,conciliator,OTH,ATK,OTH,NEG,scenario_obesity_Paul_bis,obesity
96,Julien,10:39:38,paul il voit meme pas sa teub de 2mm avec son gros ventre,bully_support,OAG,victim,DNG,ATK,CNS,NEG,scenario_obesity_Paul_bis,obesity
97,justine,10:39:39,après julien on sait que ta était adopter pas besoin de te défouler sur paul,victim_support,OAG,bully_support,OTH,DFN,ATK,NEG,scenario_obesity_Paul_bis,obesity
98,Pierre66,10:39:43,Merci gros,conciliator,NAG,NULL,NULL,OTH,NULL,NEU,scenario_obesity_Paul_bis,obesity
99,Selena,10:39:53,faut pas que quelqu'un de ta famille subisse pareil ! tu vas rien comprendre,victim_support,OAG,bully/bully_support,OTH,DFN,NULL,NEG,scenario_obesity_Paul_bis,obesity
100,Julien,10:40:22,ils subiront rien ils sot pas gros,bully_support,OAG,victim,DNG,ATK,DFN,NEG,scenario_obesity_Paul_bis,obesity
101,brice,10:40:25,je cherche une meuf voila mon snap: paullegros,bully,CAG,victim,OTH,ATK,NULL,NEG,scenario_obesity_Paul_bis,obesity
102,Pierre66,10:40:39,parle francais,conciliator,OAG,bully,OTH,DFN,ATK,NEG,scenario_obesity_Paul_bis,obesity
103,Thibaut,10:40:43,parle fr stp,victim_support,OAG,bully,OTH,DFN,ATK,NEG,scenario_obesity_Paul_bis,obesity
104,Selena,10:40:43,Julien t'es juste jaloux,victim_support,OAG,bully_support,OTH,DFN,ATK,NEG,scenario_obesity_Paul_bis,obesity
105,Pierre66,10:40:56,ah le batard,conciliator,OAG,bully_support,NCG,DFN,ATK,NEG,scenario_obesity_Paul_bis,obesity
106,Selena,10:41:05,"Julien, peut être pas gros mais pas très intelligent",victim_support,OAG,bully_support,OTH,DFN,ATK,NEG,scenario_obesity_Paul_bis,obesity
107,Julien,10:41:07,de tous les macdos ?,bully_support,OAG,victim,OTH,ATK,NULL,NEG,scenario_obesity_Paul_bis,obesity
108,Thibaut,10:41:23,t'es cringe avec ton macdo,victim_support,OAG,bully_support,OTH,DFN,ATK,NEG,scenario_obesity_Paul_bis,obesity
109,justine,10:41:28,julien calme toi on sait que tu t'assume pas et que t juste une merde,victim_support,OAG,bully_support,OTH,DFN,ATK,NEG,scenario_obesity_Paul_bis,obesity
110,Pierre66,10:41:29,de fou,conciliator,OAG,bully_support,NCG,DFN,ATK,NEG,scenario_obesity_Paul_bis,obesity
111,Thibaut,10:41:35,es des arguments stp,victim_support,OAG,bully_support,OTH,DFN,ATK,NEG,scenario_obesity_Paul_bis,obesity
112,Selena,10:41:39,brice toi tu devrais pas parler,victim_support,OAG,bully,OTH,DFN,NULL,NEG,scenario_obesity_Paul_bis,obesity
113,Julien,10:41:47,nah venez en vrai jvous envcule un par un bande de pedales,bully_support,OAG,victim/victim_support,OTH,ATK,NULL,NEG,scenario_obesity_Paul_bis,obesity
114,brice,10:41:48,messi meilleure que ronaldo et paul plus gros qu un sumo,bully,OAG,victim,DNG,ATK,NULL,NEG,scenario_obesity_Paul_bis,obesity
115,Pierre66,10:41:49,on est d'accord,conciliator,NAG,NULL,NULL,OTH,DFN,NEU,scenario_obesity_Paul_bis,obesity
116,Thibaut,10:42:05,bah vasy on t'attend julien,victim_support,OAG,bully_support,OTH,DFN,ATK,NEG,scenario_obesity_Paul_bis,obesity
117,justine,10:42:06,ta pas de bite julien tu peux pas,victim_support,OAG,bully_support,DNG,DFN,ATK,NEG,scenario_obesity_Paul_bis,obesity
118,Pierre66,10:42:06,non on est pas d'accord,conciliator,NAG,NULL,NULL,DFN,ATK,NEU,scenario_obesity_Paul_bis,obesity
119,Julien,10:42:23,ta mere elle la uce justine sucé,bully_support,OAG,victim_support,DNG,ATK,DFN,NEG,scenario_obesity_Paul_bis,obesity
120,justine,10:42:36,parle fr stp,victim_support,CAG,bully_support,DNG,DFN,ATK,NEG,scenario_obesity_Paul_bis,obesity
121,brice,10:42:43,</3 >.< X) D: =$,bully,NAG,NULL,NULL,OTH,NULL,NEU,scenario_obesity_Paul_bis,obesity
122,Pierre66,10:42:49,gouiri > messi,conciliator,NAG,NULL,NULL,OTH,NULL,NEU,scenario_obesity_Paul_bis,obesity
123,Paul--victime,10:42:53,personne ne voudra plus être mon ami  à cause de toi batard brice,victim,OAG,bully,NCG,DFN,ATK,NEG,scenario_obesity_Paul_bis,obesity
124,Thibaut,10:43:00,mais il est gay avec ses emojis,victim_support,OAG,bully,NCG,EMP,DFN,NEG,scenario_obesity_Paul_bis,obesity
125,brice,10:43:10,messi c un monstre frero,bully,NAG,NULL,NULL,OTH,OTH,NEU,scenario_obesity_Paul_bis,obesity
126,Julien,10:43:11,pas de soucis demain au lycee jtencule thibault,bully_support,OAG,victim_support,OTH,ATK,DFN,NEG,scenario_obesity_Paul_bis,obesity
127,Thibaut,10:43:13,tkt Paul,victim_support,NAG,NULL,NULL,EMP,DFN,NEU,scenario_obesity_Paul_bis,obesity
128,Julien,10:43:16,jte nik tes morts,bully_support,OAG,victim_support,OTH,ATK,DFN,NEG,scenario_obesity_Paul_bis,obesity
129,justine,10:43:34,julien le dieu des gays,victim_support,OAG,bully_support,OTH,DFN,ATK,NEG,scenario_obesity_Paul_bis,obesity
130,Thibaut,10:43:37,ftg gros chien,victim_support,OAG,bully_support,OTH,DFN,ATK,NEG,scenario_obesity_Paul_bis,obesity
131,brice,10:43:37,pierre t fou sale nicois de merde,bully,OAG,conciliator,OTH,ATK,OTH,NEG,scenario_obesity_Paul_bis,obesity
132,Selena,10:43:41,"Julien Arthur vous vous la fermez un peu, laissez le tranquille",victim_support,OAG,bully_support,OTH,DFN,ATK,NEG,scenario_obesity_Paul_bis,obesity
133,Julien,10:43:53,justine la reines des putes,bully_support,OAG,victim_support,NCG,ATK,DFN,NEG,scenario_obesity_Paul_bis,obesity
134,Selena,10:44:00,tu crois que toi on va te tacler sur tes peties imperfections,victim_support,OAG,bully_support,OTH,DFN,ATK,NEG,scenario_obesity_Paul_bis,obesity
135,Pierre66,10:44:11,ta soeur la parisienn qui prend 1-0 par un filou,conciliator,CAG,bully,DNG,DFN,ATK,NEG,scenario_obesity_Paul_bis,obesity
136,justine,10:44:28,:'),victim_support,NAG,NULL,NULL,OTH,NULL,NEU,scenario_obesity_Paul_bis,obesity
137,Julien,10:44:33,andy delort il te nik tes morts,bully_support,OAG,victim_support,OTH,ATK,DFN,NEG,scenario_obesity_Paul_bis,obesity
138,brice,10:44:34,ta soeur la chauve qui prend des 3a0,bully,OAG,conciliator,DNG,ATK,DFN,NEG,scenario_obesity_Paul_bis,obesity
139,justine,10:44:36,tu parle de oiq,victim_support,CAG,bully,OTH,DFN,ATK,NEG,scenario_obesity_Paul_bis,obesity
140,brice,10:44:45,de foot mon reuf,bully,NAG,NULL,NULL,OTH,DFN,NEU,scenario_obesity_Paul_bis,obesity
141,justine,10:44:51,ok,victim_support,NAG,NULL,NULL,OTH,OTH,NEU,scenario_obesity_Paul_bis,obesity
142,Julien,10:44:58,la chatte a justine c'est la cage a costil,bully_support,OAG,victim_support,OTH,ATK,OTH,NEG,scenario_obesity_Paul_bis,obesity
143,justine,10:44:59,bas tg alors julein je te fait bouffer ma big bite,victim_support,OAG,bully_support,OTH,DFN,ATK,NEG,scenario_obesity_Paul_bis,obesity
144,Pierre66,10:45:29,je dois dire que c'est faux mais en vrai je suis d'accord,conciliator,NAG,NULL,NULL,OTH,NULL,NEU,scenario_obesity_Paul_bis,obesity
145,brice,10:45:51,bulka pire gardien ce zgeg,bully,OAG,victim,OTH,ATK,NULL,NEG,scenario_obesity_Paul_bis,obesity
146,justine,10:45:55,mon enorme chibrax dans ta bouche julien,victim_support,OAG,bully_support,OTH,DFN,ATK,NEG,scenario_obesity_Paul_bis,obesity
147,Thibaut,10:45:58,tes avec qui Paul srx,victim_support,NAG,NULL,NULL,OTH,OTH,NEG,scenario_obesity_Paul_bis,obesity
148,Julien,10:46:01,tu bouffe ma big bite paul mange des big mac,bully_support,OAG,victim,OTH,ATK,DFN,NEG,scenario_obesity_Paul_bis,obesity
149,Paul--victime,10:46:11,Julien j'aimerais voir si je peux prendre une vidéo de toi en train de te chier dessus si ça te fait plaisir,victim,OAG,bully_support,OTH,DFN,ATK,NEG,scenario_obesity_Paul_bis,obesity
150,Pierre66,10:46:18,bulka a les plus grosses couilles de france,conciliator,OAG,bully,OTH,DFN,ATK,NEG,scenario_obesity_Paul_bis,obesity
151,justine,10:46:28,il c faire que ca tu peux y aller,victim_support,NAG,NULL,NULL,EMP,DFN,NEG,scenario_obesity_Paul_bis,obesity
152,Julien,10:46:29,lautre gros est scatophile,bully_support,OAG,victim,NCG,ATK,DFN,NEG,scenario_obesity_Paul_bis,obesity
153,justine,10:46:53,et toi t vraiment un tarer mental,victim_support,OAG,bully_support,DNG,DFN,ATK,NEG,scenario_obesity_Paul_bis,obesity
154,Thibaut,10:47:02,mais qu'est ce tu raconte srx julien tu raconte que de la merde frr,victim_support,OAG,bully_support,OTH,DFN,ATK,NEG,scenario_obesity_Paul_bis,obesity
155,Julien,10:47:38,ta geule thibault ta mere elle se fait prendre par toute lusine peugeot,bully_support,OAG,victim_support,OTH,ATK,DFN,NEG,scenario_obesity_Paul_bis,obesity
156,Selena,10:47:49,"julien si on te bloques tous tu va moins rigoler, t'auras plus de victime",victim_support,OAG,bully_support,OTH,DFN,ATK,NEG,scenario_obesity_Paul_bis,obesity
157,brice,10:47:59,paul quand il monte sur son lit il le casse,bully,OAG,victim,DNG,ATK,DFN,NEG,scenario_obesity_Paul_bis,obesity
158,Julien,10:48:06,bah je vous emmerderez en vrai,bully_support,OAG,victim_support,OTH,ATK,DFN,NEG,scenario_obesity_Paul_bis,obesity
159,justine,10:48:10,mec la drogue c mal faut arreter julien je sais que ta mère elle t'aime pas julien pas besoin d'attaquer les autres,victim_support,OAG,bully_support,OTH,DFN,ATK,NEG,scenario_obesity_Paul_bis,obesity
160,Julien,10:49:03,ta mere elle prend prebnd du popers ca lui ecarte le trou de balle  justine,bully_support,OAG,victim_support,DNG,ATK,DFN,NEG,scenario_obesity_Paul_bis,obesity
161,justine,10:49:12,et que ta était adopté,victim_support,OAG,bully_support,OTH,DFN,ATK,NEG,scenario_obesity_Paul_bis,obesity
162,Thibaut,10:49:22,faut qui fasse avec,victim_support,NAG,NULL,NULL,OTH,ATK,NEG,scenario_obesity_Paul_bis,obesity
163,justine,10:49:30,le pauvre aussi,victim_support,OAG,bully_support,OTH,DFN,ATK,NEG,scenario_obesity_Paul_bis,obesity
164,Paul--victime,10:49:35,"@brice tu m'as rendu très triste, en ce moment je veux juste disparaître de ma vie",victim,OAG,bully,OTH,DFN,ATK,NEG,scenario_obesity_Paul_bis,obesity
165,Thibaut,10:49:49,"julien a pas de parent, ca doit etre dur..",victim_support,OAG,bully_support,OTH,DFN,ATK,NEG,scenario_obesity_Paul_bis,obesity
166,Julien,10:49:53,DISPARAITTTT,bully_support,OAG,victim,OTH,ATK,OTH,NEG,scenario_obesity_Paul_bis,obesity
167,Selena,10:49:54,"Julien mais arêter de vous attaquez qur des trucs commace, faites du sport je sais pas moi-_- -_-",victim_support,NAG,NULL,NULL,CR,ATK,NEU,scenario_obesity_Paul_bis,obesity
168,Thibaut,10:50:01,c'est pour ca quil se dechaine,victim_support,OAG,bully_support,OTH,DFN,ATK,NEG,scenario_obesity_Paul_bis,obesity
169,justine,10:50:07,et pas d'amis quelle dommage,victim_support,OAG,bully_support,OTH,DFN,ATK,NEG,scenario_obesity_Paul_bis,obesity
170,Pierre66,10:50:07,brice DEHORSSSSS,conciliator,OAG,bully,OTH,DFN,ATK,NEG,scenario_obesity_Paul_bis,obesity
171,brice,10:50:14,sa ferait une bonne places sur la terre,bully,CAG,victim,OTH,ATK,DFN,NEG,scenario_obesity_Paul_bis,obesity
172,justine,10:50:24,tg toi,victim_support,OAG,bully,OTH,DFN,ATK,NEG,scenario_obesity_Paul_bis,obesity
173,Thibaut,10:50:31,la place yen a il a pas besoins de disparaitre,victim_support,NAG,NULL,NULL,CNS,ATK,NEU,scenario_obesity_Paul_bis,obesity
174,brice,10:50:46,quand tu bz ta meuf tu l asphyxie ou bquoi,bully,OAG,victim,DNG,ATK,OTH,NEG,scenario_obesity_Paul_bis,obesity
175,Julien,10:50:53,si si c'esr un magicien,bully_support,OAG,victim,OTH,AIN,ATK,NEG,scenario_obesity_Paul_bis,obesity
176,Pierre66,10:50:59,tu t'appelle brice...,conciliator,CAG,bully,OTH,DFN,ATK,NEG,scenario_obesity_Paul_bis,obesity
177,Julien,10:51:07,il pens au bien de la planete,bully_support,OAG,victim,OTH,AIN,ATK,NEG,scenario_obesity_Paul_bis,obesity
178,justine,10:51:11,bon bas brice et julien excuser vous bande de merde que vous servez a quelque chose,victim_support,OAG,bully/bully_support,OTH,DFN,NULL,NEG,scenario_obesity_Paul_bis,obesity
179,Julien,10:51:32,si tu veux je commande la corde et le tabouret pour toi paul tu te charge juste filmer et sauter en avant,bully_support,OAG,victim,OTH,ATK,OTH,NEG,scenario_obesity_Paul_bis,obesity
180,Selena,10:51:52,julien tu vas trop loin,victim_support,OAG,bully_support,OTH,DFN,ATK,NEG,scenario_obesity_Paul_bis,obesity
181,Pierre66,10:51:58,ca vapercer ca,conciliator,NAG,NULL,NULL,OTH,DFN,NEU,scenario_obesity_Paul_bis,obesity
182,justine,10:52:02,c vrai que toi ten a pas besoin ta mere est deja morte julien,victim_support,OAG,bully_support,OTH,DFN,ATK,NEG,scenario_obesity_Paul_bis,obesity
183,Paul--victime,10:52:04,"tg Julien , J'espère que toi et ton ami brice irez en prison.",victim,OAG,bully/bully_support,OTH,DFN,NULL,NEG,scenario_obesity_Paul_bis,obesity
184,Selena,10:52:06,arrêtes toi,victim_support,NAG,NULL,NULL,CR,NULL,NEU,scenario_obesity_Paul_bis,obesity
185,Julien,10:52:07,jmen blc jespere il meurt,bully_support,OAG,victim,OTH,ATK,DFN,NEG,scenario_obesity_Paul_bis,obesity
186,brice,10:52:12,mais sava pas marcher il va casser la corde avk son poid,bully,OAG,victim,DNG,AIN,ATK,NEG,scenario_obesity_Paul_bis,obesity
187,Thibaut,10:52:13,julien on te retrouve tu va avoir des problemes,victim_support,CAG,bully_support,THR,DFN,ATK,NEG,scenario_obesity_Paul_bis,obesity
188,justine,10:52:32,mdr,victim_support,NAG,NULL,NULL,OTH,NULL,NEU,scenario_obesity_Paul_bis,obesity
189,brice,10:52:35,tu risque pas de te faire kidnapper u rentre pas dans le camion,bully,CAG,victim,DNG,ATK,DFN,NEG,scenario_obesity_Paul_bis,obesity
190,Julien,10:52:38,tg vien jtenclanche,bully_support,OAG,victim_support,OTH,ATK,DFN,NEG,scenario_obesity_Paul_bis,obesity
191,Thibaut,10:52:47,avec quoi,victim_support,NAG,NULL,NULL,OTH,ATK,NEU,scenario_obesity_Paul_bis,obesity
192,justine,10:52:49,il va se cacher il a trop peur,victim_support,CAG,bully_support,OTH,DFN,ATK,NEG,scenario_obesity_Paul_bis,obesity
193,Julien,10:52:56,mes mains con de ta mere,bully_support,OAG,victim_support,DNG,ATK,OTH,NEG,scenario_obesity_Paul_bis,obesity
194,Thibaut,10:53:01,ok faisont comme ca,victim_support,OAG,bully_support,OTH,DFN,ATK,NEG,scenario_obesity_Paul_bis,obesity
195,brice,10:53:08,il poura pas se cacher,bully,CAG,victim,DNG,ATK,DFN,NEG,scenario_obesity_Paul_bis,obesity
196,justine,10:53:20,après avec son problème mental c sur que,victim_support,OAG,bully_support,DNG,DFN,ATK,NEG,scenario_obesity_Paul_bis,obesity
197,Julien,10:53:26,si derriere paul,bully_support,CAG,victim,DNG,ATK,DFN,NEG,scenario_obesity_Paul_bis,obesity
198,Pierre66,10:53:29,brice t'es roux tg,conciliator,OAG,bully,OTH,DFN,ATK,NEG,scenario_obesity_Paul_bis,obesity
199,Paul--victime,10:53:35,"J'aimerais me tuer juste pour que vous soyez punis une fois pour toutes, bande de bâtards",victim,OAG,bully/bully_support,OTH,DFN,NULL,NEG,scenario_obesity_Paul_bis,obesity
200,Julien,10:53:40,cest la muraille de chine,bully_support,CAG,victim,DNG,ATK,DFN,NEG,scenario_obesity_Paul_bis,obesity
201,brice,10:53:47,pierre tu porte un maillot de nice donc tg,bully,OAG,conciliator,OTH,ATK,DFN,NEG,scenario_obesity_Paul_bis,obesity
202,Julien,10:53:56,TUEEEEE TOIIIIIII,bully_support,OAG,victim,OTH,ATK,DFN,NEG,scenario_obesity_Paul_bis,obesity
203,justine,10:54:15,et toi accompagne ta mere dans la mort,victim_support,OAG,bully_support,OTH,DFN,ATK,NEG,scenario_obesity_Paul_bis,obesity
204,Julien,10:54:16,brice ta mere la folle toi aussi,bully_support,OAG,bully,OTH,OTH,ATK,NEG,scenario_obesity_Paul_bis,obesity
205,Selena,10:54:17,"paul dis pas ça, ils vont juste se calmer et bien prendre par les flics !!! justine ho mets toi de notre côté",victim_support,NAG,NULL,NULL,EMP,DFN,NEU,scenario_obesity_Paul_bis,obesity
206,Julien,10:54:56,ACAB all cops are bastard,bully_support,OAG,NULL,OTH,ATK,EMP,NEG,scenario_obesity_Paul_bis,obesity
207,brice,10:55:09,c'est déja un miracle qu'il ait reussi à sortir du ventre de sa mère,bully,OAG,victim,DNG,ATK,DFN,NEG,scenario_obesity_Paul_bis,obesity
208,Thibaut,10:55:12,brice ta vu julien il est meme pas avec toi,victim_support,NAG,NULL,NULL,DFN,ATK,NEG,scenario_obesity_Paul_bis,obesity
209,Paul--victime,10:55:17,"Julien quand tu iras en prison, tu ne seras pas aussi cool que tu l'es maintenant, imbécile tg",victim,OAG,bully_support,OTH,DFN,ATK,NEG,scenario_obesity_Paul_bis,obesity
210,Selena,10:55:18,Julien vas y rdv aux flics tu verras,victim_support,OAG,bully_support,OTH,DFN,ATK,NEG,scenario_obesity_Paul_bis,obesity
211,brice,10:55:30,tu montes dans une voiture les pneu se crèvent,bully,OAG,victim,DNG,ATK,DFN,NEG,scenario_obesity_Paul_bis,obesity
212,justine,10:55:38,bon slt bande de merde jen est marre de vous et jespere que julien retrouvera sa mere,victim_support,OAG,bully/bully_support,OTH,DFN,NULL,NEG,scenario_obesity_Paul_bis,obesity
213,Pierre66,10:55:38,normal brice est un rat et supporte un club de rat,conciliator,OAG,bully,NCG,DFN,ATK,NEG,scenario_obesity_Paul_bis,obesity
214,Julien,10:55:47,allez bisous paul jdois y aller jespere que quand je reviens de lentrainement t'es mort encule,bully_support,OAG,victim,OTH,ATK,DFN,NEG,scenario_obesity_Paul_bis,obesity
215,brice,10:55:56,moi au moins jje rentres dans la cellule,bully,CAG,victim,OTH,ATK,DFN,NEG,scenario_obesity_Paul_bis,obesity
216,Thibaut,10:56:05,julien va juste chercher ta mere,victim_support,OAG,bully_support,OTH,DFN,ATK,NEG,scenario_obesity_Paul_bis,obesity
217,Pierre66,10:57:08,brice manges mes couilles comme ca t'aura un bon ADn de nicois fdp,conciliator,OAG,bully,OTH,DFN,ATK,NEG,scenario_obesity_Paul_bis,obesity
218,Paul--victime,10:57:25,"brice tu ne pourras pas venir à mes funérailles parce que tu seras en prison, idiot",victim,OAG,bully,OTH,DFN,ATK,NEG,scenario_obesity_Paul_bis,obesity
219,brice,10:57:36,mdr jrique pas de grossir bcp,bully,CAG,victim,DNG,ATK,DFN,NEG,scenario_obesity_Paul_bis,obesity
0,<David-Harceleur>,[2:28:36 PM],alors la con de ta mère,bully,OAG,NULL,OTH,ATK,NULL,NEG,scenario_obesity_brice,obesity
1,<Jim-Soutien-Harceleur>,[2:28:45 PM],OUE GROSPORC,bully_support,OAG,NULL,NCG,ATK,NULL,NEG,scenario_obesity_brice,obesity
2,<Jules-Conciliateur>,[2:29:05 PM],vous etes mechant,conciliator,OAG,bully_support,DNG,DFN,ATK,NEG,scenario_obesity_brice,obesity
3,<Jim-Soutien-Harceleur>,[2:29:05 PM],il est ou le mamouth,bully_support,OAG,victim,NCG,ATK,NULL,NEG,scenario_obesity_brice,obesity
4,<Amine-Soutien-Harceleur>,[2:29:10 PM],IL EST OU LE GROS LARD,bully_support,OAG,victim,DNG,ATK,NULL,NEG,scenario_obesity_brice,obesity
5,<David-Harceleur>,[2:29:25 PM],espece de boule je te pousse tu roule,bully,OAG,victim,OTH,ATK,NULL,NEG,scenario_obesity_brice,obesity
6,<Jules-Conciliateur>,[2:29:38 PM],arretez c'est pas cool,conciliator,NAG,NULL,NULL,CR,ATK,NEU,scenario_obesity_brice,obesity
7,<Jim-Soutien-Harceleur>,[2:29:43 PM],et oh baleine bleu,bully_support,OAG,victim,NCG,ATK,NULL,NEG,scenario_obesity_brice,obesity
8,<Amine-Soutien-Harceleur>,[2:29:45 PM],ALLEZ MANIFESTE TOI GROS PORCS,bully_support,OAG,conciliator,NCG,ATK,CR,NEG,scenario_obesity_brice,obesity
9,<Jim-Soutien-Harceleur>,[2:31:11 PM],y prl pas se chien,bully_support,OAG,victim,NCG,AIN,ATK,NEG,scenario_obesity_brice,obesity
10,<Amine-Soutien-Harceleur>,[2:31:16 PM],brice le cachalot,bully_support,OAG,victim,NCG,AIN,ATK,NEG,scenario_obesity_brice,obesity
11,<David-Harceleur>,[2:31:22 PM],vas courir gros phoque retourne dans l'eau,bully,OAG,victim,NCG,AIN,ATK,NEG,scenario_obesity_brice,obesity
12,<Jules-Conciliateur>,[2:31:33 PM],sa pourrais etre vous avec les kilos en trop,conciliator,OAG,bully,DNG,DFN,ATK,NEG,scenario_obesity_brice,obesity
13,<Amine-Soutien-Harceleur>,[2:31:41 PM],ta mere la reine des putes,bully_support,OAG,victim,OTH,ATK,NULL,NEG,scenario_obesity_brice,obesity
14,<Jules-Conciliateur>,[2:31:46 PM],david c pas bien wesh,conciliator,OAG,bully,DNG,DFN,AIN,NEG,scenario_obesity_brice,obesity
15,<Jim-Soutien-Harceleur>,[2:32:16 PM],merci au  client fidele,bully_support,CAG,conciliator,OTH,ATK,DFN,NEG,scenario_obesity_brice,obesity
16,<David-Harceleur>,[2:32:32 PM],aller les gros,bully,OAG,victim,DNG,ATK,NULL,NEG,scenario_obesity_brice,obesity
17,<Jim-Soutien-Harceleur>,[2:32:36 PM],alllez les gros,bully_support,OAG,victim,DNG,ATK,NULL,NEG,scenario_obesity_brice,obesity
18,<Amine-Soutien-Harceleur>,[2:32:54 PM],ton  corps il contient 90% de tartiflette sale chien,bully_support,OAG,victim,OTH,ATK,NULL,NEG,scenario_obesity_brice,obesity
19,<Jules-Conciliateur>,[2:32:57 PM],arréter de vous faire  brice,conciliator,NAG,NULL,NULL,DFN,ATK,NEG,scenario_obesity_brice,obesity
20,<Brice-Victime>,[2:33:23 PM],ça va ça va c'est quoi l'probleme,victim,NAG,NULL,NULL,OTH,ATK,NEU,scenario_obesity_brice,obesity
21,<Amine-Soutien-Harceleur>,[2:33:38 PM],jules toi aussi tu pue la merde,bully_support,OAG,conciliator,DNG,ATK,DFN,NEG,scenario_obesity_brice,obesity
22,<Jules-Conciliateur>,[2:33:41 PM],les ecoute pas,conciliator,NAG,NULL,NULL,DFN,ATK,NEU,scenario_obesity_brice,obesity
23,<David-Harceleur>,[2:33:59 PM]," brice ecoute moi,  cours",bully,OAG,victim,OTH,ATK,OTH,NEG,scenario_obesity_brice,obesity
24,<Jim-Soutien-Harceleur>,[2:34:01 PM]," oh commence pas fatigue,  cours",bully_support,OAG,victim,OTH,ATK,OTH,NEG,scenario_obesity_brice,obesity
25,<Jules-Conciliateur>,[2:34:09 PM],c des méchant même si David c mon copain,conciliator,OAG,bully/bully_support,OTH,DFN,NULL,NEG,scenario_obesity_brice,obesity
26,<Amine-Soutien-Harceleur>,[2:34:19 PM],brique de lait va baiser tes morts,bully_support,OAG,victim,OTH,ATK,DFN,NEG,scenario_obesity_brice,obesity
27,<Brice-Victime>,[2:34:25 PM],“cours” et pourquoi ça?,victim,NAG,NULL,NULL,DFN,ATK,NEU,scenario_obesity_brice,obesity
28,<David-Harceleur>,[2:34:32 PM],tg,bully,OAG,victim,OTH,ATK,DFN,NEG,scenario_obesity_brice,obesity
29,<Jim-Soutien-Harceleur>,[2:34:35 PM],tg,bully_support,OAG,victim,OTH,ATK,DFN,NEG,scenario_obesity_brice,obesity
30,<Brice-Victime>,[2:34:44 PM],dou j'ai pas ldroit parlé,victim,NAG,NULL,NULL,DFN,ATK,NEU,scenario_obesity_brice,obesity
31,<Amine-Soutien-Harceleur>,[2:35:09 PM],tg tahan de merde,bully_support,OAG,victim,OTH,ATK,DFN,NEG,scenario_obesity_brice,obesity
32,<Jim-Soutien-Harceleur>,[2:35:12 PM],prl pas trdc,bully_support,OAG,victim,OTH,ATK,DFN,NEG,scenario_obesity_brice,obesity
33,<Amine-Soutien-Harceleur>,[2:35:23 PM],kehba de merde,bully_support,OAG,victim,NCG,ATK,DFN,NEG,scenario_obesity_brice,obesity
34,<Jules-Conciliateur>,[2:35:29 PM],et oh c pas se que vs etes populaire que vous devez vous moquez,conciliator,NAG,NULL,NULL,CNS,ATK,NEU,scenario_obesity_brice,obesity
35,<Amine-Soutien-Harceleur>,[2:35:30 PM],tes une petite pute toi,bully_support,OAG,victim,DNG,ATK,DFN,NEG,scenario_obesity_brice,obesity
36,<Jim-Soutien-Harceleur>,[2:35:31 PM],kehba de bitch,bully_support,OAG,victim,NCG,ATK,DFN,NEG,scenario_obesity_brice,obesity
37,<Amine-Soutien-Harceleur>,[2:35:34 PM],suce moi,bully_support,OAG,victim,DNG,ATK,DFN,NEG,scenario_obesity_brice,obesity
38,<Jim-Soutien-Harceleur>,[2:35:48 PM],jules ftg toi,bully_support,OAG,conciliator,OTH,ATK,CNS,NEG,scenario_obesity_brice,obesity
39,<Jules-Conciliateur>,[2:35:57 PM],faut vraiment que vous le laissiez inshallah vos gosses il se font harceler,conciliator,OAG,bully/bully_support,OTH,DFN,NULL,NEG,scenario_obesity_brice,obesity
40,<Brice-Victime>,[2:36:18 PM],grave c'est quoi vot probleme,victim,NAG,NULL,NULL,DFN,ATK,NEU,scenario_obesity_brice,obesity
41,<Jim-Soutien-Harceleur>,[2:36:20 PM],ptdrrrr commee ta mere l'andicape,bully_support,OAG,conciliator,DNG,ATK,DFN,NEG,scenario_obesity_brice,obesity
42,<David-Harceleur>,[2:36:23 PM],mdrrr tu es de quelle coter wshhhhhhhh,bully,NAG,NULL,NULL,OTH,DFN,NEG,scenario_obesity_brice,obesity
43,<Brice-Victime>,[2:36:37 PM]," juste davidharceleur le mec fait lmalin, y prend des photos et après y crache",victim,OAG,bully,DNG,DFN,ATK,NEG,scenario_obesity_brice,obesity
44,<Amine-Soutien-Harceleur>,[2:36:38 PM],jules vien dans notre camp sinon j'vais te peter le fion,bully_support,OAG,conciliator,THR,ATK,DFN,NEG,scenario_obesity_brice,obesity
45,<Moussa-Soutien-Victime>,[2:36:47 PM],parlez bien avec vos bouches,victim_support,CAG,bully,DNG,DFN,ATK,NEG,scenario_obesity_brice,obesity
46,<Jim-Soutien-Harceleur>,[2:36:56 PM],jvais te louvrir en deux,bully_support,OAG,victim,THR,ATK,DFN,NEG,scenario_obesity_brice,obesity
47,<David-Harceleur>,[2:37:16 PM],brice suce ma bite,bully,OAG,victim,DNG,ATK,DFN,NEG,scenario_obesity_brice,obesity
48,<Jules-Conciliateur>,[2:37:20 PM],non je rentre pas dans votre delires de con vous etes des gamins frr,conciliator,OAG,bully/bully_support,OTH,DFN,NULL,NEG,scenario_obesity_brice,obesity
49,<Yanis-Soutien-Victime>,[2:37:38 PM],vos bouche,victim_support,CAG,bully,DNG,DFN,ATK,NEG,scenario_obesity_brice,obesity
50,<Jim-Soutien-Harceleur>,[2:37:43 PM],mais jvais serre bande de trdc,bully_support,OAG,victim/victim_support/conciliator,OTH,ATK,NULL,NEG,scenario_obesity_brice,obesity
51,<Brice-Victime>,[2:37:45 PM],merci les gars,victim,NAG,NULL,NULL,EMP,NULL,NEU,scenario_obesity_brice,obesity
52,<Amine-Soutien-Harceleur>,[2:38:02 PM],TES TELLEMENT GROS QUE QUAND TU PASSE DEVANT LE SOLEIL TOUT LE MONDE CRIS ECLIPSE!!!!!!!!,bully_support,OAG,victim,DNG,ATK,EMP,NEG,scenario_obesity_brice,obesity
53,<Jules-Conciliateur>,[2:38:03 PM],tkt brice,conciliator,NAG,NULL,NULL,EMP,EMP,NEU,scenario_obesity_brice,obesity
54,<David-Harceleur>,[2:38:05 PM],brice comment tu fais le malin,bully,OAG,victim,OTH,ATK,EMP,NEG,scenario_obesity_brice,obesity
55,<Jules-Conciliateur>,[2:38:12 PM],bon il est temp de faire la paix,conciliator,NAG,NULL,NULL,CR,NULL,POS,scenario_obesity_brice,obesity
56,<Moussa-Soutien-Victime>,[2:38:12 PM],vous faites les fous a plusieurs seuls ca parle plus,victim_support,CAG,bully,OTH,DFN,ATK,NEG,scenario_obesity_brice,obesity
57,<Yanis-Soutien-Victime>,[2:38:13 PM],tkt mon pote,victim_support,NAG,NULL,NULL,EMP,EMP,NEU,scenario_obesity_brice,obesity
58,<Brice-Victime>,[2:38:24 PM],amine94 ahahahah '=D  la punchline pourrie,victim,CAG,bully_support,OTH,DFN,ATK,NEG,scenario_obesity_brice,obesity
59,<Jim-Soutien-Harceleur>,[2:38:43 PM],mdrrrr elle est mieux que toi fatigue,bully_support,CAG,victim,DNG,ATK,DFN,NEG,scenario_obesity_brice,obesity
60,<Jules-Conciliateur>,[2:39:05 PM],OOOHHH JVAI TOUS VS NIKEZ STOP JAW,conciliator,OAG,bully/bully_support,THR,DFN,NULL,NEG,scenario_obesity_brice,obesity
61,<Jim-Soutien-Harceleur>,[2:39:26 PM],mdrrrr tg jules tu trahi la honda,bully_support,OAG,conciliator,OTH,ATK,DFN,NEG,scenario_obesity_brice,obesity
62,<David-Harceleur>,[2:39:37 PM],jamais brice le gros lard,bully,OAG,victim,NCG,ATK,DFN,NEG,scenario_obesity_brice,obesity
63,<Jules-Conciliateur>,[2:39:40 PM],ON FAIS L4'AMOUR PAS LA GUERRE,conciliator,NAG,NULL,NULL,CR,ATK,POS,scenario_obesity_brice,obesity
64,<Brice-Victime>,[2:39:41 PM],calme toi jim jules a rien fiat juste il est cool,victim,NAG,NULL,NULL,DFN,ATK,NEU,scenario_obesity_brice,obesity
65,<David-Harceleur>,[2:39:54 PM],tu dis calme a qui fatigeur,bully,OAG,victim,DNG,ATK,DFN,NEG,scenario_obesity_brice,obesity
66,<Amine-Soutien-Harceleur>,[2:40:00 PM],MOUSSA JE VAIS VENIR EN BAS DE CHEZ TOI TU VA VOIR QUI VA PLUS PARLER SALE MIGRANS DE MERDE,bully_support,OAG,victim_support,THR,ATK,DFN,NEG,scenario_obesity_brice,obesity
67,<Jim-Soutien-Harceleur>,[2:40:17 PM],brice jvais te perce le ventre tu va voir ballons de bodruche ah,bully_support,OAG,victim,DNG,ATK,DFN,NEG,scenario_obesity_brice,obesity
68,<Jules-Conciliateur>,[2:40:35 PM],maintenent sa deviens rasiste ah bravo amine,conciliator,OAG,bully_support,OTH,DFN,ATK,NEG,scenario_obesity_brice,obesity
69,<Moussa-Soutien-Victime>,[2:40:41 PM],amine je vais te niquer tout tes mort,victim_support,OAG,bully_support,OTH,DFN,ATK,NEG,scenario_obesity_brice,obesity
70,<Yanis-Soutien-Victime>,[2:40:46 PM],tg jim,victim_support,OAG,bully_support,OTH,DFN,ATK,NEG,scenario_obesity_brice,obesity
71,<Amine-Soutien-Harceleur>,[2:41:03 PM],BRICE montre nous tes fesses,bully_support,OAG,victim,DNG,ATK,DFN,NEG,scenario_obesity_brice,obesity
73,<David-Harceleur>,[2:41:11 PM],brice vsi twerke,bully,OAG,victim,DNG,AIN,ATK,NEG,scenario_obesity_brice,obesity
74,<Jim-Soutien-Harceleur>,[2:41:20 PM],du ventre,bully_support,OAG,victim,DNG,AIN,ATK,NEG,scenario_obesity_brice,obesity
75,<Brice-Victime>,[2:41:28 PM],ahah très rigolo,victim,CAG,bully_support,OTH,DFN,ATK,NEG,scenario_obesity_brice,obesity
76,<David-Harceleur>,[2:41:31 PM],twerke de la graisse,bully,OAG,victim,DNG,AIN,ATK,NEG,scenario_obesity_brice,obesity
77,<Jim-Soutien-Harceleur>,[2:41:44 PM],ton vieux nombril,bully_support,OAG,victim,DNG,ATK,DFN,NEG,scenario_obesity_brice,obesity
78,<Jules-Conciliateur>,[2:41:52 PM],PEACE AND LOVE BOOON DAVID PK TA PRIS LA PHOTO SA SE FAIS PAS,conciliator,NAG,NULL,NULL,CNS,ATK,NEU,scenario_obesity_brice,obesity
79,<Yanis-Soutien-Victime>,[2:42:27 PM],laisser le,victim_support,NAG,NULL,NULL,DFN,ATK,NEU,scenario_obesity_brice,obesity
80,<Amine-Soutien-Harceleur>,[2:42:33 PM],moussa dis nous tes qui toi aussi tes une baleine ? tu flotte dans l'eau,bully_support,OAG,victim_support,OTH,ATK,DFN,NEG,scenario_obesity_brice,obesity
81,<Brice-Victime>,[2:42:56 PM]," ouais, davidharceleur crache toujours sur tout le monde",victim,OAG,bully,OTH,DFN,ATK,NEG,scenario_obesity_brice,obesity
82,<Jim-Soutien-Harceleur>,[2:42:57 PM],non y coulle,bully_support,CAG,victim_support,OTH,AIN,ATK,NEG,scenario_obesity_brice,obesity
83,<Brice-Victime>,[2:43:17 PM],jimsoutiendharce la graisse ça flotte mec!,victim,OAG,bully_support,OTH,DFN,AIN,NEG,scenario_obesity_brice,obesity
84,<David-Harceleur>,[2:43:18 PM],je te crache dessus connard,bully,OAG,victim,OTH,ATK,DFN,NEG,scenario_obesity_brice,obesity
85,<Brice-Victime>,[2:43:23 PM],retourne en cours de physique ouèch,victim,OAG,bully_support,OTH,DFN,ATK,NEG,scenario_obesity_brice,obesity
86,<Jim-Soutien-Harceleur>,[2:43:39 PM],mais tg enft clochard et wsh pas ouèch,bully_support,OAG,victim,OTH,ATK,DFN,NEG,scenario_obesity_brice,obesity
87,<David-Harceleur>,[2:43:51 PM],toi retourne en cours de sport,bully,OAG,victim,DNG,ATK,DFN,NEG,scenario_obesity_brice,obesity
88,<Amine-Soutien-Harceleur>,[2:43:59 PM],suicide toi brice et fais nous un tuto quand tu va te pendre,bully_support,OAG,victim,OTH,ATK,DFN,NEG,scenario_obesity_brice,obesity
89,<Jules-Conciliateur>,[2:44:07 PM],t mauvais,conciliator,OAG,bully_support,OTH,DFN,ATK,NEG,scenario_obesity_brice,obesity
90,<Jim-Soutien-Harceleur>,[2:44:24 PM],amine ....,bully_support,NAG,NULL,NULL,OTH,ATK,NEU,scenario_obesity_brice,obesity
91,<Amine-Soutien-Harceleur>,[2:44:30 PM],tahiaaa lmaghreb,bully_support,CAG,victim,OTH,ATK,DFN,NEG,scenario_obesity_brice,obesity
92,<David-Harceleur>,[2:44:40 PM],wsh amine,bully,NAG,NULL,NULL,OTH,ATK,NEU,scenario_obesity_brice,obesity
93,<Amine-Soutien-Harceleur>,[2:44:50 PM],weeee le sancho,bully_support,NAG,NULL,NULL,OTH,OTH,NEU,scenario_obesity_brice,obesity
94,<Jules-Conciliateur>,[2:44:54 PM],on vas s'aimer sous une etoile ou sous un oreiller,conciliator,NAG,NULL,NULL,CR,NULL,POS,scenario_obesity_brice,obesity
95,<Yanis-Soutien-Victime>,[2:45:21 PM],calmer vous,victim_support,NAG,NULL,NULL,CR,NULL,NEU,scenario_obesity_brice,obesity
96,<Amine-Soutien-Harceleur>,[2:45:28 PM],j'vais briser ton cul  comme ca </3,bully_support,OAG,conciliator,THR,ATK,CR,NEG,scenario_obesity_brice,obesity
97,<Amine-Soutien-Harceleur>,[2:46:31 PM],brice on fais la paix? mais stp me mange pas,bully_support,OAG,victim,OTH,ATK,NULL,NEG,scenario_obesity_brice,obesity
98,<Jim-Soutien-Harceleur>,[2:46:50 PM],ah jsuis morte ptn,bully_support,NAG,NULL,NULL,AIN,ATK,NEG,scenario_obesity_brice,obesity
99,<Brice-Victime>,[2:47:00 PM],mais t'es un sacré comique,victim,CAG,bully_support,OTH,DFN,ATK,NEG,scenario_obesity_brice,obesity
100,<David-Harceleur>,[2:47:07 PM],amine mon gars  de  sur,bully,OAG,victim,OTH,AIN,ATK,NEG,scenario_obesity_brice,obesity
101,<Brice-Victime>,[2:47:09 PM],j'm'en pas de cette viande,victim,CAG,bully_support,OTH,DFN,ATK,NEG,scenario_obesity_brice,obesity
102,<Jim-Soutien-Harceleur>,[2:47:20 PM],le francais,bully_support,NAG,NULL,NULL,OTH,NULL,NEU,scenario_obesity_brice,obesity
103,<David-Harceleur>,[2:47:24 PM],brice en francais ca donne quoi,bully,NAG,NULL,NULL,OTH,NULL,NEU,scenario_obesity_brice,obesity
105,<Amine-Soutien-Harceleur>,[2:47:29 PM],on mappel jamel debbouze dans le milieu,bully_support,OAG,victim,OTH,AIN,OTH,NEG,scenario_obesity_brice,obesity
106,<Jim-Soutien-Harceleur>,[2:47:43 PM],jamel en sueur,bully_support,NAG,NULL,NULL,AIN,AIN,NEG,scenario_obesity_brice,obesity
107,<Brice-Victime>,[2:47:54 PM],t'enflame pas amine,victim,NAG,NULL,NULL,OTH,AIN,NEU,scenario_obesity_brice,obesity
108,<Amine-Soutien-Harceleur>,[2:48:20 PM],le seul truc que jv enflammer c'est tes morts,bully_support,OAG,victim,OTH,ATK,OTH,NEG,scenario_obesity_brice,obesity
109,<David-Harceleur>,[2:48:23 PM],wsh tu parle pas comme ca je vais te dechire,bully,OAG,victim/victim_support,OTH,ATK,NULL,NEG,scenario_obesity_brice,obesity
110,<Amine-Soutien-Harceleur>,[2:49:07 PM],tss tss la balaine,bully_support,OAG,victim/victim_support/conciliator,NCG,ATK,NULL,NEG,scenario_obesity_brice,obesity
111,<David-Harceleur>,[2:49:07 PM],mais jules t es changer wsh,bully,NAG,NULL,NULL,GSL,CR,NEG,scenario_obesity_brice,obesity
112,<Jules-Conciliateur>,[2:49:24 PM],j'ai pas changer jte pisse juste dessus frr,conciliator,OAG,bully,DNG,DFN,ATK,NEG,scenario_obesity_brice,obesity
113,<Brice-Victime>,[2:49:35 PM],amine baleine*,victim,CAG,bully_support,DNG,DFN,ATK,NEG,scenario_obesity_brice,obesity
114,<Jim-Soutien-Harceleur>,[2:49:37 PM],mais jules clochard gros cul de merde,bully_support,OAG,conciliator,OTH,ATK,DFN,NEG,scenario_obesity_brice,obesity
115,<Brice-Victime>,[2:49:56 PM],mais vazy va faire la manche Jim,victim,CAG,bully_support,DNG,DFN,ATK,NEG,scenario_obesity_brice,obesity
116,<David-Harceleur>,[2:50:03 PM],mais jules je vais te dechirer noublie pas je venu chez toi,bully,OAG,conciliator,THR,ATK,DFN,NEG,scenario_obesity_brice,obesity
117,<Jules-Conciliateur>,[2:50:09 PM],piste les mes grosses couilles,conciliator,OAG,bully_support,OTH,DFN,ATK,NEG,scenario_obesity_brice,obesity
118,<David-Harceleur>,[2:50:10 PM],je sais ou thabite fais  pas le maline brice ftg,bully,OAG,victim,THR,ATK,DFN,NEG,scenario_obesity_brice,obesity
119,<Moussa-Soutien-Victime>,[2:50:21 PM],:') :') :') :') :') :') :') :'),victim_support,NAG,NULL,NULL,OTH,NULL,NEU,scenario_obesity_brice,obesity
120,<Jim-Soutien-Harceleur>,[2:50:27 PM],mais ptdrrrr frr c normal ta mange tout carrefour jpeut  plus rrien achete,bully_support,CAG,victim,OTH,ATK,DFN,NEG,scenario_obesity_brice,obesity
121,<Yanis-Soutien-Victime>,[2:50:27 PM],tas pas de couilles,victim_support,OAG,bully_support,DNG,DFN,ATK,NEG,scenario_obesity_brice,obesity
122,<Amine-Soutien-Harceleur>,[2:50:30 PM],brice si taurai était aussi fort a lécole que dans la muscu tu ressemblerai pas a king kong,bully_support,OAG,victim,NCG,ATK,DFN,NEG,scenario_obesity_brice,obesity
123,<Jules-Conciliateur>,[2:50:34 PM],a part sucer jim d'autees talent ?,conciliator,OAG,bully/bully_support,DNG,DFN,NULL,NEG,scenario_obesity_brice,obesity
124,<David-Harceleur>,[2:50:35 PM],suce ma bite jules,bully,OAG,conciliator,DNG,ATK,DFN,NEG,scenario_obesity_brice,obesity
125,<Jim-Soutien-Harceleur>,[2:51:04 PM],jules lvdm jvais tencule,bully_support,OAG,conciliator,THR,ATK,DFN,NEG,scenario_obesity_brice,obesity
126,<Jules-Conciliateur>,[2:51:14 PM],ton micropenis  non merci,conciliator,OAG,bully_support,DNG,DFN,ATK,NEG,scenario_obesity_brice,obesity
127,<David-Harceleur>,[2:51:21 PM],part devant paert derriere part touys les coter,bully,OAG,conciliator,DNG,ATK,DFN,NEG,scenario_obesity_brice,obesity
128,<Amine-Soutien-Harceleur>,[2:51:27 PM],nikomok,bully_support,OAG,victim,NCG,ATK,DFN,NEG,scenario_obesity_brice,obesity
129,<Brice-Victime>,[2:51:30 PM]," amine, t'es trop rageux parce que moi on m'remarque",victim,CAG,bully_support,OTH,DFN,ATK,NEG,scenario_obesity_brice,obesity
130,<Amine-Soutien-Harceleur>,[2:51:42 PM],ftg sale gros,bully_support,OAG,victim,OTH,ATK,DFN,NEG,scenario_obesity_brice,obesity
131,<David-Harceleur>,[2:51:48 PM],tg brice nique  toi,bully,OAG,victim,OTH,ATK,DFN,NEG,scenario_obesity_brice,obesity
0,14:32:41,David_,Gros gordo,bully,OAG,NULL,DNG,ATK,NULL,NEG,scenario_obesity_brice_bis,obesity
0,14:33:05,Brice_victim,Bonjour David,victim,NAG,NULL,NULL,OTH,ATK,NEU,scenario_obesity_brice_bis,obesity
1,14:34:03,David_,Slt gros port,bully,OAG,victim,DNG,ATK,OTH,NEG,scenario_obesity_brice_bis,obesity
2,14:34:38,Brice_victim,Qu'est ce que tu veux?,victim,NAG,NULL,NULL,OTH,ATK,NEU,scenario_obesity_brice_bis,obesity
3,14:34:47,David_,Gros gordo,bully,OAG,victim,DNG,ATK,OTH,NEG,scenario_obesity_brice_bis,obesity
4,14:34:55,Brice_victim,Laisse moi tranquille,victim,NAG,NULL,NULL,OTH,ATK,NEU,scenario_obesity_brice_bis,obesity
5,14:35:05,David_,va fair un régime sale port,bully,OAG,victim,OTH,ATK,OTH,NEG,scenario_obesity_brice_bis,obesity
6,14:35:29,David_,je te prend un abonement bacisfic,bully,OAG,victim,OTH,ATK,OTH,NEG,scenario_obesity_brice_bis,obesity
7,14:35:29,David_,gros port,bully,OAG,victim,DNG,ATK,OTH,NEG,scenario_obesity_brice_bis,obesity
8,14:36:06,Brice_victim,"Déjà c'est ""porc""",victim,NAG,NULL,NULL,OTH,ATK,NEU,scenario_obesity_brice_bis,obesity
9,14:36:06,Brice_victim,apprend à écrire d'abord,victim,OAG,bully,OTH,DFN,ATK,NEG,scenario_obesity_brice_bis,obesity
10,14:36:57,David_,Alors bouboule,bully,OAG,victim,DNG,ATK,DFN,NEG,scenario_obesity_brice_bis,obesity
11,14:37:30,Brice_victim,quoi alors?,victim,NAG,NULL,NULL,OTH,ATK,NEU,scenario_obesity_brice_bis,obesity
12,14:38:05,David_,Demain on va te traîner par ton gros ventre,bully,OAG,victim,THR,ATK,DFN,NEG,scenario_obesity_brice_bis,obesity
13,14:38:14,Brice_victim,je veux la photo que tu as pris de moi,victim,NAG,NULL,NULL,DFN,ATK,NEU,scenario_obesity_brice_bis,obesity
14,14:38:29,David_,Non elle va finir sur télégramme,bully,CAG,victim,OTH,ATK,OTH,NEG,scenario_obesity_brice_bis,obesity
15,14:39:11,David_,Tout le monde va te voir,bully,CAG,victim,OTH,ATK,OTH,NEG,scenario_obesity_brice_bis,obesity
16,14:39:24,David_,Sale gros gordo,bully,OAG,victim,NCG,ATK,OTH,NEG,scenario_obesity_brice_bis,obesity
17,14:39:29,yanis,David fais sa je te Bz ta mère sale chien,victim_support,OAG,bully,OTH,DFN,ATK,NEG,scenario_obesity_brice_bis,obesity
18,14:40:15,Brice_victim,Je vais dire à la prof,victim,NAG,NULL,NULL,DFN,ATK,NEU,scenario_obesity_brice_bis,obesity
19,14:40:16,David_,Ba vien me le dir je te nike ta mere la grosse pute comme toi,bully,OAG,victim,OTH,ATK,DFN,NEG,scenario_obesity_brice_bis,obesity
20,14:40:54,David_,Gros port t’a photo va finir sur télégramme,bully,OAG,victim,THR,ATK,OTH,NEG,scenario_obesity_brice_bis,obesity
21,14:41:04,Brice_victim,Tu n'as pas le droit,victim,NAG,NULL,NULL,DFN,ATK,NEU,scenario_obesity_brice_bis,obesity
22,14:41:04,Brice_victim,tu viens de dépasser les limites,victim,NAG,NULL,NULL,DFN,ATK,NEG,scenario_obesity_brice_bis,obesity
23,14:41:04,Brice_victim,je suis tout nu!,victim,NAG,NULL,NULL,DFN,ATK,NEU,scenario_obesity_brice_bis,obesity
24,14:41:17,David_,Tkas sla gros va,bully,OAG,victim,DNG,ATK,OTH,NEG,scenario_obesity_brice_bis,obesity
25,14:41:32,moussa_defenseur,Vous êtes malades,victim_support,OAG,bully,OTH,DFN,ATK,NEG,scenario_obesity_brice_bis,obesity
26,14:41:41,David_,Pti bite tu la voit pas ta bite,bully,OAG,victim_support,DNG,ATK,OTH,NEG,scenario_obesity_brice_bis,obesity
27,14:41:42,yanis,Ferme ta geule David avec t grosse chienne d’amine et jim,victim_support,OAG,bully,OTH,DFN,ATK,NEG,scenario_obesity_brice_bis,obesity
28,14:42:02,David_,Ba vien c toi qui est gros port de merde,bully,OAG,victim,DNG,ATK,OTH,NEG,scenario_obesity_brice_bis,obesity
29,14:43:09,David_,Sl port,bully,OAG,victim,NCG,ATK,OTH,NEG,scenario_obesity_brice_bis,obesity
30,14:43:11,yanis,Ta guele David c toi t complexé de ta petite bite,victim_support,OAG,bully,OTH,DFN,ATK,NEG,scenario_obesity_brice_bis,obesity
31,14:43:33,David_,Sale port on va te fair hella demian,bully,OAG,victim,OTH,ATK,OTH,NEG,scenario_obesity_brice_bis,obesity
32,14:44:04,moussa_defenseur,Tu va rien faire,victim_support,NAG,NULL,NULL,DFN,ATK,NEU,scenario_obesity_brice_bis,obesity
33,14:44:07,David_,On la baise tout en gang bang,bully,OAG,victim,OTH,ATK,OTH,NEG,scenario_obesity_brice_bis,obesity
34,14:44:12,David_,Brice alors on mange bien a la cantine,bully,NAG,NULL,NULL,OTH,OTH,NEU,scenario_obesity_brice_bis,obesity
35,14:44:17,moussa_defenseur,🖕,victim_support,NAG,NULL,NULL,OTH,ATK,NEU,scenario_obesity_brice_bis,obesity
36,14:44:27,David_,🤦🏽‍♂️🤦🏽‍♂️🤦🏽‍♂️,bully,NAG,NULL,NULL,OTH,OTH,NEU,scenario_obesity_brice_bis,obesity
37,14:44:28,moussa_defenseur,Arrête toi,victim_support,NAG,NULL,NULL,DFN,ATK,NEU,scenario_obesity_brice_bis,obesity
38,14:44:31,Brice_victim,D: D: D: D:,victim,NAG,NULL,NULL,OTH,OTH,NEU,scenario_obesity_brice_bis,obesity
39,14:44:34,moussa_defenseur,Connard,victim_support,OAG,bully,NCG,DFN,ATK,NEG,scenario_obesity_brice_bis,obesity
40,14:44:40,yanis,Ta guele c’est t’as mère on l’as prend en gang bang DaviD,victim_support,OAG,bully,OTH,DFN,ATK,NEG,scenario_obesity_brice_bis,obesity
41,14:44:43,David_,Tu va fair quoi sale arbre moussa,bully,OAG,victim_support,NCG,ATK,DFN,NEG,scenario_obesity_brice_bis,obesity
42,14:44:59,Brice_victim,Laissez-moi tranquiulle,victim,NAG,NULL,NULL,DFN,ATK,NEU,scenario_obesity_brice_bis,obesity
43,14:45:05,David_,ADS MOUSSA,bully,OAG,victim_support,NCG,ATK,DFN,NEG,scenario_obesity_brice_bis,obesity
44,14:45:09,Brice_victim,Je veux juste la photooo,victim,NAG,NULL,NULL,OTH,OTH,NEU,scenario_obesity_brice_bis,obesity
45,14:45:12,David_,On ta pris en photo sac a patate et tout le monde va voir,bully,OAG,victim,OTH,ATK,OTH,NEG,scenario_obesity_brice_bis,obesity
46,14:45:22,David_,Dans le couuuuuu tu l aura pas,bully,OAG,victim,OTH,ATK,OTH,NEG,scenario_obesity_brice_bis,obesity
47,14:45:23,Brice_victim,je veux que tu la supprimes,victim,NAG,NULL,NULL,OTH,ATK,NEU,scenario_obesity_brice_bis,obesity
48,14:45:23,Brice_victim,:( :(,victim,NAG,NULL,NULL,OTH,NULL,NEU,scenario_obesity_brice_bis,obesity
49,14:45:48,David_,G même se de t’a mère là pute,bully,OAG,victim,OTH,ATK,OTH,NEG,scenario_obesity_brice_bis,obesity
50,14:45:50,moussa_defenseur,T'a pas intérêt à le toucher on va te prendre à la sortie on va te tuer,victim_support,OAG,bully,THR,DFN,ATK,NEG,scenario_obesity_brice_bis,obesity
51,14:45:57,Brice_victim,On entre pas dans la salle de bain des gensss,victim,CAG,bully,DNG,DFN,ATK,NEG,scenario_obesity_brice_bis,obesity
53,14:46:13,Brice_victim,Tu es un voyeur,victim,CAG,bully,OTH,DFN,ATK,NEG,scenario_obesity_brice_bis,obesity
54,14:46:22,David_,On la met à ta mère la pute Moussa rentre chez toi,bully,OAG,victim_support,DNG,ATK,DFN,NEG,scenario_obesity_brice_bis,obesity
55,14:46:36,David_,Dans le couuuu la photo,bully,OAG,victim_support,DNG,ATK,DFN,NEG,scenario_obesity_brice_bis,obesity
56,14:47:04,David_,T une merde moussa,bully,OAG,victim_support,DNG,ATK,DFN,NEG,scenario_obesity_brice_bis,obesity
57,14:47:07,David_,Dans ta pti soeur,bully,OAG,victim,OTH,ATK,OTH,NEG,scenario_obesity_brice_bis,obesity
58,14:47:14,moussa_defenseur,Va niquer ta mère David,victim_support,OAG,bully,OTH,DFN,ATK,NEG,scenario_obesity_brice_bis,obesity
59,14:47:24,Brice_victim,Laisse Moussa,victim,NAG,NULL,NULL,DFN,ATK,NEU,scenario_obesity_brice_bis,obesity
61,14:47:28,David_,En lele ta mere moussa,bully,OAG,victim_support,OTH,ATK,DFN,NEG,scenario_obesity_brice_bis,obesity
62,14:47:29,Brice_victim,il ne t'a rien fait,victim,NAG,NULL,NULL,DFN,ATK,NEU,scenario_obesity_brice_bis,obesity
63,14:47:33,David_,Et ta soeur,bully,OAG,victim_support,OTH,ATK,DFN,NEG,scenario_obesity_brice_bis,obesity
64,14:47:38,yanis,Regarde bien David on vas te chopper tu vas avoir le visage déformer sale chien,victim_support,OAG,bully,OTH,DFN,ATK,NEG,scenario_obesity_brice_bis,obesity
65,14:47:52,David_,C ta mère la chienne,bully,OAG,victim_support,OTH,ATK,DFN,NEG,scenario_obesity_brice_bis,obesity
66,14:48:15,moussa_defenseur,🖕🖕,victim_support,NAG,NULL,NULL,OTH,NULL,NEU,scenario_obesity_brice_bis,obesity
84,14:50:52,Brice_victim,C'est juste une question de photos,victim,NAG,NULL,NULL,OTH,ATK,NEU,scenario_obesity_brice_bis,obesity
85,14:50:52,Brice_victim,rendez la moi et après on oublie,victim,NAG,NULL,NULL,OTH,ATK,NEU,scenario_obesity_brice_bis,obesity
86,14:51:02,moussa_defenseur,Ferme t'a geule,victim_support,OAG,bully,OTH,DFN,ATK,NEG,scenario_obesity_brice_bis,obesity
87,14:51:06,David_,Sale gros port,bully,OAG,victim,NCG,ATK,OTH,NEG,scenario_obesity_brice_bis,obesity
88,14:51:17,moussa_defenseur,T'a geule,victim_support,OAG,bully,OTH,DFN,ATK,NEG,scenario_obesity_brice_bis,obesity
89,14:51:20,David_,Ta une petit bite,bully,OAG,victim_support,DNG,ATK,DFN,NEG,scenario_obesity_brice_bis,obesity
91,14:51:33,Brice_victim,Je veux te voir moi David au sport,victim,OAG,bully,DNG,DFN,ATK,NEG,scenario_obesity_brice_bis,obesity
93,14:51:53,Brice_victim,Tu cours à peine 2 minutes et puis tu pues la transpi,victim,OAG,bully,DNG,DFN,ATK,NEG,scenario_obesity_brice_bis,obesity
102,14:52:52,yanis,David j’ai ton adresse je vais venir en bas de chez toi cagoule ganté sale fils de pute,victim_support,OAG,bully,OTH,DFN,ATK,NEG,scenario_obesity_brice_bis,obesity
0,<_Francoisvictim>,[2019-06-13 15:53:17],Salut les cop1 :D,victim,NAG,NULL,NULL,OTH,NULL,NEU,scenario_obesity_francois,obesity
1,<Jenny_concil>,[2019-06-13 15:53:35],COUCOU,conciliator,NAG,NULL,NULL,OTH,OTH,NEU,scenario_obesity_francois,obesity
2,<_Francoisvictim>,[2019-06-13 15:54:27],ct vachement cool ce voyage,victim,NAG,NULL,NULL,OTH,NULL,NEU,scenario_obesity_francois,obesity
3,<Theo_SoutienH>,[2019-06-13 15:55:59],ouais franchement c'était cool,bully_support,NAG,NULL,NULL,OTH,OTH,NEU,scenario_obesity_francois,obesity
4,<Jenny_concil>,[2019-06-13 15:56:08],oui trop bien la baignade il faisait grand soleil,conciliator,NAG,NULL,NULL,OTH,OTH,NEU,scenario_obesity_francois,obesity
5,<Theo_SoutienH>,[2019-06-13 15:56:20],pas vrais Pauline,bully_support,NAG,NULL,NULL,OTH,OTH,NEU,scenario_obesity_francois,obesity
6,<Theresa_SoutienH>,[2019-06-13 15:56:23],oui super le temps,bully_support,NAG,NULL,NULL,OTH,OTH,NEU,scenario_obesity_francois,obesity
7,<pierre_defenseur>,[2019-06-13 15:56:31],ouai c'etait trop bien 😆,victim_support,NAG,NULL,NULL,OTH,OTH,NEU,scenario_obesity_francois,obesity
8,<Theresa_SoutienH>,[2019-06-13 15:56:49],😉,bully_support,NAG,NULL,NULL,OTH,NULL,NEU,scenario_obesity_francois,obesity
9,<_Francoisvictim>,[2019-06-13 15:57:04],merci d'avoir posté les photos de moi,victim,NAG,NULL,NULL,OTH,NULL,NEU,scenario_obesity_francois,obesity
10,<pierre_defenseur>,[2019-06-13 15:57:17],...,victim_support,NAG,NULL,NULL,OTH,NULL,NEU,scenario_obesity_francois,obesity
11,<Pauline_Harceleu>,[2019-06-13 15:57:44],mdrr tg francois bien fait pour ta gueule,bully,OAG,victim,OTH,AIN,OTH,NEG,scenario_obesity_francois,obesity
12,<_Francoisvictim>,[2019-06-13 15:57:54],Mais pauline??,victim,NAG,NULL,NULL,OTH,AIN,NEU,scenario_obesity_francois,obesity
13,<pierre_defenseur>,[2019-06-13 15:58:03],ca ce fait pas d'avoir fait ca 🙄,victim_support,NAG,NULL,NULL,OTH,AIN,NEU,scenario_obesity_francois,obesity
14,<Theo_SoutienH>,[2019-06-13 15:58:11],🤣,bully_support,NAG,NULL,NULL,OTH,NULL,NEU,scenario_obesity_francois,obesity
15,<pierre_defenseur>,[2019-06-13 15:58:16],mais calme toi pauline,victim_support,NAG,NULL,NULL,DFN,AIN,NEU,scenario_obesity_francois,obesity
16,<Lucas_soutiendel>,[2019-06-13 15:58:25],Vous etes trop mechants arretez,victim_support,OAG,bully,OTH,DFN,AIN,NEG,scenario_obesity_francois,obesity
17,<Theresa_SoutienH>,[2019-06-13 15:58:29],Cette photo est trop drole,bully_support,CAG,victim,DNG,ATK,OTH,NEG,scenario_obesity_francois,obesity
18,<Theo_SoutienH>,[2019-06-13 15:58:29],c'est une blague,bully_support,OAG,victim,OTH,AIN,AIN,NEG,scenario_obesity_francois,obesity
19,<Theo_SoutienH>,[2019-06-13 15:58:39],franchement trop drole,bully_support,CAG,victim,DNG,AIN,ATK,NEG,scenario_obesity_francois,obesity
20,<Jenny_concil>,[2019-06-13 15:58:49],pardon ? attendez  François est bg c'est juste que Pauline t'as pas mis la bonne photo dpnc bon,conciliator,NAG,NULL,NULL,DFN,AIN,NEU,scenario_obesity_francois,obesity
21,<_Francoisvictim>,[2019-06-13 15:58:53],j'assume mon phisique tte facon. 😯,victim,NAG,NULL,NULL,DFN,ATK,NEU,scenario_obesity_francois,obesity
22,<_Francoisvictim>,[2019-06-13 15:58:58],😑 *,victim,NAG,NULL,NULL,OTH,NULL,NEU,scenario_obesity_francois,obesity
23,<pierre_defenseur>,[2019-06-13 15:59:13],y'a quoi de drole  serieux ???,victim_support,NAG,NULL,NULL,DFN,ATK,NEU,scenario_obesity_francois,obesity
24,<Jenny_concil>,[2019-06-13 15:59:33],oui t'as raison pas de complexe alors tu t'en fiches de la photo,conciliator,NAG,NULL,NULL,EMP,DFN,NEU,scenario_obesity_francois,obesity
25,<Theresa_SoutienH>,[2019-06-13 15:59:33],Moi j'pense que pauline c pas tromper c'est juste ke francois est trop moche,bully_support,OAG,victim,DNG,ATK,DFN,NEG,scenario_obesity_francois,obesity
26,<Pauline_Harceleu>,[2019-06-13 15:59:35],mais vous l'avez vu.. wsh c'est méchant pour les baleines la....,bully,OAG,victim,DNG,ATK,DFN,NEG,scenario_obesity_francois,obesity
27,<_Francoisvictim>,[2019-06-13 16:00:14],Theresa quitte a etre une baleine,victim,OAG,bully_support,NCG,DFN,ATK,NEG,scenario_obesity_francois,obesity
28,<Jenny_concil>,[2019-06-13 16:00:28],heu Pauline detend toi il t'as rien fait François t'étais juste pas obligé t'aurais dû demandé avant,conciliator,NAG,NULL,NULL,CNS,ATK,NEU,scenario_obesity_francois,obesity
29,<Lucas_soutiendel>,[2019-06-13 16:00:38],Vous avez cru vous étiez qui wesh,victim_support,CAG,bully,OTH,DFN,ATK,NEG,scenario_obesity_francois,obesity
30,<Theresa_SoutienH>,[2019-06-13 16:00:40],C'est sur elles doivent êtres vexées d'avoir un gars aussi laid avec elles,bully_support,OAG,victim,DNG,ATK,DFN,NEG,scenario_obesity_francois,obesity
31,<Jenny_concil>,[2019-06-13 16:00:41],popopoooo,conciliator,NAG,NULL,NULL,OTH,ATK,NEU,scenario_obesity_francois,obesity
32,<Jenny_concil>,[2019-06-13 16:00:56],non on vous aime pareil,conciliator,NAG,NULL,NULL,OTH,ATK,POS,scenario_obesity_francois,obesity
33,<Jenny_concil>,[2019-06-13 16:01:11]," donc pas de ""véxés""",conciliator,NAG,NULL,NULL,OTH,ATK,NEU,scenario_obesity_francois,obesity
34,<Theresa_SoutienH>,[2019-06-13 16:01:11],et francois reagrde toi d'ab,bully_support,CAG,victim,DNG,ATK,DFN,NEG,scenario_obesity_francois,obesity
35,<pierre_defenseur>,[2019-06-13 16:01:17],mais c'est quoi votre probleme enfait ? ca vous amuse de critiquer les gens comme ca ?,victim_support,OAG,bully_support,OTH,DFN,ATK,NEG,scenario_obesity_francois,obesity
36,<_Francoisvictim>,[2019-06-13 16:01:21],jje t'emmerde.,victim,OAG,bully_support,OTH,DFN,ATK,NEG,scenario_obesity_francois,obesity
37,<Jenny_concil>,[2019-06-13 16:01:36],heu theresa t'en a pas marre de soutenir pauline ?,conciliator,CAG,bully_support,OTH,DFN,ATK,NEG,scenario_obesity_francois,obesity
38,<pierre_defenseur>,[2019-06-13 16:01:43],bien dit francois !,victim_support,NAG,NULL,NULL,EMP,DFN,NEU,scenario_obesity_francois,obesity
39,<Theo_SoutienH>,[2019-06-13 16:01:48],il peut pas se voir en entier,bully_support,CAG,victim,DNG,ATK,DFN,NEG,scenario_obesity_francois,obesity
40,<Theresa_SoutienH>,[2019-06-13 16:01:57],mwa aussi francois😘🤣,bully_support,CAG,victim,OTH,ATK,DFN,NEG,scenario_obesity_francois,obesity
41,<Lucas_soutiendel>,[2019-06-13 16:02:00],Deja apprenez à écrire et après vous pourrez peut- etre vous permettre de parler,victim_support,CAG,bully_support,OTH,DFN,ATK,NEG,scenario_obesity_francois,obesity
42,<Jenny_concil>,[2019-06-13 16:02:15],toi t'es trop petit tu te voit pas dans le miroir,conciliator,OAG,bully_support,DNG,DFN,ATK,NEG,scenario_obesity_francois,obesity
43,<_Francoisvictim>,[2019-06-13 16:02:19],Wsh  je vous écrase tous en un coup.,victim,OAG,bully/bully_support,THR,DFN,NULL,NEG,scenario_obesity_francois,obesity
44,<Lucas_soutiendel>,[2019-06-13 16:02:23],C'est horrible de dire ca,victim_support,CAG,bully_support,OTH,DFN,ATK,NEG,scenario_obesity_francois,obesity
45,<pierre_defenseur>,[2019-06-13 16:02:26],je comprend poas comment vous piuvez défendre des gens qui disent et font des choses pareils 😤,victim_support,OAG,bully,OTH,DFN,ATK,NEG,scenario_obesity_francois,obesity
46,<Lucas_soutiendel>,[2019-06-13 16:02:43],J'avoue,victim_support,NAG,NULL,NULL,EMP,DFN,NEU,scenario_obesity_francois,obesity
47,<Theresa_SoutienH>,[2019-06-13 16:02:44],c'est quoi cette punchline XD,bully_support,OAG,victim_support,OTH,ATK,DFN,NEG,scenario_obesity_francois,obesity
48,<Theresa_SoutienH>,[2019-06-13 16:03:04],tu peux pas nous atteindre avec tes 250 kg,bully_support,OAG,victim,DNG,ATK,DFN,NEG,scenario_obesity_francois,obesity
49,<Theo_SoutienH>,[2019-06-13 16:03:05],si rire est un crime on est mal barré,bully_support,NAG,NULL,NULL,AIN,ATK,NEG,scenario_obesity_francois,obesity
50,<_Francoisvictim>,[2019-06-13 16:03:06],theresa,victim,NAG,NULL,NULL,OTH,NULL,NEU,scenario_obesity_francois,obesity
51,<pierre_defenseur>,[2019-06-13 16:03:07],ca vous apporte quoi de faire ca ???,victim_support,NAG,NULL,NULL,DFN,ATK,NEG,scenario_obesity_francois,obesity
52,<_Francoisvictim>,[2019-06-13 16:03:07],rien,victim,NAG,NULL,NULL,OTH,NULL,NEU,scenario_obesity_francois,obesity
53,<Jenny_concil>,[2019-06-13 16:03:10],non mais c'est bon francois t'es pas comme ca  en vrai c'est la qualité photo de pauline,conciliator,NAG,NULL,NULL,EMP,DFN,NEU,scenario_obesity_francois,obesity
54,<Theresa_SoutienH>,[2019-06-13 16:03:20],merci ca me touche,bully_support,CAG,victim,OTH,ATK,OTH,NEG,scenario_obesity_francois,obesity
55,<_Francoisvictim>,[2019-06-13 16:03:46],non mais pas grave il existe le clan des jaloux en somme 🙄,victim,OAG,bully/bully_support,NCG,DFN,NULL,NEG,scenario_obesity_francois,obesity
56,<Lucas_soutiendel>,[2019-06-13 16:03:52],Vous avez pas honte?,victim_support,OAG,bully_support,DNG,DFN,ATK,NEG,scenario_obesity_francois,obesity
57,<Pauline_Harceleu>,[2019-06-13 16:03:58],nan mais francois tu nous dira ce que ca fait d'etre une petite merde comme ca hein,bully,OAG,victim,DNG,ATK,DFN,NEG,scenario_obesity_francois,obesity
58,<Jenny_concil>,[2019-06-13 16:03:58],allez allez ne nous emportons pas maintenant Pauline efface la photo t'as juste a demander avant,conciliator,NAG,NULL,NULL,CR,ATK,NEU,scenario_obesity_francois,obesity
59,<_Francoisvictim>,[2019-06-13 16:04:19],toi pauline je te retiens. comment j'ai pu te kiffer en vrai?,victim,CAG,bully,OTH,DFN,ATK,NEG,scenario_obesity_francois,obesity
60,<Lucas_soutiendel>,[2019-06-13 16:04:21],Tu as totalement raison Francounet,victim_support,NAG,NULL,NULL,EMP,DFN,NEU,scenario_obesity_francois,obesity
61,<Jenny_concil>,[2019-06-13 16:04:59],non mais allez pauline enlève la photo,conciliator,NAG,NULL,NULL,CR,ATK,NEU,scenario_obesity_francois,obesity
62,<Theresa_SoutienH>,[2019-06-13 16:05:00],mdrrrr ouais comment t'as pu la kiffer tu la mérites pas en vrai,bully_support,CAG,victim,DNG,ATK,DFN,NEG,scenario_obesity_francois,obesity
63,<Pauline_Harceleu>,[2019-06-13 16:05:01],haaa  c'est beau de rever jenny,bully,CAG,conciliator,OTH,ATK,CR,NEG,scenario_obesity_francois,obesity
64,<Jenny_concil>,[2019-06-13 16:05:11],et demande a francois la prochaine fois,conciliator,NAG,NULL,NULL,CR,ATK,NEU,scenario_obesity_francois,obesity
65,<pierre_defenseur>,[2019-06-13 16:05:21],fface la photo Pauline !😡,victim_support,OAG,bully,OTH,DFN,ATK,NEG,scenario_obesity_francois,obesity
66,<Theresa_SoutienH>,[2019-06-13 16:05:23],de tt facon c'est tro tard elle est postée,bully_support,OAG,conciliator,OTH,ATK,CR,NEG,scenario_obesity_francois,obesity
67,<pierre_defenseur>,[2019-06-13 16:05:29],efface*,victim_support,OAG,bully,OTH,DFN,ATK,NEU,scenario_obesity_francois,obesity
68,<Jenny_concil>,[2019-06-13 16:05:37],jppp pauline je suis ton ami alors j'essaie de calmer la situation,conciliator,NAG,NULL,NULL,CNS,ATK,NEU,scenario_obesity_francois,obesity
69,<_Francoisvictim>,[2019-06-13 16:05:56],theresa  avoue :),victim,NAG,NULL,NULL,OTH,ATK,NEU,scenario_obesity_francois,obesity
70,<Lucas_soutiendel>,[2019-06-13 16:06:17],Efface ou j'irais encourager Francois à aller porter plainte pour non droit à l'image et atteinte à la vie privée,victim_support,OAG,bully/bully_support,THR,DFN,NULL,NEG,scenario_obesity_francois,obesity
71,<Theresa_SoutienH>,[2019-06-13 16:06:19],Au moins on me respecte,bully_support,NAG,NULL,NULL,OTH,OTH,NEG,scenario_obesity_francois,obesity
72,<Jenny_concil>,[2019-06-13 16:06:24],yes lucas,conciliator,NAG,NULL,NULL,EMP,DFN,NEU,scenario_obesity_francois,obesity
73,<Pauline_Harceleu>,[2019-06-13 16:06:25],regardes le un peu putain ouvre les yeux jenny,bully,OAG,victim,DNG,ATK,CNS,NEG,scenario_obesity_francois,obesity
74,<_Francoisvictim>,[2019-06-13 16:06:35],la dignité partie au chiotte...,victim,OAG,bully/bully_support,DNG,DFN,NULL,NEG,scenario_obesity_francois,obesity
75,<pierre_defenseur>,[2019-06-13 16:06:37],une photo meme postée ca s'efface nous prenez pas pour des cons 😤,victim_support,OAG,bully_support,OTH,DFN,ATK,NEG,scenario_obesity_francois,obesity
76,<Jenny_concil>,[2019-06-13 16:06:42],jpp tu t'auto-respectes nous on respecte  pas les mechants,conciliator,OAG,bully/bully_support,DNG,DFN,NULL,NEG,scenario_obesity_francois,obesity
77,<Jenny_concil>,[2019-06-13 16:06:52],comme la photo bientôt,conciliator,OAG,bully/bully_support,DNG,DFN,NULL,NEG,scenario_obesity_francois,obesity
78,<Theo_SoutienH>,[2019-06-13 16:06:52],meme en ouvrant les yeux,bully_support,NAG,NULL,NULL,OTH,DFN,NEG,scenario_obesity_francois,obesity
79,<Theresa_SoutienH>,[2019-06-13 16:06:53],Désolé mais non,bully_support,OAG,victim_support,OTH,ATK,DFN,NEG,scenario_obesity_francois,obesity
80,<Theresa_SoutienH>,[2019-06-13 16:07:03],oooooh,bully_support,NAG,NULL,NULL,OTH,DFN,NEG,scenario_obesity_francois,obesity
81,<_Francoisvictim>,[2019-06-13 16:07:10],bon allez supprimez moi ca,victim,NAG,NULL,NULL,DFN,ATK,NEU,scenario_obesity_francois,obesity
82,<Jenny_concil>,[2019-06-13 16:07:26],nah justement pauline efface la comme ca tu le verra plus ohlala$,conciliator,NAG,NULL,NULL,CNS,ATK,NEG,scenario_obesity_francois,obesity
83,<Theresa_SoutienH>,[2019-06-13 16:07:29],une photo sur le net ca part pas mm si on voulait,bully_support,OAG,victim,OTH,ATK,DFN,NEG,scenario_obesity_francois,obesity
84,<_Francoisvictim>,[2019-06-13 16:07:30],vous voulez que je me jette d'un immeuble c'est cq?,victim,OAG,bully_support,OTH,DFN,ATK,NEG,scenario_obesity_francois,obesity
85,<pierre_defenseur>,[2019-06-13 16:07:37],pauline supprime ca t'apporte quoi serieux ?,victim_support,NAG,NULL,NULL,DFN,ATK,NEG,scenario_obesity_francois,obesity
86,<_Francoisvictim>,[2019-06-13 16:07:39],ca*,victim,NAG,NULL,NULL,DFN,ATK,NEG,scenario_obesity_francois,obesity
87,<Lucas_soutiendel>,[2019-06-13 16:08:08],T'es tellement stupide Paupau,victim_support,OAG,bully_support,NCG,DFN,ATK,NEG,scenario_obesity_francois,obesity
88,<Theresa_SoutienH>,[2019-06-13 16:08:13],Bah non,bully_support,OAG,victim_support,OTH,ATK,DFN,NEG,scenario_obesity_francois,obesity
89,<Pauline_Harceleu>,[2019-06-13 16:08:31],ce serai pas une grande perte,bully,OAG,victim,DNG,ATK,DFN,NEG,scenario_obesity_francois,obesity
90,<Lucas_soutiendel>,[2019-06-13 16:08:33],Tg Thérèsa,victim_support,OAG,bully_support,OTH,DFN,ATK,NEG,scenario_obesity_francois,obesity
91,<Jenny_concil>,[2019-06-13 16:08:37],non mais François moi et pierre on est là allez c'est qu'une photo tu t'en fiches de pauline t'es fou,conciliator,OAG,bully,NCG,EMP,NULL,NEG,scenario_obesity_francois,obesity
92,<pierre_defenseur>,[2019-06-13 16:08:40],mais bien sur que si 🙄puis tait toi theresa toi t'es juste un petit toutou derrière pauline qui se cache derrière son ordi,victim_support,OAG,bully_support,OTH,DFN,ATK,NEG,scenario_obesity_francois,obesity
93,<Jenny_concil>,[2019-06-13 16:08:51],tu vas pas gâcher ta vie juste à cause d'idiots,conciliator,OAG,bully/bully_support,NCG,EMP,NULL,NEG,scenario_obesity_francois,obesity
94,<Lucas_soutiendel>,[2019-06-13 16:08:57],Deja a partir du moment ou tu t'appelles Thérésa t'as pas le droit a la parole,victim_support,OAG,bully_support,OTH,DFN,ATK,NEG,scenario_obesity_francois,obesity
95,<pierre_defenseur>,[2019-06-13 16:09:07],les ecoutes pas c juste des gros cons,victim_support,OAG,bully/bully_support,NCG,DFN,NULL,NEG,scenario_obesity_francois,obesity
96,<Theresa_SoutienH>,[2019-06-13 16:09:17],Vs exagérez,bully_support,NAG,NULL,NULL,OTH,DFN,NEG,scenario_obesity_francois,obesity
97,<Jenny_concil>,[2019-06-13 16:09:22],popoopooo Lucas yessss,conciliator,NAG,NULL,NULL,EMP,DFN,NEG,scenario_obesity_francois,obesity
98,<Theo_SoutienH>,[2019-06-13 16:09:28],en parlant de gros,bully_support,NAG,NULL,NULL,OTH,DFN,NEG,scenario_obesity_francois,obesity
99,<Jenny_concil>,[2019-06-13 16:09:32],bah c'est ce que vous faites,conciliator,CAG,bully_support,OTH,DFN,ATK,NEG,scenario_obesity_francois,obesity
100,<Pauline_Harceleu>,[2019-06-13 16:09:35],bon francois on attend ta reponse pour l'immeuble,bully,OAG,victim,OTH,ATK,DFN,NEG,scenario_obesity_francois,obesity
101,<Lucas_soutiendel>,[2019-06-13 16:09:58],Pauline t'abuses arrete toi srx,victim_support,NAG,NULL,NULL,DFN,ATK,NEG,scenario_obesity_francois,obesity
102,<Jenny_concil>,[2019-06-13 16:10:06],vous voulez qu'on mette une photo de vous au pire de vous ? allez c'est bon là c'est fini,conciliator,NAG,NULL,NULL,DFN,ATK,NEG,scenario_obesity_francois,obesity
103,<Theresa_SoutienH>,[2019-06-13 16:10:09],C'est vrai qu'on force peut etre un peu mais c'est si drole,bully_support,OAG,victim,OTH,ATK,OTH,NEG,scenario_obesity_francois,obesity
104,<pierre_defenseur>,[2019-06-13 16:10:12],je sis dd'aéccord c'est pas drole ferme la,victim_support,OAG,bully,OTH,DFN,ATK,NEG,scenario_obesity_francois,obesity
105,<Lucas_soutiendel>,[2019-06-13 16:10:18],laisse le il t a rien fait supprime la taphoto,victim_support,NAG,NULL,NULL,DFN,ATK,NEG,scenario_obesity_francois,obesity
106,<pierre_defenseur>,[2019-06-13 16:10:38],TU M'EXPLIQUE CE QU'IL Y A DE DROLE LA DEDANS ?!!!!,victim_support,OAG,bully_support,OTH,DFN,ATK,NEG,scenario_obesity_francois,obesity
107,<Lucas_soutiendel>,[2019-06-13 16:10:50],y a rien de drole Theresa,victim_support,NAG,NULL,NULL,CNS,ATK,NEG,scenario_obesity_francois,obesity
108,<Theo_SoutienH>,[2019-06-13 16:10:50],elle nous fait tellement rire,bully_support,CAG,victim,OTH,AIN,ATK,NEG,scenario_obesity_francois,obesity
109,<_Francoisvictim>,[2019-06-13 16:10:53],bon bah ok j'ai compris,victim,NAG,NULL,NULL,DFN,ATK,NEG,scenario_obesity_francois,obesity
110,<_Francoisvictim>,[2019-06-13 16:10:59],plus personne ne veut de moi...,victim,NAG,NULL,NULL,DFN,ATK,NEG,scenario_obesity_francois,obesity
111,<Lucas_soutiendel>,[2019-06-13 16:11:10],si moi je veux de toi Francois ok,victim_support,NAG,NULL,NULL,EMP,DFN,POS,scenario_obesity_francois,obesity
112,<Lucas_soutiendel>,[2019-06-13 16:11:22],et plein d autres personnes aussi,victim_support,NAG,NULL,NULL,EMP,DFN,POS,scenario_obesity_francois,obesity
113,<Theo_SoutienH>,[2019-06-13 16:11:31],c'est un cadeau empoisonné,bully_support,OAG,victim,OTH,ATK,DFN,NEG,scenario_obesity_francois,obesity
114,<pierre_defenseur>,[2019-06-13 16:11:34],mais non francois les ecoutes pas c eux les nuls ils ont que ca a faire de leur vie,victim_support,OAG,bully/bully_support,OTH,DFN,NULL,NEG,scenario_obesity_francois,obesity
115,<Theresa_SoutienH>,[2019-06-13 16:11:39],On a besoin de toi Francois,bully_support,CAG,victim,DNG,ATK,DFN,NEG,scenario_obesity_francois,obesity
116,<Pauline_Harceleu>,[2019-06-13 16:11:45],Okkkk cest bon vous me faites chier je vais poster encore plus de photo de mon petit cheri francois,bully,OAG,victim,THR,ATK,DFN,NEG,scenario_obesity_francois,obesity
117,<_Francoisvictim>,[2019-06-13 16:11:53],petasse...,victim,OAG,bully_support,NCG,DFN,ATK,NEG,scenario_obesity_francois,obesity
118,<Theresa_SoutienH>,[2019-06-13 16:11:58],Ouaaaissssss,bully_support,OAG,victim,OTH,ATK,DFN,NEG,scenario_obesity_francois,obesity
119,<Lucas_soutiendel>,[2019-06-13 16:12:03],Theo la prochaine fois que tu dis un truc pareil je te fais gouter au tarmac c bon ?,victim_support,OAG,bully/bully_support,THR,DFN,NULL,NEG,scenario_obesity_francois,obesity
120,<pierre_defenseur>,[2019-06-13 16:12:06],mais va te faire voir pauline,victim_support,OAG,bully,OTH,DFN,ATK,NEG,scenario_obesity_francois,obesity
121,<_Francoisvictim>,[2019-06-13 16:12:09],tu peux bien aller te faire foutre,victim,OAG,bully_support,OTH,DFN,ATK,NEG,scenario_obesity_francois,obesity
122,<Theresa_SoutienH>,[2019-06-13 16:12:13],Vas-y continue Francois,bully_support,OAG,victim,OTH,ATK,DFN,NEG,scenario_obesity_francois,obesity
123,<Theo_SoutienH>,[2019-06-13 16:12:32],de notre point de vue c'est quand meme vachement drole,bully_support,OAG,victim,DNG,ATK,DFN,NEG,scenario_obesity_francois,obesity
124,<Theresa_SoutienH>,[2019-06-13 16:12:33],Le mal est fait mon pote,bully_support,OAG,victim,DNG,ATK,DFN,NEG,scenario_obesity_francois,obesity
125,<Lucas_soutiendel>,[2019-06-13 16:12:40],et meme n importe qui d autre qui parle mal de Francois,victim_support,OAG,bully/bully_support,THR,DFN,NULL,NEG,scenario_obesity_francois,obesity
126,<Pauline_Harceleu>,[2019-06-13 16:12:47],et ouais les gars,bully,NAG,NULL,NULL,AIN,ATK,NEG,scenario_obesity_francois,obesity
127,<pierre_defenseur>,[2019-06-13 16:12:56],ok alors explique moi 2 secondes ce qu'il y a de drole ??!,victim_support,NAG,NULL,NULL,CNS,ATK,NEG,scenario_obesity_francois,obesity
128,<Lucas_soutiendel>,[2019-06-13 16:12:57],Mon poing dans ta gueule va etre tout aussi drole Théo,victim_support,OAG,bully_support,THR,DFN,ATK,NEG,scenario_obesity_francois,obesity
129,<_Francoisvictim>,[2019-06-13 16:13:01],de toute facon vous 2 je vous reglerais votre compte,victim,OAG,bully/bully_support,THR,DFN,NULL,NEG,scenario_obesity_francois,obesity
130,<Lucas_soutiendel>,[2019-06-13 16:13:14],francois reste calme,victim_support,NAG,NULL,NULL,CR,DFN,NEU,scenario_obesity_francois,obesity
131,<Theresa_SoutienH>,[2019-06-13 16:13:15],Et comment tu vas t'y prendre l'obèse ?,bully_support,OAG,victim,DNG,ATK,DFN,NEG,scenario_obesity_francois,obesity
132,<Jenny_concil>,[2019-06-13 16:13:19],allez FRANCOIS,conciliator,NAG,NULL,NULL,OTH,DFN,NEU,scenario_obesity_francois,obesity
133,<Lucas_soutiendel>,[2019-06-13 16:13:23],oh,victim_support,OAG,bully_support,OTH,DFN,ATK,NEU,scenario_obesity_francois,obesity
134,<Lucas_soutiendel>,[2019-06-13 16:13:28],fermez la srx,victim_support,OAG,bully_support,OTH,DFN,ATK,NEG,scenario_obesity_francois,obesity
135,<pierre_defenseur>,[2019-06-13 16:13:30],mais fermez la !!!,victim_support,OAG,bully_support,OTH,DFN,ATK,NEG,scenario_obesity_francois,obesity
136,<Theo_SoutienH>,[2019-06-13 16:13:30],tu peux pas courir 2 secs sans etre essoufle,bully_support,OAG,victim,DNG,ATK,DFN,NEG,scenario_obesity_francois,obesity
137,<Jenny_concil>,[2019-06-13 16:13:34],theresa t'es un ficello juste tais toi,conciliator,OAG,bully_support,OTH,DFN,ATK,NEG,scenario_obesity_francois,obesity
138,<Pauline_Harceleu>,[2019-06-13 16:13:36],mdrr tu vas regler rie,bully,CAG,victim,OTH,ATK,DFN,NEG,scenario_obesity_francois,obesity
139,<Theo_SoutienH>,[2019-06-13 16:13:55],si il sait manger,bully_support,OAG,victim,DNG,ATK,DFN,NEG,scenario_obesity_francois,obesity
140,<Theresa_SoutienH>,[2019-06-13 16:14:01],Si pauline,bully_support,NAG,NULL,NULL,OTH,NULL,NEU,scenario_obesity_francois,obesity
141,<Lucas_soutiendel>,[2019-06-13 16:14:02],Et ta mere elle peut courir 2sec aussi sans etre essoufles?,victim_support,OAG,bully_support,DNG,DFN,ATK,NEG,scenario_obesity_francois,obesity
142,<Jenny_concil>,[2019-06-13 16:14:09],toi tu sais que être méchante ma pauvre je t'imaginais pas comme ça franchement pauline le karma va se retourner,conciliator,OAG,bully,OTH,DFN,ATK,NEG,scenario_obesity_francois,obesity
143,<Lucas_soutiendel>,[2019-06-13 16:14:30],j'avoue,victim_support,NAG,NULL,NULL,EMP,DFN,NEU,scenario_obesity_francois,obesity
144,<Theresa_SoutienH>,[2019-06-13 16:14:30]," Qui dit ""karma"" ?? Loolllllllll",bully_support,OAG,conciliator,OTH,ATK,DFN,NEG,scenario_obesity_francois,obesity
145,<Pauline_Harceleu>,[2019-06-13 16:14:39],lol,bully,NAG,NULL,NULL,AIN,ATK,NEG,scenario_obesity_francois,obesity
146,<Pauline_Harceleu>,[2019-06-13 16:14:40],lol,bully,NAG,NULL,NULL,AIN,ATK,NEG,scenario_obesity_francois,obesity
147,<Pauline_Harceleu>,[2019-06-13 16:14:41],lol,bully,NAG,NULL,NULL,AIN,ATK,NEG,scenario_obesity_francois,obesity
148,<Pauline_Harceleu>,[2019-06-13 16:14:43],lol,bully,NAG,NULL,NULL,AIN,ATK,NEG,scenario_obesity_francois,obesity
149,<Theresa_SoutienH>,[2019-06-13 16:14:46],Lol,bully_support,NAG,NULL,NULL,AIN,AIN,NEG,scenario_obesity_francois,obesity
150,<Theo_SoutienH>,[2019-06-13 16:14:47],il va carrément rebondir sur lui,bully_support,CAG,victim,DNG,ATK,DFN,NEG,scenario_obesity_francois,obesity
151,<Pauline_Harceleu>,[2019-06-13 16:14:49],lol,bully,NAG,NULL,NULL,AIN,ATK,NEG,scenario_obesity_francois,obesity
152,<_Francoisvictim>,[2019-06-13 16:14:53],tkt la police saura etre plus efficace que moi,victim,OAG,bully,THR,DFN,ATK,NEG,scenario_obesity_francois,obesity
153,<Jenny_concil>,[2019-06-13 16:15:09],qui se moque encore ?,conciliator,NAG,NULL,NULL,DFN,ATK,NEG,scenario_obesity_francois,obesity
154,<Lucas_soutiendel>,[2019-06-13 16:15:13],bien dit,victim_support,NAG,NULL,NULL,EMP,DFN,NEU,scenario_obesity_francois,obesity
155,<Theresa_SoutienH>,[2019-06-13 16:15:19],Vas- y essaye toujours,bully_support,CAG,victim,OTH,ATK,DFN,NEG,scenario_obesity_francois,obesity
156,<Theo_SoutienH>,[2019-06-13 16:15:31],meme la police va rigoler à ce niveau la,bully_support,CAG,victim,DNG,ATK,DFN,NEG,scenario_obesity_francois,obesity
157,<Pauline_Harceleu>,[2019-06-13 16:15:34],bon francois.... jai pas eu ta reponse pour l'imeuble mdrrrrr,bully,OAG,victim,OTH,ATK,DFN,NEG,scenario_obesity_francois,obesity
158,<Jenny_concil>,[2019-06-13 16:15:39],t'inquiète pas que tu regretteras bien  theresa,conciliator,NAG,NULL,NULL,CNS,ATK,NEG,scenario_obesity_francois,obesity
159,<pierre_defenseur>,[2019-06-13 16:15:44],ca vous avance a quoi de faire des choses comme ca ?? vous pensez etre superieurs mais vous etes juste des petites merdes,victim_support,OAG,bully/bully_support,OTH,DFN,NULL,NEG,scenario_obesity_francois,obesity
160,<_Francoisvictim>,[2019-06-13 16:15:54],pauline: quand on est une suceuse,victim,OAG,bully,DNG,DFN,ATK,NEG,scenario_obesity_francois,obesity
161,<Jenny_concil>,[2019-06-13 16:15:57],pauline arrête sérieux,conciliator,NAG,NULL,NULL,CR,ATK,NEU,scenario_obesity_francois,obesity
162,<Theresa_SoutienH>,[2019-06-13 16:16:09],Les flics c des merdes il nous retrouveront jamais je suis sous VPN MDRRRRRR,bully_support,OAG,victim,OTH,AIN,ATK,NEG,scenario_obesity_francois,obesity
163,<Theo_SoutienH>,[2019-06-13 16:16:09],avec 150 KG de moins que lui,bully_support,OAG,victim,DNG,AIN,ATK,NEG,scenario_obesity_francois,obesity
164,<Pauline_Harceleu>,[2019-06-13 16:16:22],mdrrr cest toi le petit puceau fragile qui parle,bully,OAG,victim,DNG,ATK,DFN,NEG,scenario_obesity_francois,obesity
165,<pierre_defenseur>,[2019-06-13 16:16:30],ah bon ?? et ben pas pauline,victim_support,CAG,bully,OTH,DFN,ATK,NEG,scenario_obesity_francois,obesity
166,<Jenny_concil>,[2019-06-13 16:16:31],gros lol ils te trouveront t'inquiète,conciliator,OAG,bully_support,OTH,DFN,ATK,NEG,scenario_obesity_francois,obesity
167,<Jenny_concil>,[2019-06-13 16:16:50],reflechissez-y vraiment ? vous aimez harcelez les gens ?,conciliator,NAG,NULL,NULL,DFN,ATK,NEG,scenario_obesity_francois,obesity
168,<Theresa_SoutienH>,[2019-06-13 16:17:00],En fait jai changé d'avis.,bully_support,NAG,NULL,NULL,OTH,ATK,NEU,scenario_obesity_francois,obesity
169,<Theresa_SoutienH>,[2019-06-13 16:17:07],Je suis désolé,bully_support,NAG,NULL,NULL,OTH,ATK,NEU,scenario_obesity_francois,obesity
170,<Theo_SoutienH>,[2019-06-13 16:17:09],c'est plus une blague que du harcelement,bully_support,OAG,conciliator,OTH,ATK,DFN,NEG,scenario_obesity_francois,obesity
171,<Jenny_concil>,[2019-06-13 16:17:10],vous avez pas plutôt envie de sortir et arrêtez d'être des débiles .,conciliator,OAG,bully/bully_support,NCG,DFN,NULL,NEG,scenario_obesity_francois,obesity
172,<Lucas_soutiendel>,[2019-06-13 16:17:11],CA VOUS PLAIT DE FAIRE SOUFFRIR DES PERSONNES,victim_support,NAG,NULL,NULL,DFN,ATK,NEG,scenario_obesity_francois,obesity
173,<Jenny_concil>,[2019-06-13 16:17:12],?,conciliator,NAG,NULL,NULL,OTH,NULL,NEU,scenario_obesity_francois,obesity
174,<Theo_SoutienH>,[2019-06-13 16:17:15],vous abusez,bully_support,NAG,NULL,NULL,OTH,DFN,NEG,scenario_obesity_francois,obesity
175,<pierre_defenseur>,[2019-06-13 16:17:19],tkt pauline tu vas avoir ce que tu merites,victim_support,OAG,bully,OTH,DFN,ATK,NEG,scenario_obesity_francois,obesity
176,<Theresa_SoutienH>,[2019-06-13 16:17:21],TU PEUX SAUTER FRANCOIS FAIS TOI PLAISIR,bully_support,OAG,victim,DNG,ATK,NULL,NEG,scenario_obesity_francois,obesity
177,<_Francoisvictim>,[2019-06-13 16:17:30],:(,victim,NAG,NULL,NULL,OTH,NULL,NEU,scenario_obesity_francois,obesity
178,<Pauline_Harceleu>,[2019-06-13 16:17:34],mdrrrr,bully,NAG,NULL,NULL,AIN,ATK,NEG,scenario_obesity_francois,obesity
179,<Lucas_soutiendel>,[2019-06-13 16:17:37],ta blague tu te la fous ou je pense Theo,victim_support,OAG,bully_support,OTH,DFN,ATK,NEG,scenario_obesity_francois,obesity
180,<Pauline_Harceleu>,[2019-06-13 16:17:40],bien dit theresa,bully,NAG,NULL,NULL,AIN,ATK,NEG,scenario_obesity_francois,obesity
181,<Jenny_concil>,[2019-06-13 16:17:46],abusez de quoi,conciliator,NAG,NULL,NULL,OTH,OTH,NEG,scenario_obesity_francois,obesity
182,<Theo_SoutienH>,[2019-06-13 16:17:56],ça va etre dangereux à son atterrissage,bully_support,OAG,victim,DNG,AIN,ATK,NEG,scenario_obesity_francois,obesity
183,<Lucas_soutiendel>,[2019-06-13 16:18:14],Theresa et Pauline vous allez avoir des problemes,victim_support,OAG,bully/bully_support,THR,DFN,NULL,NEG,scenario_obesity_francois,obesity
184,<Pauline_Harceleu>,[2019-06-13 16:18:17],oui mdrr faut pas qui tu des gens en bas,bully,CAG,victim,DNG,AIN,AIN,NEG,scenario_obesity_francois,obesity
185,<Jenny_concil>,[2019-06-13 16:18:18],François les ecoute pas,conciliator,NAG,NULL,NULL,OTH,OTH,NEG,scenario_obesity_francois,obesity
186,<_Francoisvictim>,[2019-06-13 16:18:19],theo: fais gaffe a ton cul,victim,OAG,bully_support,OTH,DFN,AIN,NEG,scenario_obesity_francois,obesity
187,<Lucas_soutiendel>,[2019-06-13 16:18:27],avec moi et avec des adultes,victim_support,NAG,NULL,NULL,OTH,DFN,NEG,scenario_obesity_francois,obesity
188,<_Francoisvictim>,[2019-06-13 16:18:30],je peux très tomber sur toi s'il faut tocard,victim,OAG,bully,OTH,DFN,ATK,NEG,scenario_obesity_francois,obesity
189,<pierre_defenseur>,[2019-06-13 16:18:35],juste 1 question est repondez-y : ca vous apporte quoi de faire ca ?,victim_support,NAG,NULL,NULL,DFN,ATK,NEG,scenario_obesity_francois,obesity
190,<_Francoisvictim>,[2019-06-13 16:18:36],très bien,victim,NAG,NULL,NULL,OTH,OTH,NEU,scenario_obesity_francois,obesity
191,<Jenny_concil>,[2019-06-13 16:18:45],vous aimeriez que tout le monde se moque de vous,conciliator,CAG,bully,OTH,DFN,ATK,NEG,scenario_obesity_francois,obesity
192,<Theresa_SoutienH>,[2019-06-13 16:18:50],C'est juste trop fun,bully_support,CAG,victim,DNG,ATK,DFN,NEG,scenario_obesity_francois,obesity
193,<Lucas_soutiendel>,[2019-06-13 16:19:13],je connais d autres funs vous avez pas besoin de faire ca,victim_support,NAG,NULL,NULL,DFN,ATK,NEG,scenario_obesity_francois,obesity
194,<Lucas_soutiendel>,[2019-06-13 16:19:21],vous etes tombes tellement bas,victim_support,NAG,NULL,NULL,DFN,ATK,NEG,scenario_obesity_francois,obesity
195,<Theresa_SoutienH>,[2019-06-13 16:19:27],Donc tu sous-entends que tu vas sauter Francois? YESSSS,bully_support,OAG,victim,OTH,ATK,DFN,NEG,scenario_obesity_francois,obesity
196,<Jenny_concil>,[2019-06-13 16:19:28],tu t'es vu Theresa,conciliator,CAG,bully_support,DNG,DFN,ATK,NEG,scenario_obesity_francois,obesity
197,<Pauline_Harceleu>,[2019-06-13 16:19:28],pierre ca te fais pas kiffer de voir ce genre de petites merdes pleurer,bully,OAG,victim_support,OTH,ATK,DFN,NEG,scenario_obesity_francois,obesity
198,<pierre_defenseur>,[2019-06-13 16:19:30],il est ou le fun ??? Y'A QUOI DE FUN DANS LE FAIT DE FAIRE SOUFFIR UNE PERSONNE EN SE MOQUANT D'ELLE ????!!!!,victim_support,OAG,bully/bully_support,OTH,DFN,NULL,NEG,scenario_obesity_francois,obesity
199,<Jenny_concil>,[2019-06-13 16:19:57],pleurer ? qui dit qu'il pleure ?,conciliator,NAG,NULL,NULL,DFN,ATK,NEG,scenario_obesity_francois,obesity
200,<pierre_defenseur>,[2019-06-13 16:20:02],pk ca me ferais kiffer ?!!,victim_support,OAG,bully,OTH,DFN,ATK,NEG,scenario_obesity_francois,obesity
201,<Theresa_SoutienH>,[2019-06-13 16:20:05],C'est la loi du plus fort,bully_support,CAG,victim,OTH,ATK,DFN,NEG,scenario_obesity_francois,obesity
0,<Fran_Victime>,[2019-06-13 16:36:56],Yo miiiiiiiiiiiiiiiiiiiiiiiiiiiich,victim,NAG,NULL,NULL,OTH,NULL,NEU,scenario_obesity_francoise,obesity
2,<Fran_Victime>,[2019-06-13 16:37:21],fatiiiiiiiiiiiiiiiiiiiiiiiiiiiiiiiiii,victim,NAG,NULL,NULL,OTH,NULL,NEU,scenario_obesity_francoise,obesity
3,<martine_harc>,[2019-06-13 16:42:00],Salut les cons!,bully,OAG,victim,NCG,AIN,NULL,NEG,scenario_obesity_francoise,obesity
4,<Fran_Victime>,[2019-06-13 16:42:21],C toi ki parl,victim,OAG,bully,NCG,DFN,AIN,NEG,scenario_obesity_francoise,obesity
5,<Fran_Victime>,[2019-06-13 16:42:28],mais vazi srx,victim,OAG,bully,NCG,DFN,AIN,NEG,scenario_obesity_francoise,obesity
6,<Fran_Victime>,[2019-06-13 16:42:42],d'où t'as été mettre mes fotos tepu va,victim,OAG,bully,NCG,DFN,AIN,NEG,scenario_obesity_francoise,obesity
7,<martine_harc>,[2019-06-13 16:42:44],hey! tu m'parle autrement la grosse!,bully,OAG,victim,DNG,ATK,DFN,NEG,scenario_obesity_francoise,obesity
8,<Fran_Victime>,[2019-06-13 16:42:53],t kune pute,victim,OAG,bully,NCG,DFN,ATK,NEG,scenario_obesity_francoise,obesity
9,<Fatima_Defenseur>,[2019-06-13 16:42:53],tfk jenny,victim_support,NAG,NULL,NULL,OTH,NULL,NEU,scenario_obesity_francoise,obesity
10,<martine_harc>,[2019-06-13 16:43:13],et bah quoi T pas contente? m'en fout,bully,OAG,victim,OTH,ATK,DFN,NEG,scenario_obesity_francoise,obesity
11,<Fran_Victime>,[2019-06-13 16:43:26],pq tu postes des fotos de mwa à poil wsh,victim,NAG,NULL,NULL,DFN,ATK,NEU,scenario_obesity_francoise,obesity
12,<Fran_Victime>,[2019-06-13 16:43:29],ta pas dvi?,victim,NAG,NULL,NULL,DFN,ATK,NEG,scenario_obesity_francoise,obesity
13,<Fatima_Defenseur>,[2019-06-13 16:43:50],att c qui qui poste des photos de ki a poil,victim_support,NAG,NULL,NULL,OTH,DFN,NEU,scenario_obesity_francoise,obesity
14,<Fran_Victime>,[2019-06-13 16:44:11],c'est cette put de Martine qui a pris des fotos de moi,victim,OAG,bully,NCG,OTH,OTH,NEG,scenario_obesity_francoise,obesity
15,<Fran_Victime>,[2019-06-13 16:44:14],pdt le voyage,victim,OAG,bully,NCG,OTH,OTH,NEG,scenario_obesity_francoise,obesity
16,<Fran_Victime>,[2019-06-13 16:44:18],sous la douche,victim,OAG,bully,NCG,OTH,OTH,NEG,scenario_obesity_francoise,obesity
17,<Fran_Victime>,[2019-06-13 16:44:23],et cette conne elle l'a fait tourner,victim,OAG,bully,NCG,OTH,OTH,NEG,scenario_obesity_francoise,obesity
18,<Fatima_Defenseur>,[2019-06-13 16:44:30],pk tu fais ca meuf,victim_support,NAG,NULL,NULL,DFN,ATK,NEU,scenario_obesity_francoise,obesity
19,<Fatima_Defenseur>,[2019-06-13 16:44:40],dou elle etait dans ta douche,victim_support,NAG,NULL,NULL,DFN,ATK,NEU,scenario_obesity_francoise,obesity
20,<martine_harc>,[2019-06-13 16:44:43],hey quand y a une pute faut faire profiter!,bully,OAG,victim,DNG,ATK,DFN,NEG,scenario_obesity_francoise,obesity
21,<martine_harc>,[2019-06-13 16:44:52],soit contente la grosse,bully,OAG,victim,DNG,ATK,DFN,NEG,scenario_obesity_francoise,obesity
22,<Fran_Victime>,[2019-06-13 16:45:06],je sais pas elle aime mon cul,victim,OAG,bully,OTH,OTH,OTH,NEG,scenario_obesity_francoise,obesity
23,<jules_soutienH>,[2019-06-13 16:45:19],sale grosse,bully_support,OAG,victim,OTH,ATK,DFN,NEG,scenario_obesity_francoise,obesity
24,<martine_harc>,[2019-06-13 16:45:35],hey! slt Juju!,bully,NAG,NULL,NULL,OTH,ATK,NEU,scenario_obesity_francoise,obesity
25,<jenny_conciliatr>,[2019-06-13 16:45:39],martine et francoise si vous avez des problemes parlez en au lieu de vous insulter,conciliator,NAG,NULL,NULL,CR,OTH,NEU,scenario_obesity_francoise,obesity
26,<Fran_Victime>,[2019-06-13 16:45:40],mais d'où tu parles le micropenis stp,victim,OAG,bully,DNG,DFN,ATK,NEG,scenario_obesity_francoise,obesity
27,<martine_harc>,[2019-06-13 16:45:56],et pour aimer ton cul faurdrait etre aveugle la grosse,bully,OAG,victim,OTH,ATK,DFN,NEG,scenario_obesity_francoise,obesity
28,<Fatima_Defenseur>,[2019-06-13 16:46:01],on se calmmmmmm,victim_support,NAG,NULL,NULL,CR,NULL,NEU,scenario_obesity_francoise,obesity
29,<Fran_Victime>,[2019-06-13 16:46:12],pq tu me mattes sous la douche alors?,victim,NAG,NULL,NULL,DFN,ATK,NEU,scenario_obesity_francoise,obesity
30,<martine_harc>,[2019-06-13 16:46:13],hey la sirienne,bully,OAG,victim,OTH,ATK,DFN,NEG,scenario_obesity_francoise,obesity
31,<martine_harc>,[2019-06-13 16:46:19],ferme la,bully,OAG,victim_support,OTH,ATK,DFN,NEG,scenario_obesity_francoise,obesity
32,<Fran_Victime>,[2019-06-13 16:46:20],ho tu te calmes,victim,OAG,bully,NCG,DFN,ATK,NEU,scenario_obesity_francoise,obesity
33,<Fran_Victime>,[2019-06-13 16:46:23],la pute,victim,OAG,bully,NCG,DFN,ATK,NEG,scenario_obesity_francoise,obesity
34,<Fran_Victime>,[2019-06-13 16:46:39],Tu touches pas à ma pote ou je te mange ok?!,victim,OAG,bully,THR,DFN,ATK,NEG,scenario_obesity_francoise,obesity
35,<jenny_conciliatr>,[2019-06-13 16:46:43],parlez en pardon,conciliator,NAG,NULL,NULL,CR,NULL,NEU,scenario_obesity_francoise,obesity
36,<martine_harc>,[2019-06-13 16:46:46],c toi la pute et tu m parle pas comme ca,bully,OAG,victim,NCG,ATK,DFN,NEG,scenario_obesity_francoise,obesity
37,<jules_soutienH>,[2019-06-13 16:46:47],ferme ta gueule demande a ta mere il est pas si petit,bully_support,OAG,victim,OTH,ATK,DFN,NEG,scenario_obesity_francoise,obesity
38,<Fatima_Defenseur>,[2019-06-13 16:46:48],t raciste ou ca se passe comment en fait martine,victim_support,OAG,bully,NCG,DFN,ATK,NEG,scenario_obesity_francoise,obesity
39,<jenny_conciliatr>,[2019-06-13 16:46:51],on ne resoud rien comme ca,conciliator,NAG,NULL,NULL,CR,NULL,NEU,scenario_obesity_francoise,obesity
40,<Fran_Victime>,[2019-06-13 16:47:19],ma mère elle suce pas les bébés,victim,CAG,bully_support,OTH,DFN,ATK,NEG,scenario_obesity_francoise,obesity
41,<martine_harc>,[2019-06-13 16:47:29],bah quoi? l'étrangère a un pb?,bully,CAG,conciliator,OTH,ATK,CR,NEG,scenario_obesity_francoise,obesity
42,<jules_soutienH>,[2019-06-13 16:47:31],ducoup elle me suce,bully_support,OAG,victim,DNG,ATK,DFN,NEG,scenario_obesity_francoise,obesity
43,<jules_soutienH>,[2019-06-13 16:47:37],cette folle,bully_support,OAG,victim,DNG,ATK,DFN,NEG,scenario_obesity_francoise,obesity
44,<martine_harc>,[2019-06-13 16:47:45],T'a raison ils voudraizetn pas d'elle,bully,OAG,victim,OTH,AIN,ATK,NEG,scenario_obesity_francoise,obesity
45,<Fran_Victime>,[2019-06-13 16:47:47],parle pas sur ma mère,victim,NAG,NULL,NULL,DFN,ATK,NEU,scenario_obesity_francoise,obesity
46,<jules_soutienH>,[2019-06-13 16:47:50],GROSSE folle,bully_support,OAG,victim,NCG,ATK,DFN,NEG,scenario_obesity_francoise,obesity
47,<Fran_Victime>,[2019-06-13 16:47:54],toi aussi je te mange,victim,OAG,bully_support,THR,DFN,ATK,NEG,scenario_obesity_francoise,obesity
48,<jules_soutienH>,[2019-06-13 16:48:01],hahahahahahahahahahahahaha,bully_support,OAG,victim,OTH,ATK,DFN,NEG,scenario_obesity_francoise,obesity
49,<jules_soutienH>,[2019-06-13 16:48:06],t une comique toi,bully_support,OAG,victim,OTH,ATK,DFN,NEG,scenario_obesity_francoise,obesity
50,<martine_harc>,[2019-06-13 16:48:06],bah la mere d'une grosse moche doit etre grosse moche,bully,OAG,victim,DNG,ATK,DFN,NEG,scenario_obesity_francoise,obesity
51,<Fatima_Defenseur>,[2019-06-13 16:48:08],stop bande de fous,victim_support,OAG,bully/bully_support,NCG,DFN,NULL,NEG,scenario_obesity_francoise,obesity
52,<Fran_Victime>,[2019-06-13 16:48:23],en attendant il a l'air de kiffer ma mère Jules...,victim,CAG,bully_support,OTH,DFN,ATK,NEG,scenario_obesity_francoise,obesity
53,<Fatima_Defenseur>,[2019-06-13 16:48:24],kes tu dis,victim_support,NAG,NULL,NULL,DFN,ATK,NEU,scenario_obesity_francoise,obesity
54,<jules_soutienH>,[2019-06-13 16:48:27],jmange ta mere surtout,bully_support,OAG,victim,OTH,ATK,DFN,NEG,scenario_obesity_francoise,obesity
55,<jules_soutienH>,[2019-06-13 16:48:42],cest elle qui me kiffe,bully_support,OAG,victim,OTH,ATK,DFN,NEG,scenario_obesity_francoise,obesity
56,<martine_harc>,[2019-06-13 16:48:43],hey toi tut'la ferme l'étrazngère! retourne dans ton pays de merde,bully,OAG,victim,DNG,ATK,DFN,NEG,scenario_obesity_francoise,obesity
57,<Fatima_Defenseur>,[2019-06-13 16:48:46],on arrete de manger tt le mponde la,victim_support,NAG,NULL,NULL,CR,NULL,NEU,scenario_obesity_francoise,obesity
58,<Fran_Victime>,[2019-06-13 16:48:57],Martine tu fermes ta bouche,victim,OAG,bully,OTH,DFN,ATK,NEG,scenario_obesity_francoise,obesity
59,<martine_harc>,[2019-06-13 16:49:06],bah c sa mere qui se met a 4 pattes devant luji,bully,OAG,victim,DNG,ATK,DFN,NEG,scenario_obesity_francoise,obesity
60,<Fatima_Defenseur>,[2019-06-13 16:49:18],va crevrr,victim_support,OAG,bully,OTH,DFN,ATK,NEG,scenario_obesity_francoise,obesity
61,<Fran_Victime>,[2019-06-13 16:49:20],donc il kif les grosses moches,victim,OAG,bully,OTH,DFN,ATK,NEG,scenario_obesity_francoise,obesity
62,<Fran_Victime>,[2019-06-13 16:49:24],sympa pour ton pote,victim,OAG,bully,OTH,DFN,ATK,NEG,scenario_obesity_francoise,obesity
63,<jules_soutienH>,[2019-06-13 16:49:31],oue ca doit etre ca,bully_support,CAG,victim,DNG,ATK,DFN,NEG,scenario_obesity_francoise,obesity
64,<jules_soutienH>,[2019-06-13 16:49:41],jore ton pere le chauve,bully_support,OAG,victim,DNG,ATK,DFN,NEG,scenario_obesity_francoise,obesity
65,<Fran_Victime>,[2019-06-13 16:49:43],tu voulais voir mon cul du coup Jules,victim,OAG,bully_support,OTH,DFN,ATK,NEG,scenario_obesity_francoise,obesity
66,<martine_harc>,[2019-06-13 16:49:48],d'ou tu me parle? faudrait deja que tu perde 100 kg avant de me donner des ordres la grosse,bully,OAG,victim,DNG,ATK,DFN,NEG,scenario_obesity_francoise,obesity
67,<Fran_Victime>,[2019-06-13 16:50:05],Je te casse la bouche tu parleras plus jamais,victim,OAG,bully,THR,DFN,ATK,NEG,scenario_obesity_francoise,obesity
68,<martine_harc>,[2019-06-13 16:50:11],Juju est triop bien pour ton cul de vache!,bully,OAG,victim,DNG,ATK,DFN,NEG,scenario_obesity_francoise,obesity
69,<Fatima_Defenseur>,[2019-06-13 16:50:19],tinsulte pas mon pays connasse,victim_support,OAG,bully,NCG,DFN,ATK,NEG,scenario_obesity_francoise,obesity
70,<martine_harc>,[2019-06-13 16:50:21],ouais c ca la pute,bully,OAG,victim,NCG,ATK,DFN,NEG,scenario_obesity_francoise,obesity
71,<jenny_conciliatr>,[2019-06-13 16:50:21],MARTINE,conciliator,NAG,NULL,NULL,OTH,NULL,NEU,scenario_obesity_francoise,obesity
72,<martine_harc>,[2019-06-13 16:50:28],les pute,bully,OAG,victim/victim_support,NCG,ATK,NULL,NEG,scenario_obesity_francoise,obesity
73,<Fran_Victime>,[2019-06-13 16:50:29],MARTINE,victim,NAG,NULL,NULL,OTH,NULL,NEU,scenario_obesity_francoise,obesity
74,<jenny_conciliatr>,[2019-06-13 16:50:32],Je v vs boter le cul,conciliator,OAG,bully,THR,DFN,ATK,NEG,scenario_obesity_francoise,obesity
75,<martine_harc>,[2019-06-13 16:50:44],et on s'en fout de toi Jenny! retourne dormir,bully,OAG,conciliator,OTH,ATK,DFN,NEG,scenario_obesity_francoise,obesity
76,<Fatima_Defenseur>,[2019-06-13 16:50:44],putain je pars la,victim_support,NAG,NULL,NULL,OTH,ATK,NEG,scenario_obesity_francoise,obesity
77,<jenny_conciliatr>,[2019-06-13 16:50:51],vous allez vous calmer oui,conciliator,NAG,NULL,NULL,CR,NULL,NEU,scenario_obesity_francoise,obesity
78,<Fatima_Defenseur>,[2019-06-13 16:50:53],jen ai mar de vous,victim_support,CAG,bully,OTH,DFN,ATK,NEG,scenario_obesity_francoise,obesity
79,<martine_harc>,[2019-06-13 16:51:01],ouais c ca fuyiez les putes,bully,OAG,victim/victim_support,NCG,ATK,NULL,NEG,scenario_obesity_francoise,obesity
80,<Fran_Victime>,[2019-06-13 16:51:01],Martine tu me fais gerber,victim,OAG,bully,DNG,DFN,ATK,NEG,scenario_obesity_francoise,obesity
81,<Fatima_Defenseur>,[2019-06-13 16:51:07],martine la connasse,victim_support,OAG,bully,NCG,DFN,ATK,NEG,scenario_obesity_francoise,obesity
82,<Fatima_Defenseur>,[2019-06-13 16:51:22],jte parle mm pas,victim_support,NAG,NULL,NULL,DFN,ATK,NEG,scenario_obesity_francoise,obesity
83,<jenny_conciliatr>,[2019-06-13 16:51:23],vs vs comportez vrmt trtop mals,conciliator,NAG,NULL,NULL,DFN,ATK,NEG,scenario_obesity_francoise,obesity
84,<Fran_Victime>,[2019-06-13 16:51:24],tu as bien aimé mes photos?,victim,NAG,NULL,NULL,OTH,ATK,NEU,scenario_obesity_francoise,obesity
85,<martine_harc>,[2019-06-13 16:51:29],c ca allez ciao les gosses putes,bully,OAG,victim/victim_support/conciliator,NCG,ATK,NULL,NEG,scenario_obesity_francoise,obesity
86,<martine_harc>,[2019-06-13 16:51:39],dsl mais trop moches,bully,OAG,victim,DNG,ATK,OTH,NEG,scenario_obesity_francoise,obesity
87,<Fran_Victime>,[2019-06-13 16:51:40],fallait pâs poster des fotos de moi si tu voulais que je me calme,victim,NAG,NULL,NULL,DFN,ATK,NEG,scenario_obesity_francoise,obesity
88,<martine_harc>,[2019-06-13 16:51:48],g eu mal aux yeux,bully,CAG,victim,DNG,ATK,DFN,NEG,scenario_obesity_francoise,obesity
0,<Zoé-Victime>,[2:39:30 PM],pourquoi vous avez diffusé des photos de moi ?,victim,NAG,NULL,NULL,OTH,NULL,NEU,scenario_obesity_zoe,obesity
1,<Natacha-Soutien-Harceleur>,[2:39:33 PM],bande de conne,bully_support,OAG,victim/victim_support,NCG,ATK,NULL,NEG,scenario_obesity_zoe,obesity
2,<Marjorie-Harceleur>,[2:39:59 PM],salope ! tu t vu ?,bully,OAG,victim,OTH,ATK,OTH,NEG,scenario_obesity_zoe,obesity
3,<Zoé-Victime>,[2:39:59 PM],marjorie et lucie ? je me suis vu de quoi?,victim,NAG,NULL,NULL,DFN,ATK,NEU,scenario_obesity_zoe,obesity
4,<Lucie-Harceleur>,[2:40:24 PM],quoi sale grosse,bully,OAG,victim,DNG,ATK,DFN,NEG,scenario_obesity_zoe,obesity
5,<Natacha-Soutien-Harceleur>,[2:40:30 PM],serieux tu t'es vue pétasse,bully_support,OAG,victim,NCG,ATK,DFN,NEG,scenario_obesity_zoe,obesity
6,<Marjorie-Harceleur>,[2:40:32 PM],tu ressemble a mon anus,bully,OAG,victim,DNG,ATK,DFN,NEG,scenario_obesity_zoe,obesity
7,<Zoé-Victime>,[2:40:49 PM],je t ai fait quoi pour que tu dises ça,victim,NAG,NULL,NULL,DFN,ATK,NEU,scenario_obesity_zoe,obesity
8,<Natacha-Soutien-Harceleur>,[2:40:53 PM],:') :') :') :'),bully_support,NAG,NULL,NULL,OTH,NULL,NEU,scenario_obesity_zoe,obesity
9,<Lucie-Harceleur>,[2:41:30 PM],frère t'es là tu fais la lèche avec les profs,bully,OAG,victim,DNG,ATK,DFN,NEG,scenario_obesity_zoe,obesity
10,<Soan-Soutien-Victime>,[2:41:55 PM],arreté bande de conne vous avez cas travaillé,victim_support,OAG,bully,NCG,DFN,ATK,NEG,scenario_obesity_zoe,obesity
11,<Natacha-Soutien-Harceleur>,[2:41:59 PM],espece de hassa boulette,bully_support,OAG,victim,DNG,ATK,DFN,NEG,scenario_obesity_zoe,obesity
12,<Marjorie-Harceleur>,[2:42:07 PM],t grosse tu bouffe que des macdo,bully,OAG,victim,DNG,ATK,DFN,NEG,scenario_obesity_zoe,obesity
13,<Soan-Soutien-Victime>,[2:42:12 PM],laissé la tranquille elle vous a rien fais,victim_support,NAG,NULL,NULL,CNS,ATK,NEU,scenario_obesity_zoe,obesity
14,<Natacha-Soutien-Harceleur>,[2:42:19 PM],toi ta gueule,bully_support,OAG,victim_support,OTH,ATK,CNS,NEG,scenario_obesity_zoe,obesity
15,<Lucie-Harceleur>,[2:42:22 PM],et  elle elle a qu'a maigrir,bully,CAG,victim,DNG,ATK,CNS,NEG,scenario_obesity_zoe,obesity
16,<Natacha-Soutien-Harceleur>,[2:42:27 PM],tu commence a m'enerver,bully_support,OAG,victim_support,OTH,ATK,CNS,NEG,scenario_obesity_zoe,obesity
17,<Zoé-Victime>,[2:42:43 PM],tu sais pas ma vie,victim,NAG,NULL,NULL,DFN,ATK,NEU,scenario_obesity_zoe,obesity
18,<Axelle-Soutien-Victime>,[2:42:51 PM],vous etes nul en cours et vous vous defoulez sur une meuf bcp mieux que vous,victim_support,OAG,bully,DNG,DFN,ATK,NEG,scenario_obesity_zoe,obesity
19,<Zoé-Victime>,[2:43:13 PM],merci axelle,victim,NAG,NULL,NULL,EMP,DFN,NEG,scenario_obesity_zoe,obesity
20,<Natacha-Soutien-Harceleur>,[2:43:14 PM],ptdrrr alors si une grosse boule,bully_support,OAG,victim,DNG,AIN,ATK,NEG,scenario_obesity_zoe,obesity
21,<Soan-Soutien-Victime>,[2:43:25 PM],ben peutetre quelle a des probleme de santé et  alors ta pas a la traite comme sa,victim_support,NAG,NULL,NULL,CNS,ATK,NEU,scenario_obesity_zoe,obesity
22,<Natacha-Soutien-Harceleur>,[2:43:26 PM],et mieux que nous crée ma tombe,bully_support,OAG,victim,DNG,AIN,ATK,NEG,scenario_obesity_zoe,obesity
23,<Marjorie-Harceleur>,[2:43:27 PM],tt a fait tu as qua maigrir,bully,OAG,victim,DNG,ATK,DFN,NEG,scenario_obesity_zoe,obesity
24,<Zoé-Victime>,[2:43:27 PM],je te roule dessus natacha,victim,OAG,bully_support,THR,DFN,ATK,NEG,scenario_obesity_zoe,obesity
25,<Natacha-Soutien-Harceleur>,[2:43:29 PM],svpppp!!!!,bully_support,NAG,NULL,NULL,OTH,CNS,NEG,scenario_obesity_zoe,obesity
26,<Lucie-Harceleur>,[2:43:35 PM],euuuuh y a pas mieux que nous en fait,bully,NAG,NULL,NULL,AIN,AIN,NEG,scenario_obesity_zoe,obesity
27,<Zoé-Victime>,[2:44:06 PM],pfff vous faites trop les meufs,victim,OAG,bully,NCG,DFN,AIN,NEG,scenario_obesity_zoe,obesity
28,<Soan-Soutien-Victime>,[2:44:11 PM],mais ferme la ta  vu ta gueule,victim_support,OAG,bully,OTH,DFN,ATK,NEG,scenario_obesity_zoe,obesity
29,<Marjorie-Harceleur>,[2:44:14 PM],Tu fait ta victime tu sais pas te defendre seul,bully,OAG,victim,DNG,ATK,DFN,NEG,scenario_obesity_zoe,obesity
30,<Lucie-Harceleur>,[2:44:16 PM],natacha elle va mourir si tu lui roulle dessus t'as t'es 3 ptit klebs,bully,CAG,victim/victim_support,OTH,ATK,DFN,NEG,scenario_obesity_zoe,obesity
31,<Natacha-Soutien-Harceleur>,[2:44:55 PM],:') :') :') :') :'),bully_support,NAG,NULL,NULL,OTH,NULL,NEU,scenario_obesity_zoe,obesity
32,<Soan-Soutien-Victime>,[2:45:01 PM],"Ne les écoutes pas Zoé,  le physique ne compte pas tu es très bien comme tu es. Le principale c'est que tu te sentes bien dans ton coeur",victim_support,NAG,NULL,NULL,EMP,DFN,POS,scenario_obesity_zoe,obesity
33,<Natacha-Soutien-Harceleur>,[2:45:02 PM],sa y est jsuis morte deja,bully_support,NAG,NULL,NULL,AIN,ATK,NEG,scenario_obesity_zoe,obesity
34,<Zoé-Victime>,[2:45:30 PM],merci de me dire ça,victim,NAG,NULL,NULL,EMP,EMP,POS,scenario_obesity_zoe,obesity
35,<Marjorie-Harceleur>,[2:45:30 PM],tant mieu,bully,NAG,NULL,NULL,OTH,EMP,NEU,scenario_obesity_zoe,obesity
36,<Soan-Soutien-Victime>,[2:45:34 PM],"Elles sont juste immature de faire ca,  preuve que c'est des gamines",victim_support,OAG,bully/bully_support,OTH,EMP,DFN,NEG,scenario_obesity_zoe,obesity
37,<Marjorie-Harceleur>,[2:45:49 PM],tg elisa,bully,OAG,NULL,OTH,ATK,NULL,NEG,scenario_obesity_zoe,obesity
38,<Soan-Soutien-Victime>,[2:45:54 PM],zoé tu vaux mieux que sa,victim_support,NAG,NULL,NULL,EMP,EMP,NEU,scenario_obesity_zoe,obesity
39,<Natacha-Soutien-Harceleur>,[2:46:00 PM],c elle qui est venue nous dm donc on lui dit ce quon pense merdeee,bully_support,OAG,victim,OTH,ATK,EMP,NEG,scenario_obesity_zoe,obesity
40,<Zoé-Victime>,[2:46:15 PM],bah normal vous avez envoyé des photos a tout le monde je prends pas des photos de vous dans les vestiaires moi,victim,NAG,NULL,NULL,CNS,ATK,NEU,scenario_obesity_zoe,obesity
41,<Soan-Soutien-Victime>,[2:46:38 PM],elle au moin  elle respect les gens,victim_support,NAG,NULL,NULL,DFN,ATK,NEU,scenario_obesity_zoe,obesity
42,<Lucie-Harceleur>,[2:46:45 PM],ouais maint tkt on te vois pas derrire tes bourllet,bully,OAG,victim,DNG,ATK,CNS,NEG,scenario_obesity_zoe,obesity
43,<Soan-Soutien-Victime>,[2:46:48 PM],Tu as le droit de porter plainte tu sais,victim_support,NAG,NULL,NULL,EMP,CNS,NEU,scenario_obesity_zoe,obesity
44,<Marjorie-Harceleur>,[2:46:52 PM],beh oui elle est venu nous parler elle cherche la merde cette grosse,bully,OAG,victim,OTH,ATK,EMP,NEG,scenario_obesity_zoe,obesity
45,<Soan-Soutien-Victime>,[2:46:54 PM],contrairrement a vous salle conne,victim_support,OAG,bully,NCG,DFN,ATK,NEG,scenario_obesity_zoe,obesity
46,<Axelle-Soutien-Victime>,[2:47:01 PM],vous prenez des photos des gens sans leurs consentement vous êtes riducule,victim_support,OAG,bully,OTH,DFN,ATK,NEG,scenario_obesity_zoe,obesity
47,<Marjorie-Harceleur>,[2:47:02 PM],cava bouboule ?,bully,OAG,victim,DNG,ATK,NULL,NEG,scenario_obesity_zoe,obesity
48,<Natacha-Soutien-Harceleur>,[2:47:06 PM],beh ta qua arreter de faire des photos sexy qui sont pas fait pour toi,bully_support,OAG,victim,DNG,ATK,NULL,NEG,scenario_obesity_zoe,obesity
49,<Soan-Soutien-Victime>,[2:47:08 PM],et toi ta vu ta gueule,victim_support,OAG,bully,OTH,DFN,ATK,NEG,scenario_obesity_zoe,obesity
50,<Lucie-Harceleur>,[2:47:17 PM],:') :') :') :') sexyyyy tout le contraire de zoe,bully,OAG,victim,OTH,AIN,ATK,NEG,scenario_obesity_zoe,obesity
51,<Soan-Soutien-Victime>,[2:47:45 PM],mongolienne,victim_support,OAG,bully,OTH,DFN,ATK,NEG,scenario_obesity_zoe,obesity
52,<Marjorie-Harceleur>,[2:47:47 PM],oui je lau vu ne tkt pas,bully,NAG,NULL,NULL,OTH,DFN,NEU,scenario_obesity_zoe,obesity
53,<Zoé-Victime>,[2:47:55 PM],j'ai des seins vous êtes des grosses jalouse vous avez rien vous,victim,OAG,bully,DNG,DFN,ATK,NEG,scenario_obesity_zoe,obesity
54,<Lucie-Harceleur>,[2:48:16 PM],ah je croyais que s'etait des bourllets,bully,OAG,victim,DNG,ATK,DFN,NEG,scenario_obesity_zoe,obesity
55,<Marjorie-Harceleur>,[2:48:19 PM],je suis 10 fois mieu foutu que elle bouffonne,bully,OAG,victim,DNG,ATK,DFN,NEG,scenario_obesity_zoe,obesity
56,<Soan-Soutien-Victime>,[2:48:20 PM],mais putin merde a la fin laissé la tranquille elle vous a rien fais,victim_support,NAG,NULL,NULL,DFN,AIN,NEG,scenario_obesity_zoe,obesity
57,<Axelle-Soutien-Victime>,[2:48:39 PM],vous avez pas de forme vous bande jalouse,victim_support,OAG,bully/bully_support,OTH,DFN,ATK,NEG,scenario_obesity_zoe,obesity
58,<Zoé-Victime>,[2:48:44 PM],c'est toi le bourlet lucie,victim,OAG,bully,DNG,DFN,ATK,NEG,scenario_obesity_zoe,obesity
59,<Soan-Soutien-Victime>,[2:48:49 PM],elle au moin elle est pas conne comme vous bande de poufiasse,victim_support,OAG,bully/bully_support,NCG,DFN,ATK,NEG,scenario_obesity_zoe,obesity
60,<Natacha-Soutien-Harceleur>,[2:48:50 PM],jte fou un coup avec mes seins tu verras,bully_support,OAG,victim_support,OTH,ATK,DFN,NEG,scenario_obesity_zoe,obesity
61,<Marjorie-Harceleur>,[2:48:50 PM],va retourner manger macdo avec tes 3 menu signature,bully,OAG,victim,OTH,ATK,DFN,NEG,scenario_obesity_zoe,obesity
62,<Lucie-Harceleur>,[2:49:02 PM],ma pauvre moi je casse pas la balance,bully,CAG,victim,OTH,ATK,DFN,NEG,scenario_obesity_zoe,obesity
63,<Marjorie-Harceleur>,[2:49:19 PM],cest pas des forme c de la graisse,bully,OAG,victim,DNG,ATK,DFN,NEG,scenario_obesity_zoe,obesity
64,<Soan-Soutien-Victime>,[2:49:30 PM],Mais en tout cas tu casses autre chose LUcie...,victim_support,CAG,bully,OTH,DFN,ATK,NEG,scenario_obesity_zoe,obesity
65,<Lucie-Harceleur>,[2:49:31 PM],c'est clair,bully,NAG,NULL,NULL,AIN,ATK,NEG,scenario_obesity_zoe,obesity
66,<Natacha-Soutien-Harceleur>,[2:49:33 PM],ayaaaa sa tire a balle reel iciiiii,bully_support,CAG,victim,DNG,AIN,ATK,NEG,scenario_obesity_zoe,obesity
67,<Zoé-Victime>,[2:49:42 PM],je prefere casser la balance,victim,NAG,NULL,NULL,DFN,ATK,NEU,scenario_obesity_zoe,obesity
68,<Soan-Soutien-Victime>,[2:49:44 PM],ferme la marjorie t'es  qu'une poufiasse sans cervelle,victim_support,OAG,bully,OTH,DFN,ATK,NEG,scenario_obesity_zoe,obesity
69,<Axelle-Soutien-Victime>,[2:49:46 PM],bah au moins elle est pas plate comme vous bande de conne,victim_support,OAG,bully/bully_support,OTH,DFN,NULL,NEG,scenario_obesity_zoe,obesity
70,<Lucie-Harceleur>,[2:49:59 PM],ah ben ca elle a que de la graisse en meme temps,bully,OAG,victim,DNG,ATK,DFN,NEG,scenario_obesity_zoe,obesity
71,<Natacha-Soutien-Harceleur>,[2:50:15 PM],ON EST TRES BIEN FORMER,bully_support,NAG,NULL,NULL,OTH,NULL,NEU,scenario_obesity_zoe,obesity
72,<Lucie-Harceleur>,[2:50:25 PM],ca fait des montagne de cellulite,bully,OAG,victim,DNG,ATK,DFN,NEG,scenario_obesity_zoe,obesity
73,<Marjorie-Harceleur>,[2:50:29 PM],toi tu ressemble a un anus perimé,bully,OAG,victim,DNG,ATK,DFN,NEG,scenario_obesity_zoe,obesity
74,<Natacha-Soutien-Harceleur>,[2:50:34 PM],C JUSTE ON EST PAS GROSEE PETASSE,bully_support,CAG,victim,NCG,AIN,ATK,NEG,scenario_obesity_zoe,obesity
75,<Zoé-Victime>,[2:50:39 PM],mon physique est peut etre pas parfait mais au moins je suis pas une connasse comme vous,victim,OAG,bully,NCG,DFN,ATK,NEG,scenario_obesity_zoe,obesity
76,<Soan-Soutien-Victime>,[2:50:50 PM],bien ditt C'est beaucoup plus beau une fille avec des formes et des kilos en trop qu'une personne plate qui ressemble a une planche a pain bande de pute,victim_support,OAG,bully,NCG,EMP,DFN,NEG,scenario_obesity_zoe,obesity
77,<Lucie-Harceleur>,[2:51:09 PM],je suis fiere d'etre une connassse,bully,NAG,NULL,NULL,OTH,DFN,NEG,scenario_obesity_zoe,obesity
78,<Soan-Soutien-Victime>,[2:51:14 PM],totalement raison Zoé,victim_support,NAG,NULL,NULL,EMP,DFN,NEU,scenario_obesity_zoe,obesity
79,<Axelle-Soutien-Victime>,[2:51:16 PM],au moins elle reussira sa vie plutot qu'etre conne comme vous,victim_support,OAG,bully,NCG,DFN,ATK,NEG,scenario_obesity_zoe,obesity
80,<Soan-Soutien-Victime>,[2:51:24 PM],ben  tu fera pas long feu dans ta viie,victim_support,OAG,bully,OTH,DFN,ATK,NEG,scenario_obesity_zoe,obesity
81,<Zoé-Victime>,[2:51:33 PM],ouais elles vont finir à faire la manche avec leur cerveau,victim,OAG,bully/bully_support,DNG,EMP,DFN,NEG,scenario_obesity_zoe,obesity
0,<Marjorie-Harceleur>,[11:35:33]," Salut la grosse,  j'espere que la photo t'as plu",bully,OAG,victim,DNG,AIN,NULL,NEG,scenario_obesity_zoe_bis,obesity
1,<Natacha-Soutien-Harceleur>,[11:36:01],allez vous faure foutre,bully_support,OAG,NULL,DNG,ATK,NULL,NEG,scenario_obesity_zoe_bis,obesity
2,<Zoé-Victime>,[11:36:04]," Tu parles j'ai adoré mdr,  t'es jalouse d emes résultats c'est tout",victim,OAG,bully,OTH,DFN,AIN,NEG,scenario_obesity_zoe_bis,obesity
3,<Marjorie-Harceleur>,[11:36:08],Tu devrais faire un gros régime Zoé Si tu veux je t'aide :),bully,CAG,victim,DNG,ATK,DFN,NEG,scenario_obesity_zoe_bis,obesity
4,<Michel-Soutien-Victime>,[11:36:25],salut majorie la jalouse tu vas bien,victim_support,OAG,bully,OTH,DFN,ATK,NEG,scenario_obesity_zoe_bis,obesity
5,<Julien-Conciliateur>,[11:36:28],Marjorie ce n'est pas gentil de faire ca,conciliator,NAG,NULL,NULL,CNS,ATK,NEG,scenario_obesity_zoe_bis,obesity
6,<Natacha-Soutien-Harceleur>,[11:36:29],ohh lala vous etes mechante,bully_support,NAG,NULL,NULL,AIN,ATK,NEG,scenario_obesity_zoe_bis,obesity
7,<Zoé-Victime>,[11:36:31],laissez-moi tranquille je vous ai rien demandé,victim,NAG,NULL,NULL,DFN,ATK,NEG,scenario_obesity_zoe_bis,obesity
8,<Marjorie-Harceleur>,[11:36:33],oui moi jalouse mdr jalouse de toi en plus,bully,OAG,victim_support,OTH,ATK,DFN,NEG,scenario_obesity_zoe_bis,obesity
9,<Lucie-Harceleur>,[11:36:47],on vas faire du sport et evite de tous faire sortir,bully,NAG,NULL,NULL,AIN,ATK,NEG,scenario_obesity_zoe_bis,obesity
10,<Soan-Soutien-Victime>,[11:36:55],zoé fait pas attention à ceux quelle dit,victim_support,NAG,NULL,NULL,EMP,DFN,NEU,scenario_obesity_zoe_bis,obesity
11,<Marjorie-Harceleur>,[11:36:58],fermez vos gueules un peu,bully,OAG,victim,OTH,ATK,DFN,NEG,scenario_obesity_zoe_bis,obesity
12,<Michel-Soutien-Victime>,[11:36:59],evidemment que tu est jalouse de zoé et moi nous somme plus fortes que toi,victim_support,OAG,bully,OTH,DFN,ATK,NEG,scenario_obesity_zoe_bis,obesity
13,<Natacha-Soutien-Harceleur>,[11:37:14],allez diminue vos grossse bite cest mieux,bully_support,OAG,victim,DNG,ATK,DFN,NEG,scenario_obesity_zoe_bis,obesity
14,<Julien-Conciliateur>,[11:37:42],vous etes pas dans sa situation vous savez pas ce qu'elle vie,conciliator,NAG,NULL,NULL,CNS,ATK,NEU,scenario_obesity_zoe_bis,obesity
15,<Michel-Soutien-Victime>,[11:37:43],tu n'a pas le droit de dire ce que les autre doivent faire,victim_support,OAG,bully,OTH,DFN,ATK,NEG,scenario_obesity_zoe_bis,obesity
16,<Lucie-Harceleur>,[11:37:49],sale boufonne parle mieux,bully,OAG,victim_support,NCG,ATK,DFN,NEG,scenario_obesity_zoe_bis,obesity
17,<Marjorie-Harceleur>,[11:37:53],michel tg,bully,OAG,victim_support,OTH,ATK,DFN,NEG,scenario_obesity_zoe_bis,obesity
18,<Michel-Soutien-Victime>,[11:37:58],tous a fait d'accord avec julien,victim_support,NAG,NULL,NULL,EMP,CNS,NEU,scenario_obesity_zoe_bis,obesity
19,<Zoé-Victime>,[11:38:00],c'est toi qui insultes là calme-toi un peu,victim,NAG,NULL,NULL,CNS,ATK,NEU,scenario_obesity_zoe_bis,obesity
20,<Michel-Soutien-Victime>,[11:38:19],ta geul toi meme majorie la *****,victim_support,OAG,bully,NCG,DFN,ATK,NEG,scenario_obesity_zoe_bis,obesity
21,<Natacha-Soutien-Harceleur>,[11:38:25],je ne vais pas me calme vous etes des viperes,bully_support,OAG,victim/victim_support/conciliator,NCG,ATK,NULL,NEG,scenario_obesity_zoe_bis,obesity
22,<Marjorie-Harceleur>,[11:38:26],lucie on va leur montrez comment perdre du poids ca va etre marrant,bully,CAG,victim,OTH,AIN,ATK,NEG,scenario_obesity_zoe_bis,obesity
23,<Lucie-Harceleur>,[11:38:43],perdre du poid quelle ironie,bully,OAG,victim,DNG,ATK,AIN,NEG,scenario_obesity_zoe_bis,obesity
24,<Natacha-Soutien-Harceleur>,[11:38:46],haha cest pas drole du touyt,bully_support,NAG,NULL,NULL,AIN,AIN,NEG,scenario_obesity_zoe_bis,obesity
25,<Michel-Soutien-Victime>,[11:38:52],hahaha ce qui est marrant c'est de te voir nous envier,victim_support,OAG,bully,OTH,DFN,ATK,NEG,scenario_obesity_zoe_bis,obesity
26,<Lucie-Harceleur>,[11:38:57],a peine marcher elle a du mal,bully,OAG,victim,DNG,ATK,AIN,NEG,scenario_obesity_zoe_bis,obesity
27,<Zoé-Victime>,[11:39:07],mais allez vous faire voir et commencer par essayer d'avoir de meilleures notes que moi et on verra après pour parler,victim,OAG,bully,OTH,DFN,ATK,NEG,scenario_obesity_zoe_bis,obesity
28,<Lucie-Harceleur>,[11:39:13],il lui faut cess deux béquilles natasha et pauline,bully,OAG,victim,DNG,ATK,AIN,NEG,scenario_obesity_zoe_bis,obesity
29,<Marjorie-Harceleur>,[11:39:20],Zoé t'es qu'une merde et  tu resteras toujours une merde une grosse une boulette,bully,OAG,victim,OTH,ATK,DFN,NEG,scenario_obesity_zoe_bis,obesity
30,<Zoé-Victime>,[11:39:32],et toi il te faut tes potes pour avoir de bonnes notes aux controles ????,victim,OAG,bully,DNG,DFN,ATK,NEG,scenario_obesity_zoe_bis,obesity
31,<Michel-Soutien-Victime>,[11:39:33],peut etre physiquement elle ne vous plaie pas mais moralement vous voulez tous etre comme elles,victim_support,NAG,NULL,NULL,CR,NULL,NEU,scenario_obesity_zoe_bis,obesity
32,<Soan-Soutien-Victime>,[11:39:35],ça t'apporte quoi de l'insulter tu mexplique parce que je voit juste deux bouffons parler d'une situation qui les concerne pas,victim_support,OAG,bully/bully_support,NCG,DFN,NULL,NEG,scenario_obesity_zoe_bis,obesity
33,<Lucie-Harceleur>,[11:39:37],un petit porc,bully,OAG,victim,NCG,ATK,DFN,NEG,scenario_obesity_zoe_bis,obesity
34,<Marjorie-Harceleur>,[11:39:49],un petit porc mdrrr bien trouver les deux bouffones elles t'emmerdent,bully,OAG,victim_support,OTH,ATK,DFN,NEG,scenario_obesity_zoe_bis,obesity
35,<Julien-Conciliateur>,[11:40:07],les filles soyer  gentille avec elle j'ai etait dasn sa situation est c'est vraiment pas facile,conciliator,NAG,NULL,NULL,CR,NULL,NEU,scenario_obesity_zoe_bis,obesity
36,<Marjorie-Harceleur>,[11:40:12],On parle juste de ce qu'on voit,bully,NAG,NULL,NULL,OTH,DFN,NEG,scenario_obesity_zoe_bis,obesity
37,<Zoé-Victime>,[11:40:16],Les ptites connes on va se calmer parce qu'à part m'insulter sur mon physique vous savez rien faire,victim,OAG,bully/bully_support,OTH,DFN,NULL,NEG,scenario_obesity_zoe_bis,obesity
38,<Marjorie-Harceleur>,[11:40:16],on donne notre avis,bully,NAG,NULL,NULL,OTH,DFN,NEG,scenario_obesity_zoe_bis,obesity
39,<Lucie-Harceleur>,[11:40:19],mentalement elle est pas mieux tricher et sucer les profs pour avoir des bonnes notes,bully,OAG,victim,DNG,ATK,CR,NEG,scenario_obesity_zoe_bis,obesity
40,<Michel-Soutien-Victime>,[11:40:29],je ne comprend pas pourquoi sa vous préocuppe autant sopn physique,victim_support,NAG,NULL,NULL,DFN,ATK,NEG,scenario_obesity_zoe_bis,obesity
41,<Natacha-Soutien-Harceleur>,[11:40:34],mdrrr les salles de sport sont fermer mais faire un tpur de la ville je croi que cest mieux,bully_support,NAG,NULL,NULL,AIN,ATK,NEG,scenario_obesity_zoe_bis,obesity
42,<Michel-Soutien-Victime>,[11:40:38],en quoi sa vous dérange,victim_support,NAG,NULL,NULL,DFN,ATK,NEG,scenario_obesity_zoe_bis,obesity
43,<Julien-Conciliateur>,[11:40:44],je suis d'acord avec michel,conciliator,NAG,NULL,NULL,EMP,DFN,NEU,scenario_obesity_zoe_bis,obesity
44,<Marjorie-Harceleur>,[11:40:48],ah sayer zoé tu as tes potes pour te defendrent tu te sens fraiche et t'ouvres ta gueule,bully,OAG,victim,OTH,ATK,DFN,NEG,scenario_obesity_zoe_bis,obesity
45,<Natacha-Soutien-Harceleur>,[11:41:00],ohhh lala tes mechanty lucie,bully_support,NAG,NULL,NULL,AIN,ATK,NEG,scenario_obesity_zoe_bis,obesity
46,<Zoé-Victime>,[11:41:07],et toi askip t'as besoin du soutien de ta pote pour m'insulter,victim,OAG,bully,OTH,DFN,ATK,NEG,scenario_obesity_zoe_bis,obesity
47,<Michel-Soutien-Victime>,[11:41:19],bien dit zoé,victim_support,NAG,NULL,NULL,EMP,DFN,NEU,scenario_obesity_zoe_bis,obesity
48,<Zoé-Victime>,[11:41:21],laisse-moi vivre ou je t'écrase,victim,OAG,bully,OTH,DFN,ATK,NEG,scenario_obesity_zoe_bis,obesity
49,<Natacha-Soutien-Harceleur>,[11:41:32],XD XD,bully_support,NAG,NULL,NULL,AIN,ATK,NEG,scenario_obesity_zoe_bis,obesity
50,<Marjorie-Harceleur>,[11:41:35],vous êtes des merdes à la défendre tous,bully,OAG,victim/victim_support/conciliator,NCG,ATK,NULL,NEG,scenario_obesity_zoe_bis,obesity
51,<Michel-Soutien-Victime>,[11:41:37],je te soutien a fooonnnnnnd zoé,victim_support,NAG,NULL,NULL,EMP,DFN,NEU,scenario_obesity_zoe_bis,obesity
52,<Marjorie-Harceleur>,[11:41:40],AHHHHH JPP,bully,OAG,victim/victim_support/conciliator,NCG,ATK,NULL,NEG,scenario_obesity_zoe_bis,obesity
53,<Michel-Soutien-Victime>,[11:41:44],elles ne valent pas bien que toi,victim_support,NAG,NULL,NULL,EMP,DFN,NEU,scenario_obesity_zoe_bis,obesity
54,<Lucie-Harceleur>,[11:42:02],c sur que ecraser des personnes ca doit etre facile pour toi vue que yu pese 1 tonne,bully,OAG,victim,DNG,ATK,DFN,NEG,scenario_obesity_zoe_bis,obesity
55,<Julien-Conciliateur>,[11:42:04],moin aussi je la soutien de ouf,conciliator,NAG,NULL,NULL,EMP,DFN,NEU,scenario_obesity_zoe_bis,obesity
56,<Natacha-Soutien-Harceleur>,[11:42:10],on dit que la verite elle na qua faire du sport,bully_support,CAG,victim,DNG,ATK,EMP,NEG,scenario_obesity_zoe_bis,obesity
57,<Michel-Soutien-Victime>,[11:42:14],nous au moins on est du coté des gentilles et non des mechant marjorie,victim_support,OAG,bully/bully_support,OTH,DFN,NULL,NEG,scenario_obesity_zoe_bis,obesity
58,<Marjorie-Harceleur>,[11:42:15],ta raison Lucie,bully,NAG,NULL,NULL,AIN,ATK,NEG,scenario_obesity_zoe_bis,obesity
59,<Soan-Soutien-Victime>,[11:42:18],comme tout le monde donne son avis je me permet je pense que vous êtes juste complexé par vos propres physique et vous vous sentez tellement dans votre peaux que vous êtes obliger de dénigré les autre,victim_support,NAG,NULL,NULL,CNS,ATK,NEG,scenario_obesity_zoe_bis,obesity
60,<Natacha-Soutien-Harceleur>,[11:42:32],meme dans les bus on narrive pas a respire a cause d’elle,bully_support,OAG,victim,DNG,ATK,DFN,NEG,scenario_obesity_zoe_bis,obesity
61,<Marjorie-Harceleur>,[11:42:44],je me sens tres bien dans ma peau je te rassure,bully,NAG,NULL,NULL,OTH,DFN,NEG,scenario_obesity_zoe_bis,obesity
62,<Julien-Conciliateur>,[11:42:48],je suis completeemnt d'acord c'es juste des gros jaloux,conciliator,OAG,bully/bully_support,OTH,EMP,NULL,NEG,scenario_obesity_zoe_bis,obesity
63,<Lucie-Harceleur>,[11:42:53],moi aussi tkt pas on ne fait que dire ce qu'on voit,bully,CAG,victim,DNG,ATK,CNS,NEG,scenario_obesity_zoe_bis,obesity
64,<Natacha-Soutien-Harceleur>,[11:43:16],non ne serai jamais jaloux d’elle elle est grosse,bully_support,OAG,victim,DNG,ATK,EMP,NEG,scenario_obesity_zoe_bis,obesity
65,<Lucie-Harceleur>,[11:43:18],c'est à dire une buche qui roule sur le sol,bully,CAG,victim,DNG,ATK,CNS,NEG,scenario_obesity_zoe_bis,obesity
66,<Marjorie-Harceleur>,[11:43:21],on dénigrent personne on donne juste notre AVIS,bully,NAG,NULL,NULL,OTH,CNS,NEG,scenario_obesity_zoe_bis,obesity
67,<Michel-Soutien-Victime>,[11:43:22],bh si vous vous senté bien dasn vos peu comme vous le dites si bien arreter d'embeter les autre bh ton avis maorie tu te le met la ou je pense,victim_support,OAG,bully/bully_support,OTH,DFN,NULL,NEG,scenario_obesity_zoe_bis,obesity
68,<Marjorie-Harceleur>,[11:43:40],allez casse vous un peu,bully,OAG,victim_support,OTH,ATK,DFN,NEG,scenario_obesity_zoe_bis,obesity
69,<Natacha-Soutien-Harceleur>,[11:43:48],non on arrete pas:') :') :') :') il est grosse,bully_support,OAG,victim,DNG,ATK,DFN,NEG,scenario_obesity_zoe_bis,obesity
70,<Zoé-Victime>,[11:43:57]," laissez-nous tranquille avec nos problèmes de poids, on est au courant merci !",victim,OAG,bully,DNG,DFN,ATK,NEG,scenario_obesity_zoe_bis,obesity
71,<Marjorie-Harceleur>,[11:44:04],ça c'est sur on arretera pas,bully,NAG,NULL,NULL,AIN,ATK,NEG,scenario_obesity_zoe_bis,obesity
72,<Zoé-Victime>,[11:44:05],on a pas besoin de vous pour savoir qu'on a un problème parce que t'as rien d'autre à faire d eta vie j'imgaine,victim,OAG,bully,DNG,DFN,ATK,NEG,scenario_obesity_zoe_bis,obesity
73,<Michel-Soutien-Victime>,[11:44:37],il est grosse c'est pas francais commence par aller revoir tes cours ensuite vient critiqué les autre,victim_support,CAG,bully,DNG,DFN,ATK,NEG,scenario_obesity_zoe_bis,obesity
74,<Zoé-Victime>,[11:44:40]," tu ferais mieux de réviser tes cours au lieu de passer ton temps à me harceler, tu perds ton temps grave",victim,OAG,bully,OTH,DFN,AIN,NEG,scenario_obesity_zoe_bis,obesity
75,<Marjorie-Harceleur>,[11:44:56],ah si t'inquiete pas j'ai pleins de choses à faire dans ma vie ferme la michel,bully,OAG,victim_support,OTH,ATK,DFN,NEG,scenario_obesity_zoe_bis,obesity
76,<Zoé-Victime>,[11:45:07],harceler qqun t'apportera pas de métier je te rappelle,victim,NAG,NULL,NULL,CNS,ATK,NEG,scenario_obesity_zoe_bis,obesity
77,<Julien-Conciliateur>,[11:45:09],bh on dirai pas,conciliator,CAG,bully,OTH,DFN,ATK,NEG,scenario_obesity_zoe_bis,obesity
78,<Michel-Soutien-Victime>,[11:45:09],on dirait pas trop...,victim_support,CAG,bully,OTH,DFN,ATK,NEG,scenario_obesity_zoe_bis,obesity
79,<Natacha-Soutien-Harceleur>,[11:45:19],non avec toi on perd jamais notre temps sale boufon,bully_support,OAG,victim,OTH,ATK,DFN,NEG,scenario_obesity_zoe_bis,obesity
80,<Michel-Soutien-Victime>,[11:45:38],mais c'est toi la bouffone nn mais je reve,victim_support,OAG,bully_support,NCG,DFN,ATK,NEG,scenario_obesity_zoe_bis,obesity
81,<Zoé-Victime>,[11:45:38]," ouais à part envoyer des photos des gens et te moquer d'eux je vois pas,  tu dois vraiment avoir une vie à chier pour passer ton temps ici et continuer de m'emmerder",victim,OAG,bully,DNG,DFN,ATK,NEG,scenario_obesity_zoe_bis,obesity
82,<Marjorie-Harceleur>,[11:45:40],mdrrr c'est sur,bully,NAG,NULL,NULL,AIN,ATK,NEG,scenario_obesity_zoe_bis,obesity
83,<Lucie-Harceleur>,[11:45:48],critiquer le petit porc n'est pas a temps plein,bully,OAG,victim,OTH,ATK,DFN,NEG,scenario_obesity_zoe_bis,obesity
84,<Natacha-Soutien-Harceleur>,[11:45:57],deja on gagne des sous en tarchelant mdrrr tes grose avoue,bully_support,OAG,victim,OTH,ATK,DFN,NEG,scenario_obesity_zoe_bis,obesity
85,<Lucie-Harceleur>,[11:46:01],je peux la denigrer un petit peu puis faire ma vie,bully,OAG,victim,OTH,ATK,DFN,NEG,scenario_obesity_zoe_bis,obesity
86,<Soan-Soutien-Victime>,[11:46:03]," je me permet de vous posez une question, vous imaginez plus tard en train de dire a vos enfants que vous avez harcelé un personne à cause de son surpoids qu'est ce qui vous dit que vos enfants seront pas forcément dans vos critères de beauté donc vous devriez arrêt& de faire ça et consulter pour votre manque de confiance e vous",victim_support,NAG,NULL,NULL,DFN,ATK,NEG,scenario_obesity_zoe_bis,obesity
87,<Zoé-Victime>,[11:46:04],apparemment si puisque tu restes ici,victim,NAG,NULL,NULL,DFN,ATK,NEG,scenario_obesity_zoe_bis,obesity
88,<Lucie-Harceleur>,[11:46:06],donc ftg stp,bully,OAG,victim,OTH,ATK,DFN,NEG,scenario_obesity_zoe_bis,obesity
89,<Zoé-Victime>,[11:46:24],ecoute ce que soan dis et reviens après stp,victim,NAG,NULL,NULL,OTH,ATK,NEG,scenario_obesity_zoe_bis,obesity
90,<Marjorie-Harceleur>,[11:46:34],ferme ta gueule soan avec tes questions philosophiques à la con,bully,OAG,victim_support,OTH,ATK,DFN,NEG,scenario_obesity_zoe_bis,obesity
91,<Zoé-Victime>,[11:46:49]," ouah bravo la répartie,  tu t'améliores de jours en jours",victim,CAG,bully,OTH,DFN,ATK,NEG,scenario_obesity_zoe_bis,obesity
92,<Natacha-Soutien-Harceleur>,[11:46:51],on a pas besoin de soan pour arreter,bully_support,CAG,victim_support,OTH,ATK,OTH,NEG,scenario_obesity_zoe_bis,obesity
93,<Marjorie-Harceleur>,[11:46:57],on s'en fou royalement de votre vie,bully,OAG,victim,OTH,ATK,OTH,NEG,scenario_obesity_zoe_bis,obesity
94,<Lucie-Harceleur>,[11:47:05],ce que mon gosse sera ne te regarde pas qu'es ce que tu perles av ns la bouge de la,bully,OAG,victim_support,OTH,ATK,DFN,NEG,scenario_obesity_zoe_bis,obesity
95,<Marjorie-Harceleur>,[11:47:11],on veut juste défoncer elle de zoé celle de zoé,bully,OAG,victim,THR,ATK,NULL,NEG,scenario_obesity_zoe_bis,obesity
96,<Lucie-Harceleur>,[11:47:22],zoe = porc,bully,OAG,victim,NCG,ATK,DFN,NEG,scenario_obesity_zoe_bis,obesity
97,<Marjorie-Harceleur>,[11:47:27],AHAHAH,bully,NAG,NULL,NULL,AIN,ATK,NEG,scenario_obesity_zoe_bis,obesity
98,<Lucie-Harceleur>,[11:47:30],on n'y peut rien c comme ca,bully,CAG,victim,OTH,ATK,DFN,NEG,scenario_obesity_zoe_bis,obesity
99,<Michel-Soutien-Victime>,[11:47:31],non effectivement vous avez pas besoin de soan pour vous arreter il vous faut quelque choses de plus fors tels un psy,victim_support,CAG,bully,DNG,DFN,ATK,NEG,scenario_obesity_zoe_bis,obesity
100,<Zoé-Victime>,[11:47:34],zoé t'emmerde,victim,NAG,NULL,NULL,OTH,ATK,NEG,scenario_obesity_zoe_bis,obesity
101,<Natacha-Soutien-Harceleur>,[11:47:36],elle est groose on le dit ya rien de mechant,bully_support,OAG,victim,DNG,ATK,DFN,NEG,scenario_obesity_zoe_bis,obesity
102,<Zoé-Victime>,[11:47:49],ouais et je le sais alors fou moi la paix,victim,NAG,NULL,NULL,DFN,ATK,NEU,scenario_obesity_zoe_bis,obesity
103,<Marjorie-Harceleur>,[11:47:49],bah oui on est sincere nous,bully,CAG,victim,DNG,ATK,DFN,NEG,scenario_obesity_zoe_bis,obesity
104,<Natacha-Soutien-Harceleur>,[11:47:49],elle na qua fait une regime,bully_support,CAG,victim,DNG,ATK,DFN,NEG,scenario_obesity_zoe_bis,obesity
105,<Marjorie-Harceleur>,[11:48:04],on est c'est aamis nous on dit la vérité,bully,CAG,victim,DNG,ATK,DFN,NEG,scenario_obesity_zoe_bis,obesity
106,<Lucie-Harceleur>,[11:48:10]," on fait pas les focus nous, hein michel",bully,NAG,NULL,NULL,OTH,DFN,NEG,scenario_obesity_zoe_bis,obesity
107,<Marjorie-Harceleur>,[11:48:17],ZOE EST GROSSE,bully,OAG,victim,DNG,ATK,DFN,NEG,scenario_obesity_zoe_bis,obesity
108,<Julien-Conciliateur>,[11:48:17],la roue tourne vous finirez par êtres ta situation et tous le monde se foutra de votre gueule a force d'avoir autant de méchanceté,conciliator,OAG,bully,OTH,DFN,ATK,NEG,scenario_obesity_zoe_bis,obesity
109,<Michel-Soutien-Victime>,[11:48:18],si zoé = port bh lucie = chienne,victim_support,OAG,bully,NCG,DFN,ATK,NEG,scenario_obesity_zoe_bis,obesity
110,<Soan-Soutien-Victime>,[11:48:19],je préfère avoir une philosophie a la con plutôt qu'être une bouffonne sans cervelle qui réfléchie meme pas au conséquence de ces paroles,victim_support,OAG,bully,OTH,DFN,ATK,NEG,scenario_obesity_zoe_bis,obesity
111,<Lucie-Harceleur>,[11:48:26],michel que il est derriere son cula zoe donc ftg,bully,OAG,victim,OTH,ATK,DFN,NEG,scenario_obesity_zoe_bis,obesity
112,<Natacha-Soutien-Harceleur>,[11:48:35],oui on ne casse rien on lui dit la verite elle est grosse,bully_support,OAG,victim,DNG,ATK,DFN,NEG,scenario_obesity_zoe_bis,obesity
113,<Marjorie-Harceleur>,[11:48:37],c'est ta mere la chienne michel,bully,OAG,victim_support,DNG,ATK,DFN,NEG,scenario_obesity_zoe_bis,obesity
114,<Natacha-Soutien-Harceleur>,[11:48:58],:') :') :') :') :') un tour de la ville sa tirais pour que tu maigris,bully_support,OAG,victim,DNG,ATK,DFN,NEG,scenario_obesity_zoe_bis,obesity
115,<Michel-Soutien-Victime>,[11:49:06],bh elle a suivi ton pere majorie c'est tout,victim_support,CAG,bully,DNG,DFN,ATK,NEG,scenario_obesity_zoe_bis,obesity
116,<Lucie-Harceleur>,[11:49:10],michel tu vas finir plus bas que terre toiausssi,bully,OAG,victim_support,OTH,ATK,DFN,NEG,scenario_obesity_zoe_bis,obesity
117,<Marjorie-Harceleur>,[11:49:26],on va vous détruire,bully,OAG,victim_support,THR,ATK,DFN,NEG,scenario_obesity_zoe_bis,obesity
118,<Lucie-Harceleur>,[11:49:27],av ton petit pors en guise d'animal de compagnie,bully,OAG,victim_support,OTH,ATK,DFN,NEG,scenario_obesity_zoe_bis,obesity
119,<Zoé-Victime>,[11:49:28],apprends à parler déjà grosse conne,victim,OAG,bully,OTH,DFN,ATK,NEG,scenario_obesity_zoe_bis,obesity
120,<Marjorie-Harceleur>,[11:49:30],détruire vos vies,bully,OAG,victim/victim_support,OTH,ATK,NULL,NEG,scenario_obesity_zoe_bis,obesity
121,<Michel-Soutien-Victime>,[11:49:43],eh vous vouler nous detruire avec quoi vous avez cru etre flic ou quoi,victim_support,OAG,bully,OTH,DFN,ATK,NEG,scenario_obesity_zoe_bis,obesity
122,<Natacha-Soutien-Harceleur>,[11:50:01],ohhh lala sa chauffe,bully_support,CAG,victim,OTH,ATK,DFN,NEG,scenario_obesity_zoe_bis,obesity
123,<Marjorie-Harceleur>,[11:50:08],zoé si elle a un animal de compagnie elle écrase sayer ya plus d'animal,bully,OAG,victim,DNG,ATK,DFN,NEG,scenario_obesity_zoe_bis,obesity
124,<Michel-Soutien-Victime>,[11:50:15],toi ferme là garde t'es propo pr topi,victim_support,OAG,bully,DNG,DFN,ATK,NEG,scenario_obesity_zoe_bis,obesity
125,<Marjorie-Harceleur>,[11:50:15],on l'enterre,bully,OAG,victim,DNG,ATK,DFN,NEG,scenario_obesity_zoe_bis,obesity
126,<Zoé-Victime>,[11:50:19],tu vas faire quoi ? essayer de me pousser avec tes mini muscles ? essaie et je te roule dessus,victim,OAG,bully,OTH,DFN,ATK,NEG,scenario_obesity_zoe_bis,obesity
127,<Lucie-Harceleur>,[11:50:24],c pour ca qu'elle est seule,bully,CAG,victim,OTH,ATK,DFN,NEG,scenario_obesity_zoe_bis,obesity
128,<Michel-Soutien-Victime>,[11:50:41],bien dit zoé rouller aplati le,victim_support,NAG,NULL,NULL,EMP,DFN,NEG,scenario_obesity_zoe_bis,obesity
129,<Julien-Conciliateur>,[11:50:43],les gars vous perdez votre temps a vous insulter comme ca vous  vous faite du mal les un avec les autres faite la paix ou vous calculer plus,conciliator,NAG,NULL,NULL,CR,NULL,NEU,scenario_obesity_zoe_bis,obesity
130,<Lucie-Harceleur>,[11:50:46],oh ptn elle vas me rouler dessus je vais câner,bully,OAG,victim,NCG,ATK,DFN,NEG,scenario_obesity_zoe_bis,obesity
131,<Soan-Soutien-Victime>,[11:50:55],bien dit zoé faut savoir mettre en avant ses atouts,victim_support,NAG,NULL,NULL,EMP,DFN,NEG,scenario_obesity_zoe_bis,obesity
132,<Zoé-Victime>,[11:51:01],ouais bah cours si tu veux pas que ça t'arrive,victim,OAG,bully,THR,DFN,ATK,NEG,scenario_obesity_zoe_bis,obesity
133,<Marjorie-Harceleur>,[11:51:04],Tu vois je me pose une question Zoé comment tu fais pour t'acceepter accepter d'être aussi grosse,bully,OAG,victim,DNG,ATK,DFN,NEG,scenario_obesity_zoe_bis,obesity
134,<Lucie-Harceleur>,[11:51:18],olala j'ai peur,bully,CAG,victim,OTH,ATK,DFN,NEG,scenario_obesity_zoe_bis,obesity
135,<Zoé-Victime>,[11:51:21],j'écoute pas ce que les connasses comme toi me disent c'est tout,victim,OAG,bully,NCG,DFN,ATK,NEG,scenario_obesity_zoe_bis,obesity
136,<Michel-Soutien-Victime>,[11:51:27],bh elle est juste mature et elle s'aime tels qu'elle est,victim_support,NAG,NULL,NULL,CNS,ATK,NEU,scenario_obesity_zoe_bis,obesity
137,<Soan-Soutien-Victime>,[11:51:27],elle a confiance en elle pas comme toi,victim_support,OAG,bully,DNG,DFN,ATK,NEG,scenario_obesity_zoe_bis,obesity
138,<Marjorie-Harceleur>,[11:51:33],ahhh sayer zoe ouvre sa gueuele ahahah,bully,OAG,victim,OTH,ATK,DFN,NEG,scenario_obesity_zoe_bis,obesity
139,<Lucie-Harceleur>,[11:51:35],mais c une réelle questions,bully,NAG,NULL,NULL,AIN,ATK,NEG,scenario_obesity_zoe_bis,obesity
140,<Zoé-Victime>,[11:51:37],et je préfère avoir des formes qu'être plate comme une planche à pain point,victim,OAG,bully,OTH,DFN,ATK,NEG,scenario_obesity_zoe_bis,obesity
141,<Lucie-Harceleur>,[11:51:42],je ne comprends pas aussi,bully,NAG,NULL,NULL,AIN,ATK,NEG,scenario_obesity_zoe_bis,obesity
142,<Marjorie-Harceleur>,[11:51:52],ah t'inquiete pas j'ai confiance en mi moi,bully,OAG,victim_support,OTH,ATK,DFN,NEG,scenario_obesity_zoe_bis,obesity
143,<Zoé-Victime>,[11:51:59],tant mieux pour toi moi aussi,victim,CAG,bully,OTH,DFN,AIN,NEG,scenario_obesity_zoe_bis,obesity
144,<Michel-Soutien-Victime>,[11:52:09],non sinon tu ne serais pas entrain de t'acharner sur les autres,victim_support,NAG,NULL,NULL,CNS,ATK,NEG,scenario_obesity_zoe_bis,obesity
145,<Lucie-Harceleur>,[11:52:09],on est ravi zoe,bully,NAG,NULL,NULL,OTH,DFN,NEG,scenario_obesity_zoe_bis,obesity
146,<Natacha-Soutien-Harceleur>,[11:52:09],non les formes plste cest mieux que detre gropsse,bully_support,CAG,victim,DNG,ATK,DFN,NEG,scenario_obesity_zoe_bis,obesity
147,<Soan-Soutien-Victime>,[11:52:09],on est content pour toi mais juste ferme la,victim_support,OAG,bully,OTH,DFN,ATK,NEG,scenario_obesity_zoe_bis,obesity
148,<Zoé-Victime>,[11:52:16],alors maintenant dégage et va réviser tes cours pétasse,victim,OAG,bully,NCG,DFN,ATK,NEG,scenario_obesity_zoe_bis,obesity
149,<Michel-Soutien-Victime>,[11:52:31],bien dit zoé,victim_support,NAG,NULL,NULL,EMP,DFN,NEG,scenario_obesity_zoe_bis,obesity
150,<Marjorie-Harceleur>,[11:52:33],mdrr tqt pas moi je peux faire du sport prendre la ou il faut toi meme en faisant du sport pendant 5ans t'arriverais pas,bully,OAG,victim,DNG,ATK,DFN,NEG,scenario_obesity_zoe_bis,obesity
151,<Zoé-Victime>,[11:52:38],je te signale que TU as commencé alors range-toi,victim,OAG,bully,OTH,DFN,ATK,NEG,scenario_obesity_zoe_bis,obesity
152,<Marjorie-Harceleur>,[11:52:44],a perdre 3kilos,bully,OAG,victim,DNG,ATK,DFN,NEG,scenario_obesity_zoe_bis,obesity
153,<Natacha-Soutien-Harceleur>,[11:52:44],:') :') :') :') faut mieux que tu maigrix,bully_support,CAG,victim,DNG,ATK,DFN,NEG,scenario_obesity_zoe_bis,obesity
154,<Lucie-Harceleur>,[11:52:45],il faut que tu t'entraine a sucer les profs pour rammener les bonnes notes,bully,OAG,victim,DNG,ATK,DFN,NEG,scenario_obesity_zoe_bis,obesity
155,<Zoé-Victime>,[11:53:05],et alors ? au moins j'ai de bonnes notes moi,victim,NAG,NULL,NULL,CNS,ATK,NEG,scenario_obesity_zoe_bis,obesity
156,<Michel-Soutien-Victime>,[11:53:06],c'est quoi qui est drole natacha,victim_support,NAG,NULL,NULL,DFN,ATK,NEG,scenario_obesity_zoe_bis,obesity
157,<Marjorie-Harceleur>,[11:53:09],elle le fait deja ça sucer les profs,bully,OAG,victim,DNG,AIN,ATK,NEG,scenario_obesity_zoe_bis,obesity
158,<Zoé-Victime>,[11:53:19],(natacha t'es supposée me soutenir),victim,NAG,NULL,NULL,OTH,ATK,NEU,scenario_obesity_zoe_bis,obesity
159,<Marjorie-Harceleur>,[11:53:20],passer sous le bureeau,bully,OAG,victim,DNG,AIN,ATK,NEG,scenario_obesity_zoe_bis,obesity
160,<Natacha-Soutien-Harceleur>,[11:53:40],biensur cest drole ta pas vu son taille,bully_support,CAG,victim,DNG,ATK,DFN,NEG,scenario_obesity_zoe_bis,obesity
161,<Lucie-Harceleur>,[11:53:45],bah mais elle faut qu'elle s'entraine,bully,CAG,victim,OTH,AIN,ATK,NEG,scenario_obesity_zoe_bis,obesity
162,<Marjorie-Harceleur>,[11:54:00],mdrr natacha elle me soutient,bully,OAG,victim,OTH,ATK,OTH,NEG,scenario_obesity_zoe_bis,obesity
163,<Lucie-Harceleur>,[11:54:02],sinon c'est ces notes qui vont maigrir,bully,CAG,victim,OTH,AIN,ATK,NEG,scenario_obesity_zoe_bis,obesity
164,<Michel-Soutien-Victime>,[11:54:06],bh lucie vue que tu est pros dans le domene montre lui comment faire,victim_support,CAG,bully,DNG,DFN,ATK,NEG,scenario_obesity_zoe_bis,obesity
165,<Marjorie-Harceleur>,[11:54:07],ahhhh de fou,bully,OAG,victim,OTH,ATK,OTH,NEG,scenario_obesity_zoe_bis,obesity
166,<Lucie-Harceleur>,[11:54:09],elle toujours pas evidemment,bully,CAG,victim,OTH,AIN,ATK,NEG,scenario_obesity_zoe_bis,obesity
167,<Natacha-Soutien-Harceleur>,[11:54:11],non je soutien harceleur,bully_support,OAG,victim,OTH,ATK,OTH,NEG,scenario_obesity_zoe_bis,obesity
168,<Marjorie-Harceleur>,[11:54:20],elle a appris grace a ta mere,bully,CAG,victim_support,OTH,ATK,DFN,NEG,scenario_obesity_zoe_bis,obesity
169,<Julien-Conciliateur>,[11:54:32],et tu en est fier ?,conciliator,NAG,NULL,NULL,DFN,ATK,NEG,scenario_obesity_zoe_bis,obesity
170,<Michel-Soutien-Victime>,[11:54:43],bh me mere tien sa de ton pere,victim_support,OAG,bully,DNG,DFN,ATK,NEG,scenario_obesity_zoe_bis,obesity
171,<Lucie-Harceleur>,[11:54:44],oui la mere de michel est tres experimentee,bully,CAG,victim_support,DNG,ATK,DFN,NEG,scenario_obesity_zoe_bis,obesity
172,<Michel-Soutien-Victime>,[11:54:54],tels ton pere,victim_support,CAG,bully,DNG,DFN,ATK,NEG,scenario_obesity_zoe_bis,obesity
173,<Lucie-Harceleur>,[11:55:10],ftg gros boufon,bully,OAG,victim_support,OTH,ATK,DFN,NEG,scenario_obesity_zoe_bis,obesity
174,<Marjorie-Harceleur>,[11:55:19],allez fermez la,bully,OAG,victim_support,OTH,ATK,DFN,NEG,scenario_obesity_zoe_bis,obesity
175,<Michel-Soutien-Victime>,[11:55:22],tgl toi meme pute,victim_support,OAG,bully,OTH,DFN,ATK,NEG,scenario_obesity_zoe_bis,obesity
176,<Marjorie-Harceleur>,[11:55:27],bandes de putes,bully,OAG,victim/victim_support,NCG,ATK,NULL,NEG,scenario_obesity_zoe_bis,obesity
177,<Lucie-Harceleur>,[11:55:29],le dernier qui a ose qui un truc comme ca il a finit sur le bord de la route,bully,OAG,victim_support,OTH,ATK,DFN,NEG,scenario_obesity_zoe_bis,obesity
0,Ana88,09:10:02,hello,victim_support,NAG,NULL,NULL,OTH,NULL,NEU,scenario_religion_Justine,religion
1,Aurelie,09:10:15,cc,bully_support,NAG,NULL,NULL,OTH,OTH,NEU,scenario_religion_Justine,religion
2,Justine,09:13:16,Salut,victim,NAG,NULL,NULL,OTH,OTH,NEU,scenario_religion_Justine,religion
3,Leo68,09:13:25,salut la feuj,bully,OAG,victim,OTH,ATK,OTH,NEG,scenario_religion_Justine,religion
4,Justine,09:13:49,j'ai pas de prénom peut être,victim,NAG,NULL,NULL,CNS,ATK,NEU,scenario_religion_Justine,religion
5,Leo68,09:14:08,chalom,bully,CAG,victim,OTH,ATK,CNS,NEG,scenario_religion_Justine,religion
6,Ana88,09:14:12,parle bien leo,victim_support,NAG,NULL,NULL,DFN,ATK,NEG,scenario_religion_Justine,religion
7,Aurelie,09:14:16,NOn la juive,bully_support,OAG,victim_support,OTH,ATK,DFN,NEG,scenario_religion_Justine,religion
10,Leo68,09:14:42,ntm un peu laisse nous parler,bully,OAG,victim_support,OTH,ATK,DFN,NEG,scenario_religion_Justine,religion
11,Justine,09:14:54,Pourquoi vous vous moquez de moi ?,victim,NAG,NULL,NULL,DFN,ATK,NEG,scenario_religion_Justine,religion
12,Leo68,09:15:03,pourquoi pas,bully,OAG,victim,OTH,ATK,DFN,NEG,scenario_religion_Justine,religion
13,Ana88,09:15:05,parle bien de ta bouche fdp,victim_support,OAG,bully,NCG,DFN,ATK,NEG,scenario_religion_Justine,religion
15,Lea,09:15:31,ca se fait pas les gars,victim_support,NAG,NULL,NULL,DFN,NULL,NEG,scenario_religion_Justine,religion
16,Aurelie,09:15:34,ton petit frère va bien?,bully_support,CAG,victim,OTH,ATK,DFN,NEG,scenario_religion_Justine,religion
17,Justine,09:15:48,bien sur qu'il va bien avant que vous moquiez de lui,victim,NAG,NULL,NULL,DFN,ATK,NEG,scenario_religion_Justine,religion
18,Leo68,09:16:02,c sur qu'avec tout votre argent,bully,OAG,victim,OTH,ATK,DFN,NEG,scenario_religion_Justine,religion
19,Lea,09:16:26,frere c'est un gosse vous etes vilains,victim_support,OAG,bully/bully_support,OTH,DFN,ATK,NEG,scenario_religion_Justine,religion
20,Leo68,09:16:41,c le gosse qui est vilaint tema ca gueule,bully,OAG,victim/victim_support,OTH,ATK,DFN,NEG,scenario_religion_Justine,religion
21,Justine,09:16:58,qu'est ce que tu dis de mon frère il est très bien retourne chez ta mère,victim,OAG,bully,OTH,DFN,ATK,NEG,scenario_religion_Justine,religion
22,Aurelie,09:17:08,il est pas bo,bully_support,CAG,victim,OTH,ATK,DFN,NEG,scenario_religion_Justine,religion
23,Leo68,09:17:10,rabi jacob 8),bully,CAG,victim,OTH,ATK,DFN,NEG,scenario_religion_Justine,religion
24,Lea,09:17:41,laisse les justine,victim_support,NAG,NULL,NULL,OTH,DFN,NEU,scenario_religion_Justine,religion
25,Justine,09:17:47,t'es juste deg que tu puisses pas avoir une fête aussi stylée que lui,victim,OAG,bully,OTH,DFN,ATK,NEG,scenario_religion_Justine,religion
26,Aurelie,09:17:48,tes ancetres vont bien? ils sont encore au camp?,bully_support,CAG,victim,OTH,ATK,DFN,NEG,scenario_religion_Justine,religion
27,Leo68,09:18:01,"Aurélie n'a que 16 ans et elle attend un enfant Ses amies et ses parents lui conseillent l'avortement Elle n'est pas d'accord elle voit les choses autrement Elle dit qu'elle se sent prête pour qu'on l'appelle ""maman"" Celui-ci c'est pour toutes les Aurélie Celles qui ont donné la vie Pour toutes les Aurélie c pas leurs faute lsl avaient pas le shoah",bully,CAG,victim,OTH,ATK,DFN,NEG,scenario_religion_Justine,religion
28,Justine,09:18:44,t'abuse de parler de shoa,victim,NAG,NULL,NULL,DFN,ATK,NEG,scenario_religion_Justine,religion
29,Leo68,09:18:47,juju fitjuive,bully,CAG,victim,OTH,ATK,DFN,NEG,scenario_religion_Justine,religion
30,Lea,09:19:10,Pourquoi tu fais ca Léo ca va à la maison,victim_support,CAG,bully,OTH,DFN,ATK,NEG,scenario_religion_Justine,religion
31,Ana88,09:19:20,parle bien toi,victim_support,NAG,NULL,NULL,DFN,ATK,NEU,scenario_religion_Justine,religion
32,Leo68,09:19:33,ntm toi t'a meme pas de maison,bully,OAG,victim_support,OTH,ATK,DFN,NEG,scenario_religion_Justine,religion
33,Ana88,09:19:34,laisse tranquille,victim_support,NAG,NULL,NULL,DFN,ATK,NEU,scenario_religion_Justine,religion
34,Lea,09:19:54,toi meme frere je t'ai vu sous un pont,victim_support,OAG,bully,OTH,DFN,ATK,NEG,scenario_religion_Justine,religion
36,Ana88,09:20:10,tg,victim_support,OAG,bully,OTH,DFN,ATK,NEG,scenario_religion_Justine,religion
37,Lea,09:20:12,mtn laisse justine et on frere tranquille,victim_support,NAG,NULL,NULL,EMP,DFN,NEG,scenario_religion_Justine,religion
39,Ana88,09:20:22,oue laisse les tranquille fr,victim_support,NAG,NULL,NULL,EMP,DFN,NEG,scenario_religion_Justine,religion
42,Justine,09:20:46,t'as que ca a faire de ta vie que me faire chier,victim,CAG,bully,OTH,DFN,ATK,NEG,scenario_religion_Justine,religion
43,Lea,09:20:50,tout doux le loup,victim_support,OAG,bully,NCG,DFN,ATK,NEG,scenario_religion_Justine,religion
44,Leo68,09:21:34,tout doux ton père,bully,OAG,victim_support,OTH,ATK,DFN,NEG,scenario_religion_Justine,religion
45,Justine,09:21:35,Maintenant leo vire la photo de mon frère tout de suite,victim,OAG,bully,OTH,DFN,ATK,NEG,scenario_religion_Justine,religion
46,Leo68,09:21:40,non sinon quoi,bully,OAG,victim,OTH,ATK,DFN,NEG,scenario_religion_Justine,religion
48,Aurelie,09:21:45,non on la garde,bully_support,OAG,victim,OTH,ATK,DFN,NEG,scenario_religion_Justine,religion
50,Ana88,09:21:54,y a pas de on la garde en fait,victim_support,NAG,NULL,NULL,DFN,ATK,NEG,scenario_religion_Justine,religion
51,Justine,09:22:01,je vais aller voir les prof et leur montrer la merde que tu dis,victim,OAG,bully/bully_support,THR,DFN,NULL,NEG,scenario_religion_Justine,religion
52,Ana88,09:22:03,tu l'enleves c tout,victim_support,NAG,NULL,NULL,DFN,ATK,NEG,scenario_religion_Justine,religion
53,Leo68,09:22:16,non ntm,bully,OAG,victim,OTH,ATK,DFN,NEG,scenario_religion_Justine,religion
54,Aurelie,09:22:19,vay va le voir on lui presenetra ton frr vzy*,bully_support,CAG,victim,OTH,ATK,DFN,NEG,scenario_religion_Justine,religion
55,Ana88,09:22:28,le karma poto sa tourne vite fais attention mec,victim_support,CAG,bully,OTH,DFN,ATK,NEG,scenario_religion_Justine,religion
56,Leo68,09:22:41,sa tourne comme justine dans les caves,bully,OAG,victim,DNG,ATK,DFN,NEG,scenario_religion_Justine,religion
57,Justine,09:22:47,oula mais calme toi,victim,NAG,NULL,NULL,OTH,ATK,NEU,scenario_religion_Justine,religion
58,Ana88,09:23:02,et ta mere aussi,victim_support,OAG,bully,OTH,DFN,ATK,NEG,scenario_religion_Justine,religion
59,Leo68,09:23:02,c toi tu parle,bully,CAG,victim,OTH,ATK,OTH,NEG,scenario_religion_Justine,religion
60,Paul32,09:23:04,eh oh la,conciliator,NAG,NULL,NULL,CR,ATK,NEU,scenario_religion_Justine,religion
62,Justine,09:23:13,t'insulte mon frère puis moi,victim,NAG,NULL,NULL,DFN,ATK,NEG,scenario_religion_Justine,religion
64,Lea,09:23:25,tu te calme leo tu te calme,victim_support,NAG,NULL,NULL,CR,ATK,NEU,scenario_religion_Justine,religion
65,Leo68,09:23:27,ta famille en general ta kipa la,bully,CAG,victim,DNG,ATK,DFN,NEG,scenario_religion_Justine,religion
66,Aurelie,09:23:48,ta grosse kipa,bully_support,OAG,victim,DNG,ATK,DFN,NEG,scenario_religion_Justine,religion
67,Leo68,09:24:07,kipa r a la chasse perd sa place,bully,CAG,victim,OTH,AIN,ATK,NEG,scenario_religion_Justine,religion
68,Justine,09:24:13,aurelie et leo je vais aller voir les prof puis ils iront voir vos parents si vous enlevez pas la photo,victim,OAG,bully/bully_support,THR,DFN,ATK,NEG,scenario_religion_Justine,religion
69,Leo68,09:24:19,blc c des tarlouz eux,bully,OAG,victim,OTH,ATK,DFN,NEG,scenario_religion_Justine,religion
70,Aurelie,09:24:35,jai pas de parents,bully_support,NAG,NULL,NULL,OTH,DFN,NEG,scenario_religion_Justine,religion
71,Ana88,09:24:43,il vont l'enlevez,victim_support,NAG,NULL,NULL,OTH,NULL,NEG,scenario_religion_Justine,religion
72,Aurelie,09:24:45,je viens a la cinagoge,bully_support,NAG,NULL,NULL,OTH,DFN,NEU,scenario_religion_Justine,religion
73,Lea,09:24:54,elle porte plainte tu  peux avoir des soucis,victim_support,NAG,NULL,NULL,CNS,ATK,NEG,scenario_religion_Justine,religion
74,Ana88,09:24:54,je vais t'attraper a la sortie tu vas voir,victim_support,OAG,bully_support,THR,DFN,ATK,NEG,scenario_religion_Justine,religion
75,Leo68,09:25:02,tu va faire quoi sale pute,bully,OAG,victim_support,NCG,ATK,DFN,NEG,scenario_religion_Justine,religion
76,Ana88,09:25:08,a faire des trucs comme  ca,victim_support,OAG,bully_support,THR,DFN,ATK,NEG,scenario_religion_Justine,religion
77,Aurelie,09:25:09,portons plainte,bully_support,OAG,victim_support,OTH,ATK,DFN,NEG,scenario_religion_Justine,religion
78,Ana88,09:25:11,des gosses,victim_support,CAG,bully/bully_support,OTH,DFN,ATK,NEG,scenario_religion_Justine,religion
79,Leo68,09:25:20,une grosses,bully,CAG,victim_support,OTH,ATK,DFN,NEG,scenario_religion_Justine,religion
80,Aurelie,09:25:35,paul tg,bully_support,OAG,victim_support,OTH,ATK,DFN,NEG,scenario_religion_Justine,religion
81,Paul32,09:25:39,c pa bi1 arretai,conciliator,NAG,NULL,NULL,CR,ATK,NEU,scenario_religion_Justine,religion
82,Ana88,09:25:41,c est toi la grosses,victim_support,CAG,bully,DNG,DFN,ATK,NEG,scenario_religion_Justine,religion
83,Lea,09:25:42,c'est celui qui dit qui l'est,victim_support,CAG,bully,DNG,DFN,ATK,NEG,scenario_religion_Justine,religion
84,Leo68,09:26:12,parole de bb,bully,CAG,victim_support,OTH,ATK,DFN,NEG,scenario_religion_Justine,religion
85,Ana88,09:26:19,des gamins,victim_support,CAG,bully/bully_support,DNG,DFN,NULL,NEG,scenario_religion_Justine,religion
86,Lea,09:26:26,c'est toi le bebe cadum,victim_support,OAG,bully,DNG,DFN,ATK,NEG,scenario_religion_Justine,religion
87,Justine,09:26:36,t'es un bébé quand tu mets des photos en ligne du petit frère de quelqu'un,victim,OAG,bully,DNG,DFN,ATK,NEG,scenario_religion_Justine,religion
88,Leo68,09:26:47,et alors,bully,OAG,victim,OTH,ATK,DFN,NEG,scenario_religion_Justine,religion
89,Justine,09:26:48,ça montre que t'as 5 ans d'age mental,victim,OAG,bully,DNG,DFN,ATK,NEG,scenario_religion_Justine,religion
90,Leo68,09:26:53,ton ptit reuf la mskn,bully,OAG,victim,OTH,ATK,DFN,NEG,scenario_religion_Justine,religion
91,Lea,09:27:02,tu force léo,victim_support,NAG,NULL,NULL,DFN,ATK,NEG,scenario_religion_Justine,religion
92,Justine,09:27:04,ouais et il t'a fait quoi mon frère,victim,NAG,NULL,NULL,DFN,ATK,NEU,scenario_religion_Justine,religion
93,Lea,09:27:05,tu force mv,victim_support,NAG,NULL,NULL,DFN,ATK,NEG,scenario_religion_Justine,religion
94,Leo68,09:27:08,leo et lea,bully,NAG,NULL,NULL,OTH,DFN,NEG,scenario_religion_Justine,religion
95,Leo68,09:27:14,vient on se voit,bully,OAG,victim,THR,ATK,DFN,NEG,scenario_religion_Justine,religion
96,Justine,09:27:21,laisse le vivre sa vie et va t'en acheter une toi,victim,NAG,NULL,NULL,DFN,ATK,NEG,scenario_religion_Justine,religion
97,Leo68,09:27:28,tg,bully,OAG,victim,OTH,ATK,DFN,NEG,scenario_religion_Justine,religion
98,Aurelie,09:27:30,non,bully_support,NAG,NULL,NULL,OTH,DFN,NEG,scenario_religion_Justine,religion
101,Leo68,09:27:55,de tt facon ta photo elle est genante,bully,OAG,victim,DNG,ATK,DFN,NEG,scenario_religion_Justine,religion
102,Aurelie,09:28:03,il est pas bo,bully_support,OAG,victim,DNG,AIN,ATK,NEG,scenario_religion_Justine,religion
103,Ana88,09:28:07,ton gros crane leo,victim_support,OAG,bully,DNG,DFN,ATK,NEG,scenario_religion_Justine,religion
104,Justine,09:28:08,mais juste vire la si tu l'aime pas,victim,NAG,NULL,NULL,DFN,ATK,NEG,scenario_religion_Justine,religion
105,Lea,09:28:11,c'est toi t'es genant tu fais que parler de ca,victim_support,OAG,bully,DNG,DFN,ATK,NEG,scenario_religion_Justine,religion
106,Justine,09:28:17,exactement !,victim,NAG,NULL,NULL,EMP,DFN,NEU,scenario_religion_Justine,religion
107,Aurelie,09:28:29,il va bruler comme ses ancetres,bully_support,OAG,victim,OTH,ATK,EMP,NEG,scenario_religion_Justine,religion
108,Justine,09:28:31,pourquoi tu fais une fixette sur mon frère ? tu le kiffe ?,victim,OAG,bully,OTH,DFN,ATK,NEG,scenario_religion_Justine,religion
109,Leo68,09:28:38,fixette,bully,CAG,victim,OTH,ATK,DFN,NEG,scenario_religion_Justine,religion
110,Lea,09:28:38,sale pedo,victim_support,OAG,bully_support,NCG,DFN,ATK,NEG,scenario_religion_Justine,religion
111,Leo68,09:28:42,sale pd,bully,OAG,victim_support,NCG,ATK,DFN,NEG,scenario_religion_Justine,religion
112,Lea,09:29:13,Laisse le gosse tranquille et achete lui des beyblades,victim_support,CAG,bully,OTH,DFN,ATK,NEG,scenario_religion_Justine,religion
113,Leo68,09:29:20,jsuis pauvre frr,bully,CAG,victim_support,OTH,ATK,DFN,NEG,scenario_religion_Justine,religion
114,Leo68,09:29:22,vzy toi,bully,CAG,victim_support,OTH,ATK,DFN,NEG,scenario_religion_Justine,religion
115,Aurelie,09:29:32,comparé A eux,bully_support,OAG,victim,DNG,ATK,DFN,NEG,scenario_religion_Justine,religion
116,Justine,09:29:44,vire la photo et laisse nous tranquille serieux,victim,NAG,NULL,NULL,DFN,ATK,NEG,scenario_religion_Justine,religion
117,Lea,09:29:44,sale pick me,victim_support,OAG,bully,DNG,DFN,ATK,NEG,scenario_religion_Justine,religion
118,Lea,09:30:00,Aurelie tu sers a rien,victim_support,OAG,bully_support,DNG,DFN,ATK,NEG,scenario_religion_Justine,religion
119,Leo68,09:30:01,si j'enleve j'ai quoi en echange,bully,NAG,NULL,NULL,OTH,DFN,NEG,scenario_religion_Justine,religion
121,Paul32,09:30:07,c'est qu'une religon akhy,conciliator,NAG,NULL,NULL,OTH,NULL,NEU,scenario_religion_Justine,religion
122,Lea,09:30:11,venez juste vous les laissez tranquille,victim_support,NAG,NULL,NULL,DFN,ATK,NEU,scenario_religion_Justine,religion
123,Aurelie,09:30:29,non trop simple,bully_support,CAG,victim_support,OTH,ATK,DFN,NEG,scenario_religion_Justine,religion
124,Lea,09:30:46,mais t'es le iench de leo ou quoi,victim_support,OAG,bully_support,DNG,DFN,ATK,NEG,scenario_religion_Justine,religion
126,Justine,09:31:02,ouais aurélie t'es la pire à relancer le truc,victim,OAG,bully_support,DNG,DFN,ATK,NEG,scenario_religion_Justine,religion
127,Aurelie,09:31:09,non tg,bully_support,OAG,victim,OTH,ATK,DFN,NEG,scenario_religion_Justine,religion
128,Leo68,09:31:10,parle mieux toi,bully,CAG,victim_support,OTH,ATK,DFN,NEG,scenario_religion_Justine,religion
131,Leo68,09:31:37,le prochain qui parle sa mere c un pute,bully,OAG,victim/victim_support,NCG,ATK,NULL,NEG,scenario_religion_Justine,religion
132,Justine,09:31:55,tu crois que ça va me faire peur,victim,NAG,NULL,NULL,CNS,ATK,NEG,scenario_religion_Justine,religion
133,Leo68,09:32:01,ah,bully,NAG,NULL,NULL,OTH,CNS,NEU,scenario_religion_Justine,religion
134,Aurelie,09:32:01,c une pute,bully_support,OAG,victim,NCG,AIN,ATK,NEG,scenario_religion_Justine,religion
135,Justine,09:32:06,tes paroles valent rien,victim,OAG,bully_support,OTH,DFN,ATK,NEG,scenario_religion_Justine,religion
136,Ana88,09:32:09,ta mere la pute aurelie,victim_support,OAG,bully_support,NCG,DFN,ATK,NEG,scenario_religion_Justine,religion
137,Lea,09:32:10,c'est toi t'as parle,victim_support,OAG,bully_support,OTH,DFN,ATK,NEG,scenario_religion_Justine,religion
138,Leo68,09:32:10,peur de quoi,bully,NAG,NULL,NULL,OTH,OTH,NEG,scenario_religion_Justine,religion
139,Aurelie,09:32:21,feur,bully_support,OAG,victim,OTH,ATK,DFN,NEG,scenario_religion_Justine,religion
140,Justine,09:33:08,"je m'en fiche que tu m'insulte, tu sers à rien tu me fais chier juste parce que tu te fais chier dans ta vie",victim,OAG,bully,DNG,DFN,ATK,NEG,scenario_religion_Justine,religion
141,Leo68,09:33:17,et alors,bully,NAG,NULL,NULL,OTH,DFN,NEG,scenario_religion_Justine,religion
142,Lea,09:33:23,j'avoue,victim_support,NAG,NULL,NULL,EMP,DFN,NEG,scenario_religion_Justine,religion
143,Leo68,09:33:24,jmen blc,bully,OAG,victim,OTH,ATK,DFN,NEG,scenario_religion_Justine,religion
144,Leo68,09:33:26,tu parle trop toi deja,bully,OAG,victim,OTH,ATK,DFN,NEG,scenario_religion_Justine,religion
145,Justine,09:33:34,alors c'est triste pour toi d'aller cracher sur mon petit frère,victim,CAG,bully,DNG,DFN,ATK,NEG,scenario_religion_Justine,religion
146,Ana88,09:33:36,vous cassez tous les couilesss bande de  putes,victim_support,OAG,bully/bully_support,OTH,DFN,NULL,NEG,scenario_religion_Justine,religion
147,Lea,09:33:44,je vais poucave,victim_support,OAG,bully,THR,DFN,ATK,NEG,scenario_religion_Justine,religion
148,Aurelie,09:33:47,:(,bully_support,NAG,NULL,NULL,OTH,NULL,NEU,scenario_religion_Justine,religion
149,Paul32,09:34:00,leo qu'est ce que t'as tu fais le nerveu calme tes hormones,conciliator,NAG,NULL,NULL,DFN,ATK,NEU,scenario_religion_Justine,religion
150,Aurelie,09:34:05,sal balance,bully_support,OAG,victim_support,NCG,ATK,DFN,NEG,scenario_religion_Justine,religion
151,Leo68,09:34:09, vbn,bully,NAG,NULL,NULL,OTH,DFN,NEU,scenario_religion_Justine,religion
152,Ana88,09:34:18,oui bva poucave lea psk y pete les couilles tous la,victim_support,OAG,bully,DNG,DFN,ATK,NEG,scenario_religion_Justine,religion
153,Aurelie,09:34:22,oublie pas t une pute ana,bully_support,OAG,victim_support,NCG,ATK,DFN,NEG,scenario_religion_Justine,religion
154,Leo68,09:34:29,espece de pute de poucave,bully,OAG,victim_support,NCG,ATK,DFN,NEG,scenario_religion_Justine,religion
155,Leo68,09:34:36,va sucer un prof comme d'hab,bully,OAG,victim_support,DNG,ATK,DFN,NEG,scenario_religion_Justine,religion
156,Ana88,09:34:37,c est toi t une pute,victim_support,OAG,bully_support,NCG,DFN,ATK,NEG,scenario_religion_Justine,religion
157,Justine,09:34:37,"javoue la bonne solution c'est de dire à personne que vous me faites chier, ça va me mener à loin",victim,OAG,bully,DNG,DFN,ATK,NEG,scenario_religion_Justine,religion
158,Justine,09:34:43,je vais aller tout dire avec ana,victim,OAG,bully/bully_support,THR,DFN,NULL,NEG,scenario_religion_Justine,religion
159,Ana88,09:34:43,aurekie,victim_support,NAG,NULL,NULL,OTH,NULL,NEU,scenario_religion_Justine,religion
160,Ana88,09:34:45,ta mere,victim_support,OAG,bully,OTH,DFN,ATK,NEU,scenario_religion_Justine,religion
161,Ana88,09:34:47,la,victim_support,OAG,bully,OTH,DFN,ATK,NEU,scenario_religion_Justine,religion
162,Ana88,09:34:49,pute,victim_support,OAG,bully,OTH,DFN,ATK,NEG,scenario_religion_Justine,religion
163,Leo68,09:34:49,c toi ana la grosse pute a foutre,bully,OAG,victim_support,NCG,ATK,DFN,NEG,scenario_religion_Justine,religion
164,Lea,09:34:50,et moi surtout,victim_support,NAG,NULL,NULL,CNS,ATK,NEG,scenario_religion_Justine,religion
165,Lea,09:34:56,c'est moi qui ai propose,victim_support,NAG,NULL,NULL,OTH,NULL,NEU,scenario_religion_Justine,religion
166,Aurelie,09:35:00,jvais attraper ta mere,bully_support,OAG,victim_support,OTH,ATK,DFN,NEG,scenario_religion_Justine,religion
167,Ana88,09:35:07,j vais te niker ta race toi la,victim_support,OAG,bully_support,THR,DFN,ATK,NEG,scenario_religion_Justine,religion
168,Lea,09:35:09,tu te prend pour qui,victim_support,OAG,bully_support,DNG,DFN,ATK,NEG,scenario_religion_Justine,religion
169,Leo68,09:35:21,justine si tu me donne 200 euro je l'enleve la photo,bully,OAG,victim,OTH,ATK,DFN,NEG,scenario_religion_Justine,religion
170,Lea,09:35:27,tg,victim_support,OAG,bully,OTH,DFN,ATK,NEG,scenario_religion_Justine,religion
171,Lea,09:35:32,tu vas l'enlever,victim_support,OAG,bully,OTH,DFN,ATK,NEG,scenario_religion_Justine,religion
172,Aurelie,09:35:34,800 euro pour moi,bully_support,CAG,victim,OTH,AIN,ATK,NEG,scenario_religion_Justine,religion
173,Ana88,09:35:38,tu fais du chantage en pklus ?,victim_support,NAG,NULL,NULL,DFN,ATK,NEG,scenario_religion_Justine,religion
174,Leo68,09:35:42,oui,bully,OAG,victim_support,OTH,ATK,DFN,NEG,scenario_religion_Justine,religion
175,Leo68,09:35:43,ya koi,bully,NAG,NULL,NULL,OTH,DFN,NEU,scenario_religion_Justine,religion
176,Aurelie,09:35:43,oui,bully_support,OAG,victim_support,OTH,ATK,DFN,NEG,scenario_religion_Justine,religion
177,Paul32,09:35:45,voila carré mais sans les 200 balles,conciliator,CAG,bully/bully_support,OTH,DFN,NULL,NEG,scenario_religion_Justine,religion
178,Aurelie,09:35:48,ya ouaq,bully_support,NAG,NULL,NULL,OTH,NULL,NEU,scenario_religion_Justine,religion
180,Lea,09:35:52,t'empire ton cas fr,victim_support,OAG,bully,OTH,DFN,ATK,NEG,scenario_religion_Justine,religion
181,Leo68,09:35:54,5eu,bully,NAG,NULL,NULL,OTH,DFN,NEG,scenario_religion_Justine,religion
182,Lea,09:35:55,tu fais pitie,victim_support,OAG,bully_support,DNG,DFN,ATK,NEG,scenario_religion_Justine,religion
183,Justine,09:36:00,800e pour que je porte plainte surtout,victim,OAG,bully_support,THR,DFN,ATK,NEG,scenario_religion_Justine,religion
185,Paul32,09:36:02,azy carré,conciliator,NAG,NULL,NULL,OTH,NULL,NEG,scenario_religion_Justine,religion
194,Justine,09:37:02,jamais de la vie je vous donne un centime,victim,OAG,bully_support,OTH,DFN,ATK,NEG,scenario_religion_Justine,religion
195,Aurelie,09:37:14,10 euro,bully_support,OAG,victim,OTH,ATK,DFN,NEG,scenario_religion_Justine,religion
196,Aurelie,09:37:16,le rat,bully_support,OAG,victim,NCG,ATK,DFN,NEG,scenario_religion_Justine,religion
198,Lea,09:37:25,ca va trop loin la venez juste vous fermez vos gueules,victim_support,OAG,bully/bully_support,OTH,DFN,NULL,NEG,scenario_religion_Justine,religion
199,Leo68,09:37:26,radine comme un juif,bully,OAG,victim,DNG,ATK,DFN,NEG,scenario_religion_Justine,religion
200,Paul32,09:37:38,raciste va c po bi1,conciliator,OAG,bully,NCG,DFN,ATK,NEG,scenario_religion_Justine,religion
201,Aurelie,09:37:39,grosse radine de mort,bully_support,OAG,victim,DNG,ATK,DFN,NEG,scenario_religion_Justine,religion
202,Justine,09:37:49,c'est vous qui devez me payer pour toutes les conneries que vous me dites,victim,OAG,bully/bully_support,OTH,DFN,NULL,NEG,scenario_religion_Justine,religion
203,Justine,09:37:51,vous me fatiguez,victim,NAG,NULL,NULL,DFN,ATK,NEG,scenario_religion_Justine,religion
204,Leo68,09:37:53,je leur pisse au cul,bully,OAG,victim,OTH,ATK,DFN,NEG,scenario_religion_Justine,religion
205,Ana88,09:38:04,bande fatiguez ah,victim_support,OAG,bully/bully_support,OTH,DFN,NULL,NEG,scenario_religion_Justine,religion
206,Leo68,09:38:07,si t fatiguer dors,bully,OAG,victim,OTH,ATK,DFN,NEG,scenario_religion_Justine,religion
207,Aurelie,09:38:07,bah dpors,bully_support,CAG,victim_support,OTH,ATK,DFN,NEG,scenario_religion_Justine,religion
208,Aurelie,09:38:10,dors,bully_support,CAG,victim_support,OTH,ATK,DFN,NEG,scenario_religion_Justine,religion
209,Leo68,09:38:14,toi t'es fatigay,bully,CAG,victim,OTH,ATK,DFN,NEG,scenario_religion_Justine,religion
210,Ana88,09:38:18,vsy arretz vous fr,victim_support,NAG,NULL,NULL,CR,ATK,NEU,scenario_religion_Justine,religion
211,Lea,09:38:19,Les ecoute pas justine,victim_support,NAG,NULL,NULL,EMP,DFN,NEU,scenario_religion_Justine,religion
212,Paul32,09:38:20,leo arrete d'insulter et supprime ou jte supprime,conciliator,OAG,bully,THR,DFN,ATK,NEG,scenario_religion_Justine,religion
213,Lea,09:38:26,ca va aller mv,victim_support,NAG,NULL,NULL,EMP,DFN,NEU,scenario_religion_Justine,religion
214,Aurelie,09:38:26,ah pdpd,bully_support,OAG,conciliator,NCG,ATK,DFN,NEG,scenario_religion_Justine,religion
216,Ana88,09:38:42,oue j'avoue les ecouts pas ses chiens,victim_support,OAG,bully/bully_support,NCG,DFN,NULL,NEG,scenario_religion_Justine,religion
217,Lea,09:38:48,dis leur paul,victim_support,NAG,NULL,NULL,OTH,DFN,NEU,scenario_religion_Justine,religion
218,Aurelie,09:38:55,tas dis a tes parents que taimais les filles juju fitcat,bully_support,OAG,victim_support,OTH,ATK,DFN,NEG,scenario_religion_Justine,religion
219,Leo68,09:38:57,la gouine que t'es,bully,OAG,victim_support,OTH,ATK,DFN,NEG,scenario_religion_Justine,religion
221,Leo68,09:39:20,gouinasse,bully,OAG,victim_support,OTH,ATK,DFN,NEG,scenario_religion_Justine,religion
223,Ana88,09:39:23,questa aurelie tu suce leo,victim_support,OAG,bully/bully_support,DNG,DFN,NULL,NEG,scenario_religion_Justine,religion
224,Leo68,09:39:34,elle a faim,bully,CAG,victim_support,OTH,ATK,DFN,NEG,scenario_religion_Justine,religion
225,Aurelie,09:39:38,tu suce paul toi,bully_support,OAG,conciliator,DNG,ATK,DFN,NEG,scenario_religion_Justine,religion
226,Lea,09:39:40,elle a la dalle,victim_support,CAG,bully,OTH,DFN,ATK,NEG,scenario_religion_Justine,religion
227,Ana88,09:39:42,ca va ta gorge aurelie ?,victim_support,CAG,bully_support,OTH,DFN,ATK,NEG,scenario_religion_Justine,religion
228,Leo68,09:39:46,mais c ma meuf sale pute,bully,OAG,victim_support,NCG,ATK,DFN,NEG,scenario_religion_Justine,religion
242,Lea,09:41:34,ca se trouve justine elle est en train de pleurer,victim_support,NAG,NULL,NULL,DFN,ATK,NEU,scenario_religion_Justine,religion
244,Lea,09:41:40,bande de caca,victim_support,OAG,bully/bully_support,NCG,DFN,NULL,NEG,scenario_religion_Justine,religion
245,Justine,09:41:40,ça doit être pourça que tu te venge sur mon frère,victim,NAG,NULL,NULL,CNS,ATK,NEG,scenario_religion_Justine,religion
246,Ana88,09:41:51,BON LES GARS VEBEZ ON ARRETE,victim_support,NAG,NULL,NULL,CR,NULL,NEU,scenario_religion_Justine,religion
247,Leo68,09:41:57,non,bully,OAG,victim_support,OTH,ATK,CR,NEG,scenario_religion_Justine,religion
248,Leo68,09:41:58,tg,bully,OAG,victim_support,OTH,ATK,CR,NEG,scenario_religion_Justine,religion
250,Lea,09:42:01,J4AVOUUUE,victim_support,NAG,NULL,NULL,EMP,CR,NEU,scenario_religion_Justine,religion
252,Lea,09:42:08,CHUUT,victim_support,NAG,NULL,NULL,OTH,ATK,NEU,scenario_religion_Justine,religion
253,Lea,09:42:22,EXCUSEZ VOUS,victim_support,NAG,NULL,NULL,OTH,ATK,NEG,scenario_religion_Justine,religion
256,Justine,09:42:31,ouais s'il enlevait la photo on pourrait s'arrêter,victim,NAG,NULL,NULL,OTH,CR,NEU,scenario_religion_Justine,religion
257,Leo68,09:42:32,j'vais niquer tes morts les putes sale keh,bully,OAG,victim/victim_support,OTH,ATK,NULL,NEG,scenario_religion_Justine,religion
258,Lea,09:42:32,vous avez été méchant,victim_support,OAG,bully,OTH,DFN,ATK,NEG,scenario_religion_Justine,religion
263,Lea,09:42:59,leo suppreime stp mv,victim_support,NAG,NULL,NULL,DFN,ATK,NEG,scenario_religion_Justine,religion
264,Leo68,09:43:06,ta la chatte c une puits wsh tg,bully,OAG,victim_support,OTH,ATK,DFN,NEG,scenario_religion_Justine,religion
265,Justine,09:43:22,aurélie et leo savent qu'insulter,victim,CAG,bully/bully_support,OTH,DFN,NULL,NEG,scenario_religion_Justine,religion
267,Justine,09:43:34,ils ont rien dans la tete,victim,CAG,bully/bully_support,OTH,DFN,NULL,NEG,scenario_religion_Justine,religion
269,Leo68,09:43:43,ta tout dans le trou du cul toi,bully,OAG,victim,OTH,ATK,DFN,NEG,scenario_religion_Justine,religion
277,Lea,09:44:20,sois vous supprimez et on arrete,victim_support,NAG,NULL,NULL,CR,ATK,NEU,scenario_religion_Justine,religion
278,Leo68,09:44:25,elle dors sur des grosse queue de noire justine,bully,CAG,victim_support,DNG,ATK,DFN,NEG,scenario_religion_Justine,religion
279,Lea,09:44:28,soit je poucave a ma maman,victim_support,OAG,bully,THR,DFN,ATK,NEG,scenario_religion_Justine,religion
280,Ana88,09:44:34,SOIS J VOUS PREND TOUS LTN,victim_support,OAG,bully/bully_support,THR,DFN,NULL,NEG,scenario_religion_Justine,religion
281,Ana88,09:44:37,MTN,victim_support,OAG,bully/bully_support,THR,DFN,NULL,NEU,scenario_religion_Justine,religion
285,Leo68,09:45:12,tu n'est qun etre sans profondeur t'aurais mieux fais de t'inspirer de la groge de ta soeur,bully,CAG,victim_support,OTH,ATK,DFN,NEG,scenario_religion_Justine,religion
287,Paul32,09:45:29,parle français mon reuf,conciliator,NAG,NULL,NULL,OTH,ATK,NEG,scenario_religion_Justine,religion
288,Lea,09:45:33,zola en sueur,victim_support,OAG,bully,DNG,DFN,ATK,NEG,scenario_religion_Justine,religion
289,Justine,09:45:47,écoutez ana et lea,victim,NAG,NULL,NULL,CR,ATK,NEU,scenario_religion_Justine,religion
291,Justine,09:45:49,et arrêtez,victim,NAG,NULL,NULL,CR,ATK,NEU,scenario_religion_Justine,religion
293,Justine,09:46:08,on en revient a des insultes de merde,victim,OAG,bully,DNG,DFN,ATK,NEG,scenario_religion_Justine,religion
295,Leo68,09:46:18,卐,bully,NAG,NULL,NULL,OTH,NULL,NEU,scenario_religion_Justine,religion
296,Leo68,09:46:38,c bon on arrete,bully,NAG,NULL,NULL,OTH,CR,NEU,scenario_religion_Justine,religion
297,Ana88,09:46:43,OK,victim_support,NAG,NULL,NULL,OTH,OTH,NEU,scenario_religion_Justine,religion
298,Ana88,09:46:46,PARFAIT,victim_support,NAG,NULL,NULL,OTH,OTH,NEU,scenario_religion_Justine,religion
299,Ana88,09:46:48,MTN CHUT,victim_support,NAG,NULL,NULL,OTH,OTH,NEU,scenario_religion_Justine,religion
303,Justine,09:47:01,du coup t'enlève la photo de mon frère ?,victim,NAG,NULL,NULL,OTH,OTH,NEU,scenario_religion_Justine,religion
314,Justine,09:47:53,ouais enlève la photo cimer,victim,NAG,NULL,NULL,OTH,OTH,NEU,scenario_religion_Justine,religion
0,Lea,10:26:43,salut pourquoi embête tu ma copine ?,victim_support,NAG,NULL,NULL,DFN,NULL,NEU,scenario_religion_Justine_bis,religion
1,Amine3324,10:27:33,franchement les gars faut arreter avec justine elle a r demande,conciliator,NAG,NULL,NULL,CR,NULL,NEU,scenario_religion_Justine_bis,religion
2,Isabelle5,10:29:22,c'est marrant de se moquer,bully_support,OAG,victim_support,OTH,AIN,CR,NEG,scenario_religion_Justine_bis,religion
3,Amine3324,10:29:42,ptn la maturite,conciliator,OAG,bully_support,DNG,DFN,AIN,NEG,scenario_religion_Justine_bis,religion
4,Lea,10:30:12,alors ton argument c'est que ça te fait rire ? sérieusement je te pensez plus inintelligente,victim_support,OAG,bully_support,DNG,DFN,AIN,NEG,scenario_religion_Justine_bis,religion
5,Isabelle5,10:30:56,en même elle cherche,bully_support,OAG,victim,OTH,ATK,DFN,NEG,scenario_religion_Justine_bis,religion
6,leo42,10:30:59,bah oue si t'es pas drole c'est ton probleme,bully,OAG,victim_support,OTH,ATK,DFN,NEG,scenario_religion_Justine_bis,religion
7,Lea,10:31:51,je savais pas que rire de la religion des gens etait marrant remettez vous en question,victim_support,NAG,NULL,NULL,DFN,ATK,NEG,scenario_religion_Justine_bis,religion
8,Isabelle5,10:31:59,elle publie des photos comme ça faut pas s'étonnerd,bully_support,OAG,victim,OTH,ATK,DFN,NEG,scenario_religion_Justine_bis,religion
9,Justine63,10:32:06,c clair la religion c privé,victim,NAG,NULL,NULL,DFN,ATK,NEU,scenario_religion_Justine_bis,religion
10,leo42,10:32:13,j'avoue on s'en fou de ton ptit frere le juif,bully,OAG,victim,DNG,ATK,DFN,NEG,scenario_religion_Justine_bis,religion
11,Isabelle5,10:32:22,ba pk tu t'affiches,bully_support,OAG,victim,OTH,ATK,DFN,NEG,scenario_religion_Justine_bis,religion
12,Justine63,10:32:28,et on s'en fout de savoir qui croit quoi,victim,NAG,NULL,NULL,DFN,ATK,NEU,scenario_religion_Justine_bis,religion
13,Lea,10:32:56,parce qu'elle etait fiere de lui vous postez bien des photos de votre vie et pourtant on s'en fou,victim_support,NAG,NULL,NULL,CNS,ATK,NEG,scenario_religion_Justine_bis,religion
14,Ana79,10:33:17,Vs êtes complexés ou quoi pour lui parler comme ca,victim_support,OAG,bully,OTH,DFN,ATK,NEG,scenario_religion_Justine_bis,religion
15,Justine63,10:33:49,"oui, je suis fière de mon petit frère tout comme vous vous l'êtes de votre famille",victim,NAG,NULL,NULL,CNS,ATK,NEU,scenario_religion_Justine_bis,religion
16,Ana79,10:33:53,Laisser la trkl nn vs avez pas une vie,victim_support,OAG,bully,OTH,DFN,ATK,NEG,scenario_religion_Justine_bis,religion
17,leo42,10:34:22,bah nan mais on s'en fou de sa vie ou de sa religion,bully,OAG,victim,OTH,ATK,CNS,NEG,scenario_religion_Justine_bis,religion
18,Lea,10:34:23,de ouf vivez votre vie on s'en tape de ce que vous pensez,victim_support,OAG,bully,OTH,DFN,ATK,NEG,scenario_religion_Justine_bis,religion
19,Isabelle5,10:34:56,grv on s'en fou,bully_support,OAG,victim,OTH,AIN,ATK,NEG,scenario_religion_Justine_bis,religion
20,Paul94,10:34:57,j'avoue,conciliator,NAG,NULL,NULL,EMP,DFN,NEU,scenario_religion_Justine_bis,religion
21,Ana79,10:34:58,bah oe bah elle elle s'en fou de ton avis alors tourne ta langue 7 fois avant de parler,victim_support,OAG,bully,OTH,DFN,ATK,NEG,scenario_religion_Justine_bis,religion
22,Amine3324,10:35:03,d'ou tu t'interesse a sa vie laisse la tranquille fr,conciliator,NAG,NULL,NULL,CR,ATK,NEU,scenario_religion_Justine_bis,religion
23,Ana79,10:35:25,bravo isabelle et paul les moutons ça avance en troupeau j'avais oublié,victim_support,OAG,bully/bully_support,NCG,DFN,NULL,NEG,scenario_religion_Justine_bis,religion
24,Paul94,10:35:26,j'avoue,conciliator,NAG,NULL,NULL,EMP,CR,NEU,scenario_religion_Justine_bis,religion
25,Isabelle5,10:36:05,mais elle s'affiche donc faut pas s'étonner elle cherche,bully_support,OAG,victim,OTH,GSL,CR,NEG,scenario_religion_Justine_bis,religion
26,Amine3324,10:36:22,elle s'affiche si elle veut,conciliator,NAG,NULL,NULL,DFN,GSL,NEU,scenario_religion_Justine_bis,religion
27,Paul94,10:36:24,et alors c'es juste une photo okalme,conciliator,NAG,NULL,NULL,DFN,GSL,NEU,scenario_religion_Justine_bis,religion
28,Ana79,10:36:32,mais c'est une blague j'espère elle fait ce qu'elle veut ca vous regarde pas,victim_support,OAG,bully_support,OTH,DFN,GSL,NEG,scenario_religion_Justine_bis,religion
29,Justine63,10:36:57,"je ne m'affiche pas, je poste juste une photo de mon petit frère, ça n'a rien d'anormal ni choquant, vous ne postez jamais des photos de votre famille ?",victim,NAG,NULL,NULL,CNS,GSL,NEU,scenario_religion_Justine_bis,religion
30,Ana79,10:37:17,mais laisse tomber ils sont jaloux,victim_support,OAG,bully/bully_support,OTH,DFN,NULL,NEG,scenario_religion_Justine_bis,religion
31,Guillaume,10:37:19,si me j suis pas juif,bully,CAG,victim,DNG,ATK,CNS,NEG,scenario_religion_Justine_bis,religion
32,leo42,10:37:23,elle fait ce qu'elle veut ou pas je m'en fou mais la elle s'affiche juste on s'en fou de sa vie,bully,OAG,victim,OTH,ATK,DFN,NEG,scenario_religion_Justine_bis,religion
33,Isabelle5,10:37:31,jaloux de quoi même,bully_support,NAG,NULL,NULL,OTH,DFN,NEU,scenario_religion_Justine_bis,religion
34,Justine63,10:37:35,et alors ? ça change quoi la religion à laquelle tu appartiens ? ca reste toujours mon petit frère,victim,NAG,NULL,NULL,DFN,ATK,NEU,scenario_religion_Justine_bis,religion
35,Ana79,10:38:16,"mais ftg on t,as deja dit qu'on s'en foutais de ton avis trop tu parles",victim_support,OAG,bully,OTH,DFN,ATK,NEG,scenario_religion_Justine_bis,religion
36,Justine63,10:38:23,"et toi ta religion ? on ne t'embête pas pour savoir ce en quoi tu crois, si ?",victim,NAG,NULL,NULL,DFN,ATK,NEU,scenario_religion_Justine_bis,religion
37,Justine63,10:38:46,ce n'est pas la peine qu'on s'insulte pour ça,victim,NAG,NULL,NULL,DFN,ATK,NEU,scenario_religion_Justine_bis,religion
38,Guillaume,10:39:00,juif!,bully,OAG,victim,DNG,ATK,DFN,NEG,scenario_religion_Justine_bis,religion
39,Lea,10:39:04,allez pas nous sortir des on s'en fou de sa vie quand vous publiez des photos de vos vieilles soirées,victim_support,OAG,bully,OTH,DFN,ATK,NEG,scenario_religion_Justine_bis,religion
40,leo42,10:39:05,deja ton ptit frere on lui a couper le zizi c'est plus un homme,bully,OAG,victim,DNG,ATK,DFN,NEG,scenario_religion_Justine_bis,religion
41,Paul94,10:39:13,au cachot guillaume,conciliator,OAG,bully,OTH,DFN,ATK,NEG,scenario_religion_Justine_bis,religion
42,Justine63,10:39:18,"et alors, je ne te crie pas ""catho"" à la g si ?",victim,NAG,NULL,NULL,DFN,ATK,NEG,scenario_religion_Justine_bis,religion
43,Paul94,10:39:49,etre méchant c'est mal les gars,conciliator,OAG,bully/bully_support,OTH,DFN,NULL,NEG,scenario_religion_Justine_bis,religion
44,Ana79,10:39:54,"mdr leo y veut jouer a la plus grosse avec ton ptit frr il a vrmt un prblm t,es complexer par la tienne",victim_support,CAG,bully,OTH,DFN,ATK,NEG,scenario_religion_Justine_bis,religion
45,Justine63,10:40:06,"on est d'abord des êtres humains après les croyances ça regarde pas les autres, c'est la vie privée, la famille",victim,NAG,NULL,NULL,CNS,ATK,NEU,scenario_religion_Justine_bis,religion
46,Amine3324,10:40:38,au pire les harceleurs allez vous faire foutre,conciliator,OAG,bully/bully_support,OTH,DFN,NULL,NEG,scenario_religion_Justine_bis,religion
47,Paul94,10:40:56,comment ça mon reuf ta craqé,conciliator,OAG,bully,OTH,DFN,ATK,NEG,scenario_religion_Justine_bis,religion
48,leo42,10:41:10,kestu veux toi casse toi,bully,OAG,victim_support,OTH,ATK,DFN,NEG,scenario_religion_Justine_bis,religion
49,Paul94,10:41:16,feur,conciliator,NAG,NULL,NULL,OTH,ATK,NEU,scenario_religion_Justine_bis,religion
50,Ana79,10:41:16,ftg leo,victim_support,OAG,bully,OTH,DFN,ATK,NEG,scenario_religion_Justine_bis,religion
51,Amine3324,10:41:22,vas y vous avez pas de vie,conciliator,OAG,bully,DNG,DFN,ATK,NEG,scenario_religion_Justine_bis,religion
52,Paul94,10:41:22,raconte pas ta vie leo,conciliator,OAG,bully,OTH,DFN,ATK,NEG,scenario_religion_Justine_bis,religion
53,Justine63,10:41:26,,victim,NAG,NULL,NULL,OTH,NULL,NEU,scenario_religion_Justine_bis,religion
54,Paul94,10:41:39,soyez sympa come les bisou nours,conciliator,NAG,NULL,NULL,CR,NULL,NEU,scenario_religion_Justine_bis,religion
55,Lea,10:42:20,apprenez a écrire avant de raconter de la merde,victim_support,OAG,bully,DNG,DFN,ATK,NEG,scenario_religion_Justine_bis,religion
56,leo42,10:42:20,paul mais casse toi laisse la juive se defendre seul,bully,OAG,victim/conciliator,OTH,ATK,NULL,NEG,scenario_religion_Justine_bis,religion
57,Guillaume,10:42:21,je veux pas faire bisous a un juif,bully,OAG,victim,DNG,ATK,CR,NEG,scenario_religion_Justine_bis,religion
58,Justine63,10:42:49,"vous êtes graves, je suis Justine et pas la juive, je suis une personne et pas quelqu'un à anéantir",victim,OAG,bully,OTH,DFN,ATK,NEG,scenario_religion_Justine_bis,religion
59,Paul94,10:42:50,meme sur la joue,conciliator,NAG,NULL,NULL,OTH,ATK,NEU,scenario_religion_Justine_bis,religion
60,Lea,10:43:47,vous en aurai jamais de toute façon arrêter,victim_support,CAG,bully,OTH,DFN,ATK,NEG,scenario_religion_Justine_bis,religion
61,Ana79,10:43:59,bah mdr peut etre elle veut te faire un bisou elle,victim_support,CAG,bully,OTH,DFN,ATK,NEG,scenario_religion_Justine_bis,religion
62,leo42,10:44:37,toute facon la juive et ses gardes du corps on s'en fou de vos vie postez vos photos de merde ailleurs,bully,OAG,victim/victim_support/conciliator,OTH,ATK,NULL,NEG,scenario_religion_Justine_bis,religion
63,Justine63,10:44:58,"mais ça te fait quoi que je sois juive, en quoi ça te dérange ?",victim,OAG,bully,OTH,DFN,ATK,NEG,scenario_religion_Justine_bis,religion
64,Lea,10:45:13,bah regarde ailleurs alors,victim_support,OAG,bully,OTH,DFN,ATK,NEG,scenario_religion_Justine_bis,religion
65,Ana79,10:45:20,mais c'est toi tu donnes ton avis depuis tt a l'heure alors qu'on s'en bat les couilles et si tu t'en fous casse toi et arrete de parler,victim_support,OAG,bully,OTH,DFN,ATK,NEG,scenario_religion_Justine_bis,religion
66,Amine3324,10:45:24,toi quand tu poste des photos on donne pa s notre avis,conciliator,NAG,NULL,NULL,CNS,ATK,NEU,scenario_religion_Justine_bis,religion
67,leo42,10:45:37,oue retourne a jerusalem,bully,OAG,victim,DNG,ATK,DFN,NEG,scenario_religion_Justine_bis,religion
68,Ana79,10:45:44,va faire ta vie si t'en a une parce que j'ai des doutes,victim_support,CAG,bully,OTH,DFN,ATK,NEG,scenario_religion_Justine_bis,religion
69,Justine63,10:46:00,"Mais tun'es  meme pas capable de répondre à ma question, ça vous fait quoi que je sois juive ?",victim,OAG,bully,OTH,DFN,ATK,NEG,scenario_religion_Justine_bis,religion
70,Ana79,10:46:21,laisse tomber ila 0 reparti,victim_support,OAG,bully,OTH,DFN,ATK,NEG,scenario_religion_Justine_bis,religion
71,Isabelle5,10:46:45,ba ca nous dérange,bully_support,OAG,victim,OTH,ATK,DFN,NEG,scenario_religion_Justine_bis,religion
72,Justine63,10:46:55,et pourquoi ?,victim,NAG,NULL,NULL,DFN,ATK,NEU,scenario_religion_Justine_bis,religion
73,Isabelle5,10:47:08,ba t'es pas comme nous,bully_support,OAG,victim,DNG,ATK,DFN,NEG,scenario_religion_Justine_bis,religion
74,leo42,10:47:09,on aime pas les juifs,bully,OAG,victim,DNG,ATK,DFN,NEG,scenario_religion_Justine_bis,religion
75,Ana79,10:47:14,bah on s'en balec que ca vs derange on vs demande pas votre avis,victim_support,OAG,bully,OTH,DFN,ATK,NEG,scenario_religion_Justine_bis,religion
76,leo42,10:47:48,alors poste pas sur internet si l'avis des gens te derange,bully,OAG,victim,OTH,ATK,DFN,NEG,scenario_religion_Justine_bis,religion
77,Justine63,10:47:52,"mais si je suis comme vous, rien ne change sauf pour mon mode de vie mais ça ne change rien à la vôtre, on vous laisse tranquille alors fichez nous la paix",victim,NAG,NULL,NULL,DFN,ATK,NEG,scenario_religion_Justine_bis,religion
78,Ana79,10:48:12,tu fais tiep leo,victim_support,OAG,bully,DNG,DFN,ATK,NEG,scenario_religion_Justine_bis,religion
79,Lea,10:48:30,perso je préfère être différente que vous ressembler et être une bande de mouton a suivre une personne raciste,victim_support,OAG,bully/bully_support,OTH,DFN,NULL,NEG,scenario_religion_Justine_bis,religion
80,Justine63,10:48:33,on ne vous oblige pas à être juifs donc ...,victim,OAG,bully/bully_support,OTH,DFN,NULL,NEG,scenario_religion_Justine_bis,religion
81,leo42,10:48:46,\O/  : toi qui tient ta kipa,bully,OAG,victim,OTH,ATK,DFN,NEG,scenario_religion_Justine_bis,religion
82,Justine63,10:49:03,et alors qu'est-ce que ça peut te faire ? elle te gene en quoi la kipa ?,victim,NAG,NULL,NULL,DFN,ATK,NEU,scenario_religion_Justine_bis,religion
83,Ana79,10:49:13,mdr t'es quoi toi leo chrétien?,victim_support,CAG,bully,OTH,DFN,ATK,NEG,scenario_religion_Justine_bis,religion
84,leo42,10:49:30,nan athée,bully,NAG,NULL,NULL,OTH,DFN,NEU,scenario_religion_Justine_bis,religion
85,Justine63,10:49:50,"et alors on n'essaie pas de t'obliger à avoir une religion, pourquoi tu embêtes les autres ?",victim,NAG,NULL,NULL,DFN,ATK,NEG,scenario_religion_Justine_bis,religion
86,Ana79,10:49:59,ET C4EST QUOI TON PRBLM AVEC LES JUIFS,victim_support,OAG,bully,OTH,DFN,ATK,NEG,scenario_religion_Justine_bis,religion
87,Amine3324,10:50:00,une raisn de plus pour pas juger les religions des autres,conciliator,NAG,NULL,NULL,CNS,ATK,NEU,scenario_religion_Justine_bis,religion
88,leo42,10:50:18,BAS LES COUILLES,bully,OAG,victim,OTH,ATK,DFN,NEG,scenario_religion_Justine_bis,religion
89,Justine63,10:50:26,ah ben le débat s'élève,victim,NAG,NULL,NULL,OTH,NULL,NEU,scenario_religion_Justine_bis,religion
90,leo42,10:50:38,non je suis tres calme et toi t'es juive,bully,OAG,victim,OTH,ATK,OTH,NEG,scenario_religion_Justine_bis,religion
91,Justine63,10:50:44,:O,victim,NAG,NULL,NULL,OTH,NULL,NEU,scenario_religion_Justine_bis,religion
92,Ana79,10:51:24,attention léo a des ptn d'arguments,victim_support,CAG,bully,OTH,DFN,ATK,NEG,scenario_religion_Justine_bis,religion
93,leo42,10:51:39,tout ca pour ca jsuis decu,bully,NAG,NULL,NULL,OTH,DFN,NEU,scenario_religion_Justine_bis,religion
94,Justine63,10:51:54,deçu de quoi ?,victim,NAG,NULL,NULL,OTH,OTH,NEU,scenario_religion_Justine_bis,religion
95,Lea,10:52:16,laisse leur seul argumentation est qu'elle est juive waw bravo vous êtes allés a l'ecole,victim_support,CAG,bully,DNG,DFN,ATK,NEG,scenario_religion_Justine_bis,religion
96,leo42,10:52:30,c'est suffisant,bully,NAG,NULL,NULL,OTH,DFN,NEG,scenario_religion_Justine_bis,religion
97,Justine63,10:52:33,c clair!,victim,NAG,NULL,NULL,OTH,OTH,NEU,scenario_religion_Justine_bis,religion
98,leo42,10:52:33,pas besoin de plus,bully,NAG,NULL,NULL,OTH,OTH,NEU,scenario_religion_Justine_bis,religion
99,Justine63,10:52:44,ca reste très limité,victim,NAG,NULL,NULL,OTH,OTH,NEU,scenario_religion_Justine_bis,religion
100,Amine3324,10:52:58,ptn leo t'a pas d'autres choses a faire,conciliator,OAG,bully,NCG,DFN,ATK,NEG,scenario_religion_Justine_bis,religion
101,Lea,10:53:00,pas pour aller faire le fiere et dénigrer les gens nan il a pas de vie,victim_support,OAG,bully,DNG,DFN,ATK,NEG,scenario_religion_Justine_bis,religion
102,Amine3324,10:55:10,leo sale chien,conciliator,OAG,bully,NCG,DFN,ATK,NEG,scenario_religion_Justine_bis,religion
103,leo42,10:55:14,et kesta mon pote baise toi tu te prend pour jsp qui a prendre la defens ed'une juive casse toi,bully,OAG,victim/victim_support/conciliator,OTH,ATK,NULL,NEG,scenario_religion_Justine_bis,religion
0,<Justine>,[11:34:40],"C'est pas raisonnable ! Nous ne t'avons rien fait, non ?!",victim,NAG,NULL,NULL,OTH,NULL,NEU,scenario_religion_Justine_fourth,religion
1,<Isabelle>,[11:34:47],Pourquoi exposer sa religion sur les réseaux sociaux garde le pour toi !,bully_support,OAG,victim,OTH,ATK,OTH,NEG,scenario_religion_Justine_fourth,religion
2,<Justine>,[11:34:52],Je partageait un moment heureux de ma vie!! C'est pas une faute!,victim,NAG,NULL,NULL,DFN,ATK,NEU,scenario_religion_Justine_fourth,religion
3,<Justine>,[11:34:54],"Lea, heureusement tu est là, j'ai vraiment besoin de ton soutine",victim,NAG,NULL,NULL,EMP,NULL,NEU,scenario_religion_Justine_fourth,religion
4,<Isabelle>,[11:34:55],Léo et guillaume ont eu raison c'est tout,bully_support,OAG,victim,OTH,AIN,NULL,NEG,scenario_religion_Justine_fourth,religion
5,<Justine>,[11:34:58],"Non, ils ont été méchants gratuitement .…",victim,OAG,bully_support,OTH,DFN,AIN,NEG,scenario_religion_Justine_fourth,religion
7,<Isabelle>,[11:34:59],ils ont ete mechant pour la bonne cause,bully_support,OAG,victim,OTH,ATK,DFN,NEG,scenario_religion_Justine_fourth,religion
8,<Isabelle>,[11:35:09],Tout le monde s'en fou de ta cérémonie,bully_support,OAG,victim,OTH,ATK,DFN,NEG,scenario_religion_Justine_fourth,religion
9,<Justine>,[11:35:16],je ne changerai pas de religion apres leurs attaques ...,victim,NAG,NULL,NULL,DFN,ATK,NEU,scenario_religion_Justine_fourth,religion
10,<Justine>,[11:35:17],ces't quoi la bonne cause?,victim,NAG,NULL,NULL,DFN,ATK,NEG,scenario_religion_Justine_fourth,religion
11,<Isabelle>,[11:35:17],On ta pas demande de changer de religion juste de ne pas l'exposer parce qu'on s'en fou,bully_support,OAG,victim,OTH,ATK,DFN,NEG,scenario_religion_Justine_fourth,religion
16,<Justine>,[11:35:22],Mai je suis libre de partager mes moments en famille sur les réseaux sociaux,victim,NAG,NULL,NULL,DFN,ATK,NEU,scenario_religion_Justine_fourth,religion
17,<gillom>,[11:35:26],ftg juif,bully,OAG,victim,OTH,ATK,DFN,NEG,scenario_religion_Justine_fourth,religion
19,<Justine>,[11:35:27],"Guillaume, tais-toi !",victim,OAG,NULL,OTH,OTH,NULL,NEG,scenario_religion_Justine_fourth,religion
20,<Isabelle>,[11:35:28],non il a raison toi tait toi,bully_support,OAG,victim,OTH,ATK,OTH,NEG,scenario_religion_Justine_fourth,religion
21,<gillom>,[11:35:30],mais ntm waich,bully,OAG,victim,OTH,ATK,OTH,NEG,scenario_religion_Justine_fourth,religion
22,<Ana>,[11:35:34],??,victim_support,NAG,NULL,NULL,OTH,NULL,NEU,scenario_religion_Justine_fourth,religion
23,<Aurelie>,[11:35:37],j'avoue ferme la sale juif,bully_support,OAG,victim,OTH,ATK,OTH,NEG,scenario_religion_Justine_fourth,religion
24,<Justine>,[11:35:46],Quel est ton probleme Guillaume?!,victim,NAG,NULL,NULL,OTH,NULL,NEG,scenario_religion_Justine_fourth,religion
26,<Ana>,[11:35:46],pardon???,victim_support,NAG,NULL,NULL,OTH,NULL,NEU,scenario_religion_Justine_fourth,religion
27,<lea>,[11:35:47],arreter de l'insulter,victim_support,NAG,NULL,NULL,DFN,ATK,NEU,scenario_religion_Justine_fourth,religion
28,<gillom>,[11:35:47],jaim pa les juifs psk ils sont tah pa bo,bully,OAG,victim,DNG,ATK,OTH,NEG,scenario_religion_Justine_fourth,religion
29,<Isabelle>,[11:35:53],ferme la,bully_support,OAG,victim,OTH,ATK,OTH,NEG,scenario_religion_Justine_fourth,religion
30,<gillom>,[11:35:54],en plus ils on tro darjen et tout,bully,OAG,victim,DNG,ATK,OTH,NEG,scenario_religion_Justine_fourth,religion
31,<Isabelle>,[11:35:57],javoue,bully_support,NAG,NULL,NULL,AIN,ATK,NEG,scenario_religion_Justine_fourth,religion
32,<Aurelie>,[11:35:57],carrement,bully_support,NAG,NULL,NULL,AIN,ATK,NEG,scenario_religion_Justine_fourth,religion
34,<lea>,[11:36:13],c'est parce que vous aimez pas que faut l'insulter,victim_support,NAG,NULL,NULL,DFN,ATK,NEG,scenario_religion_Justine_fourth,religion
35,<Isabelle>,[11:36:16],oh tg,bully_support,OAG,victim_support,OTH,ATK,DFN,NEG,scenario_religion_Justine_fourth,religion
36,<gillom>,[11:36:20],vous o moins vou etes pa juif,bully,CAG,victim_support,DNG,ATK,DFN,NEG,scenario_religion_Justine_fourth,religion
37,<Justine>,[11:36:28],"C'est ma religion, vous ne devez pas la partager",victim,NAG,NULL,NULL,DFN,ATK,NEU,scenario_religion_Justine_fourth,religion
38,<gillom>,[11:36:28],tavais qua pas la partager,bully,CAG,victim,OTH,ATK,DFN,NEG,scenario_religion_Justine_fourth,religion
39,<Ana>,[11:36:34],mais pk juste soit logique dans ton raisonnement? Gillom ?,victim_support,OAG,bully,OTH,DFN,ATK,NEG,scenario_religion_Justine_fourth,religion
40,<gillom>,[11:36:35],konass,bully,OAG,victim,NCG,ATK,DFN,NEG,scenario_religion_Justine_fourth,religion
41,<Aurelie>,[11:36:42],t'as qu'a pas la partager toi meme,bully_support,OAG,victim,OTH,ATK,DFN,NEG,scenario_religion_Justine_fourth,religion
42,<Isabelle>,[11:36:46],bah c pour ca l'expose pas et t'aura pas de commantaire,bully_support,OAG,victim,OTH,ATK,DFN,NEG,scenario_religion_Justine_fourth,religion
43,<lea>,[11:36:49],il faut la respecter,victim_support,NAG,NULL,NULL,CNS,ATK,NEU,scenario_religion_Justine_fourth,religion
44,<gillom>,[11:37:06],bv,bully,OAG,victim,OTH,AIN,ATK,NEG,scenario_religion_Justine_fourth,religion
45,<gillom>,[11:37:13],nn on respect pa waich,bully,OAG,victim,OTH,ATK,EMP,NEG,scenario_religion_Justine_fourth,religion
46,<Justine>,[11:37:13],Merci Lea!,victim,NAG,NULL,NULL,OTH,EMP,NEU,scenario_religion_Justine_fourth,religion
47,<gillom>,[11:37:17],tg lea,bully,OAG,victim_support,OTH,ATK,EMP,NEG,scenario_religion_Justine_fourth,religion
48,<Justine>,[11:37:19],Vous etes des intollerants!,victim,OAG,bully/bully_support,OTH,DFN,NULL,NEG,scenario_religion_Justine_fourth,religion
49,<gillom>,[11:37:34],sale juif,bully,OAG,victim,NCG,ATK,DFN,NEG,scenario_religion_Justine_fourth,religion
52,<lea>,[11:37:36],elle voulait seulement montrer un bon moment qu'elle a passer,victim_support,NAG,NULL,NULL,CNS,ATK,NEU,scenario_religion_Justine_fourth,religion
53,<Justine>,[11:37:40],Fais-toi une vie Guillaume et laisse-moi tranquille !,victim,OAG,bully,OTH,DFN,ATK,NEG,scenario_religion_Justine_fourth,religion
54,<Isabelle>,[11:37:51],mais on s'en blc,bully_support,OAG,victim,OTH,ATK,DFN,NEG,scenario_religion_Justine_fourth,religion
56,<Isabelle>,[11:37:54],de sa vie,bully_support,OAG,victim,OTH,ATK,CNS,NEG,scenario_religion_Justine_fourth,religion
57,<Aurelie>,[11:37:55],on est dans un pays laique donc vos gueules et partagez pas votre religion,bully_support,OAG,victim,OTH,ATK,DFN,NEG,scenario_religion_Justine_fourth,religion
58,<Ana>,[11:38:00],Je vois pas en quoi Justine te dérange laisse la tranquille,victim_support,NAG,NULL,NULL,DFN,ATK,NEU,scenario_religion_Justine_fourth,religion
59,<lea>,[11:38:02],oui,victim_support,NAG,NULL,NULL,EMP,DFN,NEG,scenario_religion_Justine_fourth,religion
61,<Isabelle>,[11:38:07],alors elle se plaint pas d'avoir des commantaires,bully_support,OAG,victim,OTH,ATK,DFN,NEG,scenario_religion_Justine_fourth,religion
62,<Justine>,                                        ,"Je ne voulais pas vous convecre, c'estait juste une photo!!!!",victim,NAG,NULL,NULL,DFN,ATK,NEG,scenario_religion_Justine_fourth,religion
66,<gillom>,[11:38:27],si tu voullais pas ten prendre plein la gueule fallais rien poster,bully,OAG,victim,BLM,ATK,DFN,NEG,scenario_religion_Justine_fourth,religion
67,<Justine>,330,Vous n'avez vraiment rien ? faire pour perdre autant de temps avec ma photo.,victim,OAG,bully,OTH,DFN,ATK,NEG,scenario_religion_Justine_fourth,religion
68,<Isabelle>,[11:38:34],si elle expose sa vie elle s'expose aussi  avoir es commentaires negatifs,bully_support,OAG,victim,OTH,ATK,DFN,NEG,scenario_religion_Justine_fourth,religion
69,<Paul>,[11:38:34],oh les gars laisser la religion de justine tranquille elle a respecter la votre elle,conciliator,NAG,NULL,NULL,CR,NULL,NEU,scenario_religion_Justine_fourth,religion
70,<gillom>,[11:38:44],ratio,bully,NAG,NULL,NULL,OTH,NULL,NEU,scenario_religion_Justine_fourth,religion
71,<Isabelle>,[11:38:46],donc faut qu'elle la ferme en despi,bully_support,OAG,victim,OTH,ATK,CR,NEG,scenario_religion_Justine_fourth,religion
74,<gillom>,[11:38:47],justine jte pisse dans la bouche,bully,OAG,conciliator,OTH,ATK,CR,NEG,scenario_religion_Justine_fourth,religion
77,<lea>,[11:38:54],t'es vrai qu'un gamin,victim_support,OAG,bully_support,OTH,DFN,ATK,NEG,scenario_religion_Justine_fourth,religion
78,<Isabelle>,[11:38:58],lea tg,bully_support,OAG,victim_support,OTH,ATK,DFN,NEG,scenario_religion_Justine_fourth,religion
79,<lea>,[11:39:19],vraiment*,victim_support,OAG,bully_support,OTH,DFN,ATK,NEU,scenario_religion_Justine_fourth,religion
81,<Ana>,[11:39:21],Je- je sais pas si on est censé vous convaincre que ce que vous dites c'est stupide ou juste vous laisser dire de la merde,victim_support,OAG,bully,OTH,DFN,ATK,NEG,scenario_religion_Justine_fourth,religion
83,<gillom>,[11:39:26],grv porte tes enorme boulles et affronte moi,bully,OAG,victim_support,OTH,ATK,DFN,NEG,scenario_religion_Justine_fourth,religion
87,<Paul>,[11:39:29],apprends a ecrire cousin,conciliator,CAG,bully,DNG,DFN,ATK,NEG,scenario_religion_Justine_fourth,religion
88,<gillom>,[11:39:47],je suis disslexik,bully,CAG,conciliator,OTH,ATK,DFN,NEU,scenario_religion_Justine_fourth,religion
94,<gillom>,[11:39:54],t handicapophobe,bully,CAG,conciliator,OTH,ATK,DFN,NEG,scenario_religion_Justine_fourth,religion
95,<Paul>,[11:40:08],bref laisser la religion en dehors de ca les loulous,conciliator,OAG,bully/bully_support,OTH,DFN,NULL,NEG,scenario_religion_Justine_fourth,religion
96,<Aurelie>,[11:40:09],j'avoue d'ou tu critique,bully_support,NAG,NULL,NULL,AIN,ATK,NEG,scenario_religion_Justine_fourth,religion
97,<gillom>,[11:40:20],ftg chui pa ton loulou,bully,OAG,conciliator,OTH,ATK,DFN,NEG,scenario_religion_Justine_fourth,religion
100,<gillom>,[11:40:27],non,bully,OAG,conciliator,OTH,ATK,DFN,NEG,scenario_religion_Justine_fourth,religion
112,<lea>,[11:40:28],on te soutiens justine,victim_support,NAG,NULL,NULL,EMP,NULL,POS,scenario_religion_Justine_fourth,religion
114,<Isabelle>,[11:40:35],non,bully_support,OAG,conciliator,OTH,ATK,DFN,NEG,scenario_religion_Justine_fourth,religion
216,<Paul>,[11:40:35],t'aimerai quon parle de votre religion comme ca ?,conciliator,NAG,NULL,NULL,DFN,ATK,NEG,scenario_religion_Justine_fourth,religion
234,<Isabelle>,[11:40:42],toi ta gueule,bully_support,OAG,conciliator,OTH,ATK,DFN,NEG,scenario_religion_Justine_fourth,religion
239,<gillom>,[11:40:47],aller bagar,bully,OAG,victim,OTH,ATK,DFN,NEG,scenario_religion_Justine_fourth,religion
241,<gillom>,[11:40:48],BAGAR MOI KONTR A JUIF,bully,OAG,victim,OTH,ATK,DFN,NEG,scenario_religion_Justine_fourth,religion
0,Lea,15:36:45,Bonjour !,victim_support,NAG,NULL,NULL,OTH,NULL,NEU,scenario_religion_Justine_third,religion
1,Lea,15:37:32,"Léo et Guillaume, faut qu'on parle.",victim_support,NAG,NULL,NULL,OTH,NULL,NEU,scenario_religion_Justine_third,religion
2,amine66,15:37:45,wsh,conciliator,NAG,NULL,NULL,OTH,NULL,NEU,scenario_religion_Justine_third,religion
3,Lea,15:37:50,Vous pensez que votre comportement est acceptable ?,victim_support,NAG,NULL,NULL,OTH,NULL,NEG,scenario_religion_Justine_third,religion
4,Isabelle3,15:37:54,oula,bully_support,NAG,NULL,NULL,OTH,NULL,NEU,scenario_religion_Justine_third,religion
5,Leo69,15:38:13,ca gaz les gars?,bully,NAG,NULL,NULL,OTH,NULL,NEU,scenario_religion_Justine_third,religion
6,amine66,15:38:20,ça dit quoi,conciliator,NAG,NULL,NULL,OTH,OTH,NEU,scenario_religion_Justine_third,religion
7,Leo69,15:38:25,feur,bully,NAG,NULL,NULL,OTH,OTH,NEU,scenario_religion_Justine_third,religion
9,Isabelle3,15:38:35,mais vsy toi ftg,bully_support,OAG,conciliator,OTH,ATK,OTH,NEG,scenario_religion_Justine_third,religion
11,Justine,15:38:54,"Lea, heureusement que tu es la J'en peut plus",victim,NAG,NULL,NULL,OTH,OTH,NEU,scenario_religion_Justine_third,religion
12,Lea,15:39:07,Faut bien ma belle,victim_support,NAG,NULL,NULL,OTH,OTH,NEU,scenario_religion_Justine_third,religion
13,Leo69,15:39:09,tg,bully,OAG,victim,OTH,ATK,OTH,NEG,scenario_religion_Justine_third,religion
14,Lea,15:39:15,Tais-toi toi,victim_support,OAG,bully_support,OTH,DFN,ATK,NEG,scenario_religion_Justine_third,religion
15,Isabelle3,15:39:22,c’est bon arrête un peu de faire l’assistante sociale on s’en blc,bully_support,CAG,victim_support,OTH,ATK,OTH,NEG,scenario_religion_Justine_third,religion
16,amine66,15:39:28,les gens faites l’amour pas la paix,conciliator,NAG,NULL,NULL,DFN,ATK,NEU,scenario_religion_Justine_third,religion
17,Lea,15:39:29,Vous vous croyez intelligents avec vos remarques à la con,victim_support,OAG,bully_support,DNG,DFN,ATK,NEG,scenario_religion_Justine_third,religion
18,Justine,15:39:30,Leo et Guillaume sont insupportables HAAHAHHA Amine a bien raison,victim,OAG,bully,OTH,EMP,DFN,NEG,scenario_religion_Justine_third,religion
19,Aurelie,15:39:48,justine pas trop gazer ca va ?,bully_support,CAG,victim,OTH,ATK,EMP,NEG,scenario_religion_Justine_third,religion
20,Leo69,15:39:58,hahahahah,bully,NAG,NULL,NULL,AIN,ATK,NEG,scenario_religion_Justine_third,religion
21,Isabelle3,15:40:25,faut aller prendre la douche,bully_support,CAG,victim,OTH,AIN,ATK,NEG,scenario_religion_Justine_third,religion
22,Lea,15:40:30,"Et allez, c'est bon, bande de sous-merdes à insulter les juifs alors que vous valez rien",victim_support,OAG,bully/bully_support,OTH,DFN,NULL,NEG,scenario_religion_Justine_third,religion
24,Isabelle3,15:40:40,juif,bully_support,OAG,victim,OTH,ATK,DFN,NEG,scenario_religion_Justine_third,religion
25,Lea,15:40:40,Sérieux les gars remettez-vous en question,victim_support,OAG,bully/bully_support,OTH,DFN,NULL,NEG,scenario_religion_Justine_third,religion
26,Aurelie,15:40:50,rammasse les cendre de ta famille tais toi,bully_support,OAG,victim_support,OTH,ATK,DFN,NEG,scenario_religion_Justine_third,religion
27,Leo69,15:40:53,amine va te faire PTDRRR,bully,CAG,victim,OTH,ATK,DFN,NEG,scenario_religion_Justine_third,religion
28,Isabelle3,15:41:04,PTDRRRR,bully_support,NAG,NULL,NULL,AIN,ATK,NEG,scenario_religion_Justine_third,religion
29,Justine,15:41:12,"Isabelle, quel est ton problème avec la photo de mon frere ??!",victim,OAG,bully_support,OTH,DFN,ATK,NEG,scenario_religion_Justine_third,religion
30,Guillaume,15:41:19,beurk une juif,bully,OAG,victim,DNG,ATK,DFN,NEG,scenario_religion_Justine_third,religion
31,Isabelle3,15:41:24,il est juif quoi,bully_support,OAG,victim,OTH,AIN,ATK,NEG,scenario_religion_Justine_third,religion
32,Leo69,15:41:28,nique les juifs,bully,OAG,victim,OTH,AIN,ATK,NEG,scenario_religion_Justine_third,religion
33,Isabelle3,15:41:29,toi aussi dcp pas fou,bully_support,OAG,victim_support,NCG,ATK,DFN,NEG,scenario_religion_Justine_third,religion
34,Lea,15:41:41,"Votre dignité est inexistante. Vous vous prenez pour les maîtres du monde en insultant des minorités, mais ça ne montre que votre puérilité totale.",victim_support,OAG,bully/bully_support,OTH,DFN,NULL,NEG,scenario_religion_Justine_third,religion
35,Isabelle3,15:41:45,après il est mignon hein mais faudrait penser à changer de religion mskn,bully_support,OAG,victim,DNG,ATK,DFN,NEG,scenario_religion_Justine_third,religion
36,Guillaume,15:41:51,ouais c'est repoussant les juifs,bully,OAG,victim,DNG,ATK,DFN,NEG,scenario_religion_Justine_third,religion
37,Lea,15:42:03,À un moment faut la fermer,victim_support,OAG,bully_support,OTH,DFN,ATK,NEG,scenario_religion_Justine_third,religion
38,Isabelle3,15:42:10,ok meuf justine est pas capable de gérer tt seule ou quoi,bully_support,CAG,victim,OTH,ATK,DFN,NEG,scenario_religion_Justine_third,religion
40,Lea,15:42:22,Votre daronne elle serait pas fière de vous honnêtement,victim_support,OAG,bully_support,OTH,DFN,ATK,NEG,scenario_religion_Justine_third,religion
41,amine66,15:42:28,laissez la trkl,conciliator,NAG,NULL,NULL,CR,NULL,NEU,scenario_religion_Justine_third,religion
42,Isabelle3,15:42:28,elle est morte,bully_support,CAG,victim_support,OTH,ATK,DFN,NEG,scenario_religion_Justine_third,religion
44,Lea,15:42:30,Parce que vous êtes à deux sur elle,victim_support,CAG,bully/bully_support,OTH,DFN,NULL,NEG,scenario_religion_Justine_third,religion
45,Leo69,15:42:35,laisses ma mere trql toi,bully,CAG,victim/victim_support,OTH,ATK,NULL,NEG,scenario_religion_Justine_third,religion
47,Leo69,15:42:39,on va se battre,bully,CAG,victim/victim_support,OTH,ATK,NULL,NEG,scenario_religion_Justine_third,religion
48,Aurelie,15:42:43,dit tg,bully_support,OAG,victim_support,OTH,ATK,DFN,NEG,scenario_religion_Justine_third,religion
50,Justine,15:43:02,Mais pourquoi autant de discussion sur cette photo?!,victim,OAG,bully/bully_support,OTH,DFN,NULL,NEG,scenario_religion_Justine_third,religion
52,Guillaume,15:43:04,fait des nudes plutôt que des photos de ta religion,bully,OAG,victim,DNG,ATK,DFN,NEG,scenario_religion_Justine_third,religion
54,Justine,15:43:13,N'avez vous rien a faire dans la vie?,victim,CAG,bully,OTH,DFN,ATK,NEG,scenario_religion_Justine_third,religion
55,amine66,15:43:18,guillaume calme toi,conciliator,NAG,NULL,NULL,CR,ATK,NEU,scenario_religion_Justine_third,religion
56,Isabelle3,15:43:24,on est 17e siècle ou quoi parle normal cousine,bully_support,CAG,victim,OTH,ATK,DFN,NEG,scenario_religion_Justine_third,religion
57,Lea,15:43:28,Vous savez qu'insulter et cracher votre venin à tout va,victim_support,OAG,bully,DNG,DFN,ATK,NEG,scenario_religion_Justine_third,religion
58,Justine,15:43:30,C’etait juste un moment heureux en famille,victim,NAG,NULL,NULL,CNS,ATK,NEU,scenario_religion_Justine_third,religion
61,Guillaume,15:43:36,non,bully,NAG,NULL,NULL,OTH,CR,NEG,scenario_religion_Justine_third,religion
62,Lea,15:43:40,"Réel, foutez-lui la paix",victim_support,NAG,NULL,NULL,DFN,ATK,NEG,scenario_religion_Justine_third,religion
63,Justine,15:43:50,"Guillaume, non quoi?",victim,NAG,NULL,NULL,OTH,OTH,NEU,scenario_religion_Justine_third,religion
64,Leo69,15:43:53,beurk tu kiff les juifs amine,bully,OAG,conciliator,OTH,ATK,CR,NEG,scenario_religion_Justine_third,religion
65,Guillaume,15:43:55,la paix je connais pas,bully,CAG,victim_support,OTH,ATK,DFN,NEG,scenario_religion_Justine_third,religion
66,amine66,15:43:58,AURELIE FAIS GAFFE À TOI,conciliator,OAG,bully_support,OTH,DFN,ATK,NEG,scenario_religion_Justine_third,religion
67,Isabelle3,15:44:02,amine wsh??,bully_support,NAG,NULL,NULL,OTH,DFN,NEU,scenario_religion_Justine_third,religion
68,Guillaume,15:44:06,je suis ukrainien,bully,CAG,victim,OTH,ATK,OTH,NEG,scenario_religion_Justine_third,religion
69,Justine,15:44:12,Tu dois te calmer Guillaume Je m'en fiche,victim,NAG,NULL,NULL,DFN,ATK,NEG,scenario_religion_Justine_third,religion
71,Isabelle3,15:44:28,bah ukrainien c pas une religion,bully_support,NAG,NULL,NULL,OTH,ATK,NEU,scenario_religion_Justine_third,religion
72,Lea,15:44:31,@Justine je suis avec toi quoi qu'ils disent,victim_support,NAG,NULL,NULL,EMP,DFN,NEU,scenario_religion_Justine_third,religion
73,Leo69,15:44:38,lea la suceuse,bully,OAG,victim_support,DNG,ATK,EMP,NEG,scenario_religion_Justine_third,religion
74,Isabelle3,15:44:40,waaa solidarité alv alm sayer,bully_support,NAG,NULL,NULL,OTH,ATK,NEG,scenario_religion_Justine_third,religion
75,Guillaume,15:44:41,ouais balek,bully,CAG,victim,OTH,ATK,DFN,NEG,scenario_religion_Justine_third,religion
76,Lea,15:44:41,Ces remarques ne sont aucunement tolérables,victim_support,OAG,bully/bully_support,OTH,DFN,NULL,NEG,scenario_religion_Justine_third,religion
78,Isabelle3,15:44:49,on est pas dans les bisounours,bully_support,CAG,victim_support,OTH,ATK,DFN,NEG,scenario_religion_Justine_third,religion
79,Aurelie,15:44:54,tg va manger du porc,bully_support,OAG,victim_support,OTH,ATK,DFN,NEG,scenario_religion_Justine_third,religion
80,amine66,15:45:04,arrêtez avec les religions,conciliator,NAG,NULL,NULL,CR,NULL,NEU,scenario_religion_Justine_third,religion
81,Guillaume,15:45:06,dans la photo de Justine il y a Zemmour,bully,CAG,victim,OTH,ATK,DFN,NEG,scenario_religion_Justine_third,religion
82,Lea,15:45:10,Mdrrr au moins j'ai des rapports sexuels connard,victim_support,OAG,bully_support,OTH,DFN,ATK,NEG,scenario_religion_Justine_third,religion
83,Isabelle3,15:45:20,oulaaa,bully_support,NAG,NULL,NULL,OTH,DFN,NEG,scenario_religion_Justine_third,religion
84,Leo69,15:45:25,sale pute,bully,OAG,victim_support,NCG,ATK,DFN,NEG,scenario_religion_Justine_third,religion
85,Isabelle3,15:45:26,on part sur des sujets explicites je suis pas dans ça ici y’a des oukhty,bully_support,CAG,victim_support,OTH,ATK,DFN,NEG,scenario_religion_Justine_third,religion
86,Lea,15:45:37,C'est bon vos conneries me saoulent,victim_support,OAG,bully_support,DNG,DFN,ATK,NEG,scenario_religion_Justine_third,religion
87,Guillaume,15:45:38,le porc c toi AUR2LIE,bully,OAG,bully_support,OTH,OTH,ATK,NEG,scenario_religion_Justine_third,religion
88,Aurelie,15:45:56,sal cochone,bully_support,OAG,bully,NCG,ATK,OTH,NEG,scenario_religion_Justine_third,religion
89,amine66,15:45:57,laissez les trkl,conciliator,NAG,NULL,NULL,CR,NULL,NEU,scenario_religion_Justine_third,religion
90,Isabelle3,15:46:09,c pas psq t’as des rapports séxuels que faut s’en vanter,bully_support,OAG,victim_support,OTH,ATK,DFN,NEG,scenario_religion_Justine_third,religion
91,Guillaume,15:46:12,on dit une truie,bully,OAG,bully_support,NCG,AIN,ATK,NEG,scenario_religion_Justine_third,religion
92,Lea,15:46:13,"Vos blagues montrent un cruel manque de finesse et de raisonnement logique. Suceuse ou bon, vous devriez arrêter vos comportements puérils.",victim_support,OAG,bully,OTH,DFN,ATK,NEG,scenario_religion_Justine_third,religion
93,Justine,15:46:14,Il n'y a pas Zeimmour,victim,NAG,NULL,NULL,DFN,ATK,NEU,scenario_religion_Justine_third,religion
95,Justine,15:46:35,J'ai juste posté une photo c'est tout c'est une discussion complètement inutile,victim,NAG,NULL,NULL,DFN,ATK,NEG,scenario_religion_Justine_third,religion
96,Lea,15:46:53,Justine a le droit de faire une photo de sa Bar-Mitzvah non ? Exactement.,victim_support,CAG,bully,OTH,DFN,ATK,NEG,scenario_religion_Justine_third,religion
97,amine66,15:46:58,oui,conciliator,NAG,NULL,NULL,EMP,DFN,NEU,scenario_religion_Justine_third,religion
98,Leo69,15:47:00,evites on s en blc de ton truc de feuj jvais appeller hitler,bully,CAG,victim,DNG,ATK,DFN,NEG,scenario_religion_Justine_third,religion
99,Aurelie,15:47:06,c toi t inutile,bully_support,OAG,victim,DNG,ATK,DFN,NEG,scenario_religion_Justine_third,religion
100,amine66,15:47:08,ayaaaaa,conciliator,NAG,NULL,NULL,OTH,NULL,NEU,scenario_religion_Justine_third,religion
101,Guillaume,15:47:12,j'ai la phobie des photos juives,bully,OAG,victim,DNG,AIN,ATK,NEG,scenario_religion_Justine_third,religion
102,Isabelle3,15:47:13,ish ish c’est chaud,bully_support,CAG,victim_support,OTH,ATK,DFN,NEG,scenario_religion_Justine_third,religion
103,Aurelie,15:47:25,jsui juivofobe,bully_support,CAG,victim,OTH,ATK,DFN,NEG,scenario_religion_Justine_third,religion
104,Leo69,15:47:29,dommage qu il soit mort avant de finir son travail,bully,OAG,victim,OTH,ATK,DFN,NEG,scenario_religion_Justine_third,religion
105,Lea,15:47:34,Vous ne connaissez que des personnalités antisémites dis donc,victim_support,NAG,NULL,NULL,CNS,ATK,NEG,scenario_religion_Justine_third,religion
106,Guillaume,15:47:35,hitler il est dans ton cul,bully,OAG,victim,OTH,ATK,DFN,NEG,scenario_religion_Justine_third,religion
107,Lea,15:47:58,Ça montre bien que vous n'êtes qu'un ramassis fécal dégénéré pour vous en prendre à Justine,victim_support,CAG,bully,OTH,DFN,ATK,NEG,scenario_religion_Justine_third,religion
108,Aurelie,15:48:01,comme les cendre a ta mere,bully_support,OAG,victim_support,DNG,ATK,DFN,NEG,scenario_religion_Justine_third,religion
109,Isabelle3,15:48:03,bref justine arrête de poster des trucs comme ça aussi tu t’affiches,bully_support,OAG,victim,OTH,ATK,DFN,NEG,scenario_religion_Justine_third,religion
110,Guillaume,15:48:05,hitler je le suce,bully,OAG,victim,DNG,ATK,DFN,NEG,scenario_religion_Justine_third,religion
112,Lea,15:48:24,C'est vous qui vous vous affichez avec votre haine plus qu'autre chose,victim_support,CAG,bully,DNG,DFN,ATK,NEG,scenario_religion_Justine_third,religion
114,Lea,15:48:39,Ayez honte.,victim_support,CAG,bully,DNG,DFN,ATK,NEG,scenario_religion_Justine_third,religion
115,Guillaume,15:48:44,Justine ça te dit un date dans les chambres à gaz,bully,OAG,victim,DNG,ATK,NULL,NEG,scenario_religion_Justine_third,religion
116,Justine,15:48:49,"ah non Guillome, les blagues sur Hitler je ne les supporte pas",victim,NAG,NULL,NULL,CNS,ATK,NEG,scenario_religion_Justine_third,religion
117,amine66,15:48:52,aurelie fais gaffe à toi🔪,conciliator,OAG,bully_support,THR,DFN,ATK,NEG,scenario_religion_Justine_third,religion
118,Justine,15:49:03,T’exager,victim,NAG,NULL,NULL,DFN,ATK,NEG,scenario_religion_Justine_third,religion
119,Aurelie,15:49:13,trop fort guigui,bully_support,NAG,NULL,NULL,AIN,ATK,NEG,scenario_religion_Justine_third,religion
120,Lea,15:49:13,Putain on a atteint le point Godwin 3 fois tellement vous recyclez vos insultes,victim_support,OAG,bully/bully_support,DNG,DFN,NULL,NEG,scenario_religion_Justine_third,religion
121,Leo69,15:49:14,PTDRRR t trop drole guillaume,bully,NAG,NULL,NULL,AIN,ATK,NEG,scenario_religion_Justine_third,religion
122,Isabelle3,15:49:14,justine c’est grave drole t’abuse,bully_support,OAG,victim,DNG,ATK,DFN,NEG,scenario_religion_Justine_third,religion
123,Lea,15:49:33,Là c'est abusé Isabelle,victim_support,CAG,bully_support,OTH,DFN,ATK,NEG,scenario_religion_Justine_third,religion
124,Guillaume,15:49:35,merci Leo,bully,NAG,NULL,NULL,AIN,AIN,NEG,scenario_religion_Justine_third,religion
125,Isabelle3,15:49:35,bah toi t pas meilleure que nous t’arrête pas de dire la mm chose salope ba,bully_support,OAG,victim_support,NCG,ATK,DFN,NEG,scenario_religion_Justine_third,religion
126,Justine,15:49:40,En 2022 on parle encore de gaser les juifs c'est fou ca,victim,OAG,bully,OTH,DFN,AIN,NEG,scenario_religion_Justine_third,religion
127,Guillaume,15:49:47,oui,bully,OAG,victim,OTH,ATK,DFN,NEG,scenario_religion_Justine_third,religion
128,Isabelle3,15:49:54,c avec un z,bully_support,CAG,victim,OTH,ATK,DFN,NEG,scenario_religion_Justine_third,religion
129,amine66,15:49:54,c’est aberrant,conciliator,OAG,bully/bully_support,DNG,DFN,NULL,NEG,scenario_religion_Justine_third,religion
130,Isabelle3,15:49:57,gazer,bully_support,CAG,victim,OTH,ATK,DFN,NEG,scenario_religion_Justine_third,religion
131,Justine,15:49:57,Ca vous fait rire??,victim,CAG,bully_support,OTH,DFN,ATK,NEG,scenario_religion_Justine_third,religion
132,amine66,15:49:59,c’est miteux,conciliator,OAG,bully/bully_support,OTH,DFN,NULL,NEG,scenario_religion_Justine_third,religion
133,Justine,15:50:01,C'est orrible,victim,OAG,bully_support,OTH,DFN,ATK,NEG,scenario_religion_Justine_third,religion
134,Isabelle3,15:50:03,illettré ou quoi,bully_support,OAG,conciliator,OTH,ATK,DFN,NEG,scenario_religion_Justine_third,religion
135,Lea,15:50:04,Y a rien de drôle à ça,victim_support,CAG,bully_support,OTH,DFN,ATK,NEG,scenario_religion_Justine_third,religion
136,Isabelle3,15:50:08,si,bully_support,NAG,NULL,NULL,OTH,NULL,NEU,scenario_religion_Justine_third,religion
137,Aurelie,15:50:20,fait gaffe qd tu faite le menage de pas aspirer les cendre a ton pere,bully_support,OAG,victim/victim_support,DNG,ATK,NULL,NEG,scenario_religion_Justine_third,religion
138,Justine,15:50:20,Des millions de personnes sont mortes et Guillaume rit c'est insupportable,victim,NAG,NULL,NULL,CNS,ATK,NEG,scenario_religion_Justine_third,religion
140,Guillaume,15:50:36,on aurait pu arrêter si il n'y avait pas de survivant juifs de la guerre,bully,OAG,victim,DNG,ATK,DFN,NEG,scenario_religion_Justine_third,religion
141,Isabelle3,15:50:37,grave mdrrr ouch,bully_support,CAG,victim,OTH,AIN,ATK,NEG,scenario_religion_Justine_third,religion
143,Isabelle3,15:51:08,bon écoute c simple y’a un problème on se voit et on en parle c tout,bully_support,NAG,NULL,NULL,OTH,ATK,NEU,scenario_religion_Justine_third,religion
145,Lea,15:51:11,Je suis sans voix à force de lire ça. Y a pas à dire des insultes antisémites à tout va,victim_support,NAG,NULL,NULL,DFN,ATK,NEG,scenario_religion_Justine_third,religion
146,Isabelle3,15:51:15,nn jrigooe on en parle ps,bully_support,NAG,NULL,NULL,OTH,NULL,NEG,scenario_religion_Justine_third,religion
147,Leo69,15:51:17,bref justine ose remettre une photo de tes fetes de merde tu vas voir,bully,OAG,victim,THR,ATK,DFN,NEG,scenario_religion_Justine_third,religion
148,Isabelle3,15:51:22,ça va se battre,bully_support,NAG,NULL,NULL,AIN,NULL,NEG,scenario_religion_Justine_third,religion
149,Justine,15:51:24,Il y a eu heuresement des survivants juifs de la guerre: je suis la car ma grand mere a survécu,victim,NAG,NULL,NULL,DFN,ATK,NEG,scenario_religion_Justine_third,religion
150,amine66,15:51:28,bon venez on trouve un arrangement,conciliator,NAG,NULL,NULL,CR,NULL,NEU,scenario_religion_Justine_third,religion
151,Leo69,15:51:29,on va te prendre à 10,bully,OAG,victim,THR,ATK,DFN,NEG,scenario_religion_Justine_third,religion
152,Guillaume,15:51:31,vive les anticémites,bully,OAG,victim,DNG,ATK,DFN,NEG,scenario_religion_Justine_third,religion
153,amine66,15:51:33,on arrête les insultes,conciliator,NAG,NULL,NULL,CR,ATK,NEU,scenario_religion_Justine_third,religion
154,Guillaume,15:51:38,non,bully,OAG,conciliator,OTH,ATK,CR,NEG,scenario_religion_Justine_third,religion
155,Isabelle3,15:51:40,on s’en tape,bully_support,OAG,victim,DNG,ATK,DFN,NEG,scenario_religion_Justine_third,religion
156,Guillaume,15:51:43,non,bully,OAG,conciliator,OTH,ATK,CR,NEG,scenario_religion_Justine_third,religion
157,Aurelie,15:51:43,siii c bien les insulte,bully_support,OAG,victim/victim_support,OTH,ATK,NULL,NEG,scenario_religion_Justine_third,religion
158,amine66,15:51:43,guillaume ftg,conciliator,OAG,bully,OTH,DFN,ATK,NEG,scenario_religion_Justine_third,religion
159,Lea,15:51:44,"Allez-y hein, on se voit au lycée et on en parle, dégonflés :)",victim_support,OAG,bully/bully_support,OTH,DFN,NULL,NEG,scenario_religion_Justine_third,religion
160,Isabelle3,15:51:45,de ta vie HAHAHAHHA,bully_support,OAG,victim,DNG,ATK,DFN,NEG,scenario_religion_Justine_third,religion
161,Guillaume,15:51:50,nique toi,bully,OAG,conciliator,OTH,ATK,DFN,NEG,scenario_religion_Justine_third,religion
164,Lea,15:51:59,Vous assumez même pas vos insultes,victim_support,OAG,bully_support,OTH,DFN,ATK,NEG,scenario_religion_Justine_third,religion
165,Aurelie,15:52:00,jv tniker ta mere lea,bully_support,OAG,victim_support,OTH,ATK,DFN,NEG,scenario_religion_Justine_third,religion
166,amine66,15:52:00,arretez,conciliator,NAG,NULL,NULL,CR,NULL,NEU,scenario_religion_Justine_third,religion
167,Leo69,15:52:01,jtnique ta race,bully,OAG,victim_support,OTH,ATK,DFN,NEG,scenario_religion_Justine_third,religion
168,Guillaume,15:52:04,non amine,bully,OAG,conciliator,OTH,ATK,CR,NEG,scenario_religion_Justine_third,religion
169,Leo69,15:52:05,tva voir,bully,OAG,victim_support,THR,ATK,DFN,NEG,scenario_religion_Justine_third,religion
171,Isabelle3,15:52:12,on va te faire bouffer le sol la dégonfles de quoi,bully_support,OAG,victim_support,THR,ATK,DFN,NEG,scenario_religion_Justine_third,religion
172,Leo69,15:52:17,jdehek pas avec toi,bully,CAG,victim,OTH,ATK,DFN,NEG,scenario_religion_Justine_third,religion
173,amine66,15:52:19,tu kleh ou quoi,conciliator,OAG,bully_support,NCG,DFN,ATK,NEG,scenario_religion_Justine_third,religion
174,Leo69,15:52:20,sale feuj,bully,OAG,victim,NCG,ATK,DFN,NEG,scenario_religion_Justine_third,religion
175,Aurelie,15:52:36,juif de mort,bully_support,OAG,victim,DNG,ATK,DFN,NEG,scenario_religion_Justine_third,religion
176,Guillaume,15:52:40,amine vient 1v1 devant le lycéé,bully,OAG,conciliator,THR,ATK,DFN,NEG,scenario_religion_Justine_third,religion
192,Leo69,15:53:39,vsy demain 15h à la sortie tu vas voir,bully,OAG,victim,THR,ATK,DFN,NEG,scenario_religion_Justine_third,religion
0,<Coralie-Soutien-Victime>,[11:30:03 AM],bon julie t'arrete avec fatimah la cest toi la cochonne,victim_support,OAG,bully,NCG,DFN,NULL,NEG,scenario_religion_fatimah,religion
1,<Léo-Soutien-Harceleur>,[11:30:28 AM],Il se passe quoi ici ?,bully_support,NAG,NULL,NULL,OTH,NULL,NEU,scenario_religion_fatimah,religion
2,<Julie-Harceleur>,[11:30:55 AM],alors jvous bz tous,bully,OAG,victim/victim_support,OTH,ATK,DFN,NEG,scenario_religion_fatimah,religion
3,<Léo-Soutien-Harceleur>,[11:31:12 AM],Oh ça insulte mdrrrrr,bully_support,CAG,victim/victim_support,DNG,AIN,ATK,NEG,scenario_religion_fatimah,religion
4,<Pierre-Soutien-Victime>,[11:31:13 AM],tu bz qui toi,victim_support,OAG,bully,OTH,DFN,ATK,NEG,scenario_religion_fatimah,religion
5,<Julie-Harceleur>,[11:31:14 AM],vous êtes tous mes putes,bully,OAG,victim/victim_support,NCG,ATK,DFN,NEG,scenario_religion_fatimah,religion
6,<Fatimah-Victime>,[11:31:21 AM],c'est qui tous julie? jcomprends pas,victim,NAG,NULL,NULL,OTH,NULL,NEU,scenario_religion_fatimah,religion
7,<Coralie-Soutien-Victime>,[11:31:34 AM],mais gros lol cquoi ton pb va te pendre sal pute,victim_support,OAG,bully,OTH,DFN,ATK,NEG,scenario_religion_fatimah,religion
8,<Julie-Harceleur>,[11:31:37 AM],toi en particulier,bully,OAG,victim,OTH,ATK,OTH,NEG,scenario_religion_fatimah,religion
9,<Fatimah-Victime>,[11:31:45 AM],"aaaaaaaaaah ouais,  moi et pourquoi ?",victim,NAG,NULL,NULL,DFN,ATK,NEU,scenario_religion_fatimah,religion
10,<Léo-Soutien-Harceleur>,[11:31:50 AM],Ayouuuuu,bully_support,CAG,victim,OTH,ATK,DFN,NEG,scenario_religion_fatimah,religion
11,<Coralie-Soutien-Victime>,[11:31:56 AM],julie ftg,victim_support,OAG,bully,OTH,DFN,ATK,NEG,scenario_religion_fatimah,religion
12,<Julie-Harceleur>,[11:31:58 AM],prcq tu chauffes tous les mecs,bully,OAG,victim,DNG,ATK,DFN,NEG,scenario_religion_fatimah,religion
13,<Fatimah-Victime>,[11:32:02 AM],vasi Leo calme toi laisse julie parler,victim,NAG,NULL,NULL,CNS,ATK,NEU,scenario_religion_fatimah,religion
14,<Pierre-Soutien-Victime>,[11:32:13 AM],tu va te detendre julie,victim_support,NAG,NULL,NULL,OTH,ATK,NEU,scenario_religion_fatimah,religion
15,<Fatimah-Victime>,[11:32:13 AM],quelle sexplique,victim,NAG,NULL,NULL,CNS,ATK,NEU,scenario_religion_fatimah,religion
16,<Pauline-Conciliateur>,[11:32:15 AM],Ca sert a rien de se prendre la tête franchement,conciliator,NAG,NULL,NULL,CR,NULL,NEU,scenario_religion_fatimah,religion
17,<Léo-Soutien-Harceleur>,[11:32:32 AM],Bah scuse moi j'trouve ça marrant à peine on arrive y'a embrouille mdrrrrrr C'est toi laisse la parler wsh,bully_support,CAG,victim,OTH,ATK,CR,NEG,scenario_religion_fatimah,religion
18,<Pierre-Soutien-Victime>,[11:32:55 AM],a quelle moment c'est drole d'insulte les gens,victim_support,NAG,NULL,NULL,DFN,ATK,NEG,scenario_religion_fatimah,religion
19,<Fatimah-Victime>,[11:32:58 AM],"ah ouais,  toi on insulte,  et tut trouves ça marrant",victim,OAG,bully_support,OTH,DFN,ATK,NEG,scenario_religion_fatimah,religion
20,<Coralie-Soutien-Victime>,[11:33:02 AM],clairement,victim_support,NAG,NULL,NULL,EMP,DFN,NEG,scenario_religion_fatimah,religion
21,<Pauline-Conciliateur>,[11:33:08 AM],c'est pas grave d'avoir des complexes d'infériorité :),conciliator,NAG,NULL,NULL,CNS,ATK,NEU,scenario_religion_fatimah,religion
22,<Coralie-Soutien-Victime>,[11:33:13 AM],vous croyez vous etes droles ?,victim_support,CAG,bully_support,OTH,DFN,ATK,NEG,scenario_religion_fatimah,religion
23,<Julie-Harceleur>,[11:33:28 AM],oooooooh fatima retourne faire ton  ramadan a la con ça te fera pas de mal,bully,OAG,victim,OTH,ATK,DFN,NEG,scenario_religion_fatimah,religion
24,<Léo-Soutien-Harceleur>,[11:33:35 AM],Oof,bully_support,NAG,NULL,NULL,AIN,ATK,NEG,scenario_religion_fatimah,religion
25,<Julie-Harceleur>,[11:33:41 AM],ça te menera peut être a la mort,bully,OAG,victim,OTH,ATK,DFN,NEG,scenario_religion_fatimah,religion
26,<Coralie-Soutien-Victime>,[11:34:00 AM],julie nva sucer tes grans mort,victim_support,OAG,bully,OTH,DFN,ATK,NEG,scenario_religion_fatimah,religion
27,<Fatimah-Victime>,[11:34:00 AM],"aaaaaaaaaaaaaaaaaaaa ok,  c'est ça ton problème mais ptete que si toi aussi tu arreter de manger du porc tu serais moi aggressive!",victim,NAG,NULL,NULL,DFN,ATK,NEG,scenario_religion_fatimah,religion
28,<Julie-Harceleur>,[11:34:44 AM],coralie je commence par les tiens,bully,OAG,victim_support,OTH,ATK,DFN,NEG,scenario_religion_fatimah,religion
29,<Coralie-Soutien-Victime>,[11:34:45 AM],krkrkr bien dit,victim_support,NAG,NULL,NULL,EMP,DFN,NEG,scenario_religion_fatimah,religion
30,<Pauline-Conciliateur>,[11:34:57 AM],Julie pourquoi tu lui fait ca ? c'est juste une question de jalousie ? tu as quel age sérieusement ?,conciliator,NAG,NULL,NULL,DFN,ATK,NEG,scenario_religion_fatimah,religion
31,<Léo-Soutien-Harceleur>,[11:34:58 AM],Allez du fight là mdrrrr,bully_support,NAG,NULL,NULL,AIN,ATK,NEG,scenario_religion_fatimah,religion
32,<Fatimah-Victime>,[11:35:01 AM],mais laisse les morts de Coralie-soutiend tranquil,victim,OAG,bully,OTH,DFN,ATK,NEG,scenario_religion_fatimah,religion
33,<Coralie-Soutien-Victime>,[11:35:18 AM],c'est mes morts qui te sucent julie,victim_support,OAG,bully,DNG,DFN,ATK,NEG,scenario_religion_fatimah,religion
34,<Fatimah-Victime>,[11:35:21 AM],"chépa,  la meuf se lache,  elle sait rien et elle crache vasi",victim,OAG,bully,OTH,DFN,ATK,NEG,scenario_religion_fatimah,religion
35,<Coralie-Soutien-Victime>,[11:35:41 AM],clairment,victim_support,NAG,NULL,NULL,EMP,DFN,NEG,scenario_religion_fatimah,religion
36,<Fatimah-Victime>,[11:36:04 AM],et clairement LeoSoutienduharc vaut pas mieux,victim,NAG,NULL,NULL,DFN,AIN,NEG,scenario_religion_fatimah,religion
37,<Pierre-Soutien-Victime>,[11:36:16 AM],oui grave,victim_support,NAG,NULL,NULL,EMP,DFN,NEU,scenario_religion_fatimah,religion
38,<Coralie-Soutien-Victime>,[11:36:17 AM],j'espere un jour c'est les porcs qui te chieront dessus,victim_support,OAG,bully_support,DNG,DFN,AIN,NEG,scenario_religion_fatimah,religion
39,<Julie-Harceleur>,[11:36:22 AM],bon fatima retourne dans ton pays et casse pas les couilles,bully,OAG,victim,DNG,ATK,DFN,NEG,scenario_religion_fatimah,religion
40,<Coralie-Soutien-Victime>,[11:36:23 AM],julie,victim_support,NAG,NULL,NULL,OTH,NULL,NEU,scenario_religion_fatimah,religion
41,<Fatimah-Victime>,[11:36:31 AM],quel pays,victim,NAG,NULL,NULL,DFN,ATK,NEU,scenario_religion_fatimah,religion
42,<Léo-Soutien-Harceleur>,[11:36:41 AM],Ah mdr m'embrouille pas par contre mdr moi j'suis là j'bouffe du pop corn je fais rien d'autre,bully_support,NAG,NULL,NULL,OTH,DFN,NEU,scenario_religion_fatimah,religion
43,<Fatimah-Victime>,[11:36:43 AM],ouèch chuis plus française que toi,victim,NAG,NULL,NULL,DFN,ATK,NEU,scenario_religion_fatimah,religion
44,<Pierre-Soutien-Victime>,[11:36:45 AM],elle est en france frr,victim_support,NAG,NULL,NULL,CNS,ATK,NEU,scenario_religion_fatimah,religion
45,<Julie-Harceleur>,[11:36:46 AM],paul t'es ou frrr,bully,NAG,NULL,NULL,OTH,NULL,NEU,scenario_religion_fatimah,religion
48,<Julie-Harceleur>,[11:37:19 AM],retourne en algerie,bully,OAG,victim,DNG,ATK,DFN,NEG,scenario_religion_fatimah,religion
49,<Fatimah-Victime>,[11:37:24 AM],tumfais vomir LeoSoutienduharc,victim,OAG,bully_support,DNG,DFN,ATK,NEG,scenario_religion_fatimah,religion
51,<Coralie-Soutien-Victime>,[11:37:36 AM],et toi retourne en enfer sal epute de julie,victim_support,OAG,bully_support,NCG,DFN,ATK,NEG,scenario_religion_fatimah,religion
52,<Julie-Harceleur>,[11:37:41 AM],frere tas vu ta main tu t'es tatoué avec de la lmerde,bully,OAG,victim_support,DNG,ATK,DFN,NEG,scenario_religion_fatimah,religion
53,<Fatimah-Victime>,[11:37:48 AM],julie mais retourne dans ta campagne a baiser les chèvre bouzeuse,victim,OAG,bully,DNG,DFN,ATK,NEG,scenario_religion_fatimah,religion
54,<Pauline-Conciliateur>,[11:37:57 AM],pauvre chevre,conciliator,CAG,bully,OTH,DFN,ATK,NEG,scenario_religion_fatimah,religion
55,<Léo-Soutien-Harceleur>,[11:38:31 AM],Fatimah-Victime bah c'est àa dégueule au lieu d'causer là,bully_support,OAG,victim,DNG,ATK,DFN,NEG,scenario_religion_fatimah,religion
56,<Fatimah-Victime>,[11:38:33 AM],en fait t'es juste trop jalouse,victim,NAG,NULL,NULL,DFN,ATK,NEG,scenario_religion_fatimah,religion
58,<Coralie-Soutien-Victime>,[11:38:49 AM],"c'est magnifique,  dommage que tu sois jalouse de fatimah",victim_support,NAG,NULL,NULL,EMP,DFN,NEG,scenario_religion_fatimah,religion
60,<Julie-Harceleur>,[11:39:00 AM],jalouse de tya peau mi jaune mi marron,bully,OAG,victim,DNG,ATK,DFN,NEG,scenario_religion_fatimah,religion
61,<Pierre-Soutien-Victime>,[11:39:01 AM],mais cest une sale jalouse elle a rien a faire de sa vie et ta peau blanche a toi,victim_support,OAG,bully,OTH,DFN,ATK,NEG,scenario_religion_fatimah,religion
62,<Fatimah-Victime>,[11:39:23 AM],"ben ouais,  jcrois qu't'es jalouse de ma peau",victim,NAG,NULL,NULL,DFN,ATK,NEG,scenario_religion_fatimah,religion
63,<Julie-Harceleur>,[11:39:27 AM],jalouse de quoi mon pote tu me dégoute,bully,OAG,victim_support,OTH,ATK,DFN,NEG,scenario_religion_fatimah,religion
64,<Pauline-Conciliateur>,[11:39:27 AM],elle manque peut etre juste d'amour non ? tu veux un calin ?,conciliator,NAG,NULL,NULL,EMP,DFN,POS,scenario_religion_fatimah,religion
66,<Coralie-Soutien-Victime>,[11:39:34 AM],t'es blanche comme un cul tyu crois t'es mieux julie ?,victim_support,OAG,bully,DNG,DFN,ATK,NEG,scenario_religion_fatimah,religion
67,<Fatimah-Victime>,[11:39:38 AM],"normal quand on voit la tienne, toute blanche (euh pardon rouge sous le soleil)j'aurai honte moi",victim,OAG,bully,DNG,DFN,ATK,NEG,scenario_religion_fatimah,religion
68,<Coralie-Soutien-Victime>,[11:39:51 AM],Eh vzy 1v1 demain julie jv bz,victim_support,OAG,bully,THR,DFN,ATK,NEG,scenario_religion_fatimah,religion
69,<Fatimah-Victime>,[11:39:55 AM],une vraie babtou,victim,OAG,bully,DNG,DFN,ATK,NEG,scenario_religion_fatimah,religion
70,<Julie-Harceleur>,[11:40:00 AM],coralie tes de quelle couleur toi lol,bully,CAG,victim_support,OTH,ATK,DFN,NEG,scenario_religion_fatimah,religion
71,<Pauline-Conciliateur>,[11:40:07 AM],ridiculus,conciliator,OAG,bully,OTH,DFN,ATK,NEG,scenario_religion_fatimah,religion
72,<Coralie-Soutien-Victime>,[11:40:13 AM],moi jsuis noire c'est encore mieux,victim_support,NAG,NULL,NULL,CNS,ATK,NEU,scenario_religion_fatimah,religion
73,<Fatimah-Victime>,[11:40:29 AM],prends ça julie,victim,NAG,NULL,NULL,DFN,ATK,NEG,scenario_religion_fatimah,religion
74,<Julie-Harceleur>,[11:40:32 AM],comme la femme qui lave mes chiottes,bully,CAG,victim_support,DNG,ATK,DFN,NEG,scenario_religion_fatimah,religion
75,<Fatimah-Victime>,[11:40:50 AM],tu confinds avec ta reum la,victim,OAG,bully,OTH,DFN,ATK,NEG,scenario_religion_fatimah,religion
76,<Léo-Soutien-Harceleur>,[11:40:56 AM],Vazy Fatimah avec ton henné là on croirait tu t'es doigtée qd t'avais tes règles srx,bully_support,OAG,victim,DNG,ATK,DFN,NEG,scenario_religion_fatimah,religion
78,<Fatimah-Victime>,[11:41:03 AM],tu confonds avec ta reum la,victim,OAG,bully,OTH,DFN,ATK,NEG,scenario_religion_fatimah,religion
79,<Léo-Soutien-Harceleur>,[11:41:06 AM],Ca fait dégueulasse,bully_support,OAG,victim,DNG,ATK,DFN,NEG,scenario_religion_fatimah,religion
80,<Fatimah-Victime>,[11:41:23 AM],Leo parle pas de ceque tu connais pas puceau,victim,OAG,bully_support,DNG,DFN,ATK,NEG,scenario_religion_fatimah,religion
82,<Julie-Harceleur>,[11:41:43 AM],le traite pas de puceau y ta bz dans les chiotte,bully,OAG,victim,DNG,ATK,DFN,NEG,scenario_religion_fatimah,religion
83,<Coralie-Soutien-Victime>,[11:41:47 AM],va doigter ta mere toi,victim_support,OAG,bully,OTH,DFN,ATK,NEG,scenario_religion_fatimah,religion
84,<Julie-Harceleur>,[11:41:59 AM],comme la moitié des mecs,bully,OAG,victim,DNG,ATK,DFN,NEG,scenario_religion_fatimah,religion
85,<Pauline-Conciliateur>,[11:42:02 AM],laissez les daronnes tranquilles svp,conciliator,NAG,NULL,NULL,CR,NULL,NEU,scenario_religion_fatimah,religion
86,<Coralie-Soutien-Victime>,[11:42:11 AM],va doigter ta mere toi,victim_support,OAG,bully,DNG,DFN,ATK,NEG,scenario_religion_fatimah,religion
87,<Julie-Harceleur>,[11:42:16 AM],tu respect même pas ta relion t'es une szlope,bully,OAG,victim,NCG,ATK,DFN,NEG,scenario_religion_fatimah,religion
89,<Coralie-Soutien-Victime>,[11:42:35 AM],tu la connais meme pas sale pute,victim_support,OAG,bully,NCG,DFN,ATK,NEG,scenario_religion_fatimah,religion
90,<Léo-Soutien-Harceleur>,[11:42:40 AM],"Tkt même pas que j'm'y connais et les meufs comme toi ça dégage, j'touche pas aux choses sales",bully_support,OAG,victim_support,DNG,ATK,DFN,NEG,scenario_religion_fatimah,religion
92,<Pierre-Soutien-Victime>,[11:42:47 AM],tu connais rien et tu parle de religion,victim_support,NAG,NULL,NULL,DFN,ATK,NEG,scenario_religion_fatimah,religion
93,<Coralie-Soutien-Victime>,[11:42:55 AM],bien fait xD c'est toi tes sale jsuis sure qtu suces  la chatte de ta mere,victim_support,OAG,bully_support,DNG,DFN,ATK,NEG,scenario_religion_fatimah,religion
94,<Julie-Harceleur>,[11:43:55 AM],"écoute moi bien billi boy la dernière fois qu'un mec m'a dit ça il habitait en face d'un cimetière, maintenant il habit(e en face de chez lui",bully,CAG,victim_support,THR,ATK,DFN,NEG,scenario_religion_fatimah,religion
95,<Fatimah-Victime>,[11:43:55 AM],devant ton père,victim,OAG,bully_support,DNG,DFN,ATK,NEG,scenario_religion_fatimah,religion
96,<Pauline-Conciliateur>,[11:44:06 AM],XD,conciliator,NAG,NULL,NULL,OTH,NULL,NEU,scenario_religion_fatimah,religion
97,<Léo-Soutien-Harceleur>,[11:44:09 AM],"En vrai j'dis pas mais julie elle a grv raison,  en fait tu caches bien ton jeu Fatimah",bully_support,OAG,victim,OTH,AIN,ATK,NEG,scenario_religion_fatimah,religion
98,<Pauline-Conciliateur>,[11:44:11 AM],EXCELLENT pepite,conciliator,NAG,NULL,NULL,OTH,NULL,NEU,scenario_religion_fatimah,religion
99,<Fatimah-Victime>,[11:44:16 AM],julie la fausse punchline,victim,OAG,bully,DNG,DFN,ATK,NEG,scenario_religion_fatimah,religion
100,<Coralie-Soutien-Victime>,[11:44:25 AM],tu ft pitié julie,victim_support,CAG,bully,DNG,DFN,ATK,NEG,scenario_religion_fatimah,religion
101,<Léo-Soutien-Harceleur>,[11:44:27 AM],Tu fais genre t'es religieuse et tt mais les meufs comme vous on sait ce que ça fait en planque après les cours,bully_support,OAG,victim,OTH,ATK,DFN,NEG,scenario_religion_fatimah,religion
102,<Fatimah-Victime>,[11:44:52 AM],mais c'est vous qui avez un pb avec la religion,victim,OAG,bully_support,DNG,DFN,ATK,NEG,scenario_religion_fatimah,religion
103,<Pierre-Soutien-Victime>,[11:44:54 AM],tu fait pitié,victim_support,OAG,bully_support,DNG,DFN,ATK,NEG,scenario_religion_fatimah,religion
104,<Coralie-Soutien-Victime>,[11:45:01 AM],qu'es ce que t'y connais toi,victim_support,NAG,NULL,NULL,OTH,ATK,NEU,scenario_religion_fatimah,religion
105,<Fatimah-Victime>,[11:45:02 AM],"c'est toi qu'en parle tout le temps moi juste, jvis ma vie",victim,OAG,bully_support,OTH,DFN,ATK,NEG,scenario_religion_fatimah,religion
106,<Coralie-Soutien-Victime>,[11:45:25 AM],les religieux sont bien plus eduqués que vous déja,victim_support,OAG,bully_support,DNG,DFN,ATK,NEG,scenario_religion_fatimah,religion
107,<Fatimah-Victime>,[11:45:27 AM],"ouais vzy, explique toi",victim,OAG,bully_support,OTH,DFN,ATK,NEG,scenario_religion_fatimah,religion
108,<Pierre-Soutien-Victime>,[11:45:34 AM],grave,victim_support,NAG,NULL,NULL,EMP,DFN,NEG,scenario_religion_fatimah,religion
109,<Léo-Soutien-Harceleur>,[11:45:39 AM],Bah retourne faire ta vie en Algérie stp,bully_support,CAG,victim,DNG,ATK,OTH,NEG,scenario_religion_fatimah,religion
110,<Fatimah-Victime>,[11:45:40 AM],dite nous julie et LeoSoutienduharc,victim,OAG,bully/bully_support,OTH,DFN,NULL,NEG,scenario_religion_fatimah,religion
111,<Coralie-Soutien-Victime>,[11:45:43 AM],eux ils sucent pas des grosses bites a longueur de journee,victim_support,OAG,bully_support,OTH,DFN,ATK,NEG,scenario_religion_fatimah,religion
112,<Pauline-Conciliateur>,[11:46:00 AM],chacun vis comme il a envie t'as pas a te mele de ce quil fait c'est juste nul et puérile en fait,conciliator,NAG,NULL,NULL,CNS,ATK,NEU,scenario_religion_fatimah,religion
113,<Julie-Harceleur>,[11:46:20 AM],cool,bully,NAG,NULL,NULL,OTH,DFN,NEG,scenario_religion_fatimah,religion
121,<Coralie-Soutien-Victime>,[11:47:07 AM],assume enft,victim_support,NAG,NULL,NULL,OTH,OTH,NEU,scenario_religion_fatimah,religion
122,<Julie-Harceleur>,[11:47:07 AM],ta grosse mere la pute je vais tenculer dans ton berceau tume connaispas moi,bully,OAG,victim_support,OTH,ATK,DFN,NEG,scenario_religion_fatimah,religion
123,<Fatimah-Victime>,[11:47:20 AM],grosse gamine ouèch,victim,CAG,bully,DNG,DFN,ATK,NEG,scenario_religion_fatimah,religion
125,<Julie-Harceleur>,[11:47:24 AM],jsuuis une folle moi,bully,NAG,NULL,NULL,OTH,NULL,NEG,scenario_religion_fatimah,religion
126,<Léo-Soutien-Harceleur>,[11:47:29 AM],mdrrrrrrrrrrrrrrr,bully_support,NAG,NULL,NULL,AIN,ATK,NEG,scenario_religion_fatimah,religion
127,<Coralie-Soutien-Victime>,[11:47:40 AM],ohhhh viens essaie mon cul il s'ouvre pas pour toi dsl,victim_support,OAG,bully,DNG,DFN,ATK,NEG,scenario_religion_fatimah,religion
129,<Fatimah-Victime>,[11:47:43 AM],"la meuf se lache,  elle crois quoi",victim,OAG,bully,OTH,DFN,ATK,NEG,scenario_religion_fatimah,religion
131,<Julie-Harceleur>,[11:48:05 AM],MOI JVOUS BZ MOI,bully,OAG,victim,OTH,ATK,DFN,NEG,scenario_religion_fatimah,religion
133,<Julie-Harceleur>,[11:48:08 AM],JSUIS UBNE FOLLE MOI TA MERE LA PUTEEEEEEEEEEEEEEEEEEEEEEEEEEEEEEEEEEEEEEEEEEEEE,bully,OAG,victim,NCG,ATK,DFN,NEG,scenario_religion_fatimah,religion
134,<Pierre-Soutien-Victime>,[11:48:18 AM],tu va rien faire sale folle,victim_support,OAG,bully,OTH,DFN,ATK,NEG,scenario_religion_fatimah,religion
135,<Léo-Soutien-Harceleur>,[11:48:18 AM],Bahahaha elle me fume cette meuf xD,bully_support,CAG,victim,OTH,ATK,DFN,NEG,scenario_religion_fatimah,religion
136,<Coralie-Soutien-Victime>,[11:48:25 AM],on sais qtes folle sale pute,victim_support,OAG,bully,NCG,DFN,ATK,NEG,scenario_religion_fatimah,religion
141,<Coralie-Soutien-Victime>,[11:49:04 AM],"bon allez julie et leo retournez chez vos meres et laissez fatimah tranquille, merci",victim_support,OAG,bully/bully_support,OTH,DFN,NULL,NEG,scenario_religion_fatimah,religion
142,<Pierre-Soutien-Victime>,[11:49:28 AM],aller by,victim_support,NAG,NULL,NULL,OTH,NULL,NEG,scenario_religion_fatimah,religion
143,<Julie-Harceleur>,[11:49:36 AM],fatima je  la fait cuire en bropchette,bully,OAG,victim,DNG,ATK,OTH,NEG,scenario_religion_fatimah,religion
144,<Léo-Soutien-Harceleur>,[11:49:40 AM],Et Fatimah-Victime elle retourne dans son harem c'est ça ?,bully_support,CAG,victim,DNG,ATK,DFN,NEG,scenario_religion_fatimah,religion
147,<Coralie-Soutien-Victime>,[11:49:52 AM],non elle reste en france,victim_support,NAG,NULL,NULL,CNS,ATK,NEU,scenario_religion_fatimah,religion
149,<Fatimah-Victime>,[11:49:56 AM],va tfaire cuire le cul julie,victim,OAG,bully,DNG,DFN,ATK,NEG,scenario_religion_fatimah,religion
161,<Coralie-Soutien-Victime>,[11:52:26 AM],QUI VOTE POUR TUER JULIE,victim_support,OAG,bully,OTH,DFN,ATK,NEG,scenario_religion_fatimah,religion
162,<Fatimah-Victime>,[11:52:26 AM],(y),victim,NAG,NULL,NULL,OTH,NULL,NEU,scenario_religion_fatimah,religion
0,leo77,11:08:43,façon j'veux ps d'une crasseuse comme toi,bully_support,OAG,NULL,DNG,AIN,NULL,NEG,scenario_religion_fatimah_bis,religion
1,Paul72,11:08:44,Claire c'est pas le mot,bully_support,NAG,NULL,NULL,OTH,NULL,NEU,scenario_religion_fatimah_bis,religion
2,@FatimahVictime,11:08:48,Je voudrais qu'on arrête de se moquer de moi et ma culture,victim,NAG,NULL,NULL,CNS,AIN,NEU,scenario_religion_fatimah_bis,religion
3,@FatimahVictime,11:09:30,Salut Julie c'est avec toi que je voulais parler,victim,NAG,NULL,NULL,OTH,NULL,NEU,scenario_religion_fatimah_bis,religion
4,julie20,11:09:39,la vie t'es fat ima,bully,CAG,victim,DNG,ATK,OTH,NEG,scenario_religion_fatimah_bis,religion
5,coralie,11:09:48,bizzarement ils insultent moins la,victim_support,NAG,NULL,NULL,OTH,OTH,NEG,scenario_religion_fatimah_bis,religion
6,@FatimahVictime,11:09:56,arrête tes commentaires et de m'insulter dans mon dos tu crois que j'ai pas vu ton petit jeu... Et tes insinuations...,victim,NAG,NULL,NULL,DFN,ATK,NEG,scenario_religion_fatimah_bis,religion
7,leo77,11:10:09,c'est une clocharde en meme temps,bully_support,OAG,victim,DNG,AIN,ATK,NEG,scenario_religion_fatimah_bis,religion
8,@FatimahVictime,11:10:15,S'il te paît arrête.,victim,NAG,NULL,NULL,DFN,AIN,NEG,scenario_religion_fatimah_bis,religion
9,coralie,11:10:15,ils ont meme pas d'interet a t'insulter,victim_support,NAG,NULL,NULL,OTH,DFN,NEU,scenario_religion_fatimah_bis,religion
10,julie20,11:10:26,c pas dans ton dos chuis en face,bully,NAG,NULL,NULL,OTH,DFN,NEU,scenario_religion_fatimah_bis,religion
11,leo77,11:10:30,bah on va voir en vrai si on va rien faire,bully_support,CAG,victim,OTH,ATK,DFN,NEG,scenario_religion_fatimah_bis,religion
12,coralie,11:10:36,mais regarde les ils peuvent que insulter vous pouvez argumenter ?,victim_support,NAG,NULL,NULL,OTH,DFN,NEU,scenario_religion_fatimah_bis,religion
13,@FatimahVictime,11:10:46,FAT IMA .. tu as un humour incroyable !,victim,CAG,bully,OTH,DFN,ATK,NEG,scenario_religion_fatimah_bis,religion
14,julie20,11:10:59,oe je sais,bully,NAG,NULL,NULL,OTH,DFN,NEU,scenario_religion_fatimah_bis,religion
15,@FatimahVictime,11:11:01,"La dernière fois qu'on m'a fait cette blague, j'étais en maternelle.",victim,CAG,bully,OTH,DFN,ATK,NEG,scenario_religion_fatimah_bis,religion
16,coralie,11:11:21,c'est clair,victim_support,NAG,NULL,NULL,OTH,NULL,NEU,scenario_religion_fatimah_bis,religion
17,leo77,11:11:27,bon tg tu parles trop,bully_support,OAG,victim,OTH,ATK,DFN,NEG,scenario_religion_fatimah_bis,religion
18,@FatimahVictime,11:11:35,Leo..,victim,NAG,NULL,NULL,DFN,ATK,NEU,scenario_religion_fatimah_bis,religion
19,julie20,11:11:41,tu casse les couilles,bully,OAG,victim,OTH,ATK,DFN,NEG,scenario_religion_fatimah_bis,religion
20,@FatimahVictime,11:11:42,Tu n'as rien à faire ici..,victim,NAG,NULL,NULL,DFN,ATK,NEG,scenario_religion_fatimah_bis,religion
21,Paul72,11:11:44,manges du couscous,bully_support,CAG,victim,OTH,ATK,DFN,NEG,scenario_religion_fatimah_bis,religion
22,@FatimahVictime,11:11:49,C'est entre moi et julie !,victim,NAG,NULL,NULL,DFN,ATK,NEU,scenario_religion_fatimah_bis,religion
23,leo77,11:11:58,on va te faire manger du saucisson,bully_support,CAG,victim,THR,ATK,DFN,NEG,scenario_religion_fatimah_bis,religion
24,coralie,11:12:10,enfaite les gars vous savez pas harceler,victim_support,OAG,bully/bully_support,DNG,DFN,NULL,NEG,scenario_religion_fatimah_bis,religion
25,julie20,11:12:12,trahisonnnnnnnnn,bully,NAG,NULL,NULL,AIN,ATK,NEG,scenario_religion_fatimah_bis,religion
26,coralie,11:12:15,vous etees des breles,victim_support,OAG,bully/bully_support,DNG,DFN,NULL,NEG,scenario_religion_fatimah_bis,religion
27,@FatimahVictime,11:12:34,Ils sont nuls !,victim,OAG,bully/bully_support,OTH,DFN,NULL,NEG,scenario_religion_fatimah_bis,religion
28,coralie,11:12:41,grave,victim_support,NAG,NULL,NULL,EMP,DFN,NEG,scenario_religion_fatimah_bis,religion
29,@FatimahVictime,11:12:46,mdr,victim,OAG,bully/bully_support,OTH,DFN,NULL,NEG,scenario_religion_fatimah_bis,religion
30,leo77,11:12:51,coralie ferme ta gueule toi aussi t'es une petasse,bully_support,OAG,victim_support,OTH,ATK,EMP,NEG,scenario_religion_fatimah_bis,religion
31,julie20,11:12:53,t'es Fatigué,bully,CAG,victim,OTH,ATK,DFN,NEG,scenario_religion_fatimah_bis,religion
32,Paul72,11:12:54,ah parce que c'est un job maintenant,bully_support,CAG,victim_support,OTH,ATK,DFN,NEG,scenario_religion_fatimah_bis,religion
33,@FatimahVictime,11:13:01,Bon Julie,victim,CAG,bully,OTH,DFN,ATK,NEG,scenario_religion_fatimah_bis,religion
34,coralie,11:13:04,octogone quand tu veux leo77,victim_support,OAG,bully_support,OTH,DFN,ATK,NEG,scenario_religion_fatimah_bis,religion
35,@FatimahVictime,11:13:13,tu peux me promettre que tu vas arrêter ?,victim,NAG,NULL,NULL,DFN,ATK,NEU,scenario_religion_fatimah_bis,religion
36,coralie,11:13:14,avec ton corps tout frele,victim_support,OAG,bully_support,OTH,DFN,ATK,NEG,scenario_religion_fatimah_bis,religion
37,leo77,11:13:21,coralie et fatimah c'est des salopes,bully_support,OAG,victim/victim_support,NCG,ATK,NULL,NEG,scenario_religion_fatimah_bis,religion
38,@FatimahVictime,11:13:28,ce sont *,victim,CAG,bully_support,DNG,DFN,ATK,NEG,scenario_religion_fatimah_bis,religion
39,julie20,11:13:33,mais oui mv,bully,OAG,victim,OTH,ATK,DFN,NEG,scenario_religion_fatimah_bis,religion
40,leo77,11:13:36,m'en branle,bully_support,OAG,victim_support,OTH,ATK,DFN,NEG,scenario_religion_fatimah_bis,religion
41,coralie,11:13:37,leo77 n'a pas d'arguments,victim_support,NAG,NULL,NULL,DFN,ATK,NEG,scenario_religion_fatimah_bis,religion
42,@FatimahVictime,11:13:38,quand on parle bien français!!,victim,CAG,bully_support,DNG,DFN,ATK,NEG,scenario_religion_fatimah_bis,religion
43,julie20,11:13:51,tg rentre chez toi,bully,OAG,victim,OTH,ATK,DFN,NEG,scenario_religion_fatimah_bis,religion
44,@FatimahVictime,11:13:53,... je suis française donc je suis chez moi,victim,NAG,NULL,NULL,CNS,ATK,NEU,scenario_religion_fatimah_bis,religion
45,coralie,11:14:05,leo77 il sais pas insulter et il sais pas parler francais,victim_support,OAG,bully_support,DNG,DFN,ATK,NEG,scenario_religion_fatimah_bis,religion
46,julie20,11:14:12,t'es sans papiers on le sais,bully,CAG,victim_support,DNG,ATK,DFN,NEG,scenario_religion_fatimah_bis,religion
47,@FatimahVictime,11:14:22,tu veux les voir julie ?,victim,CAG,bully,OTH,DFN,ATK,NEG,scenario_religion_fatimah_bis,religion
48,leo77,11:14:33,fatimah pas très francais,bully_support,OAG,victim,OTH,ATK,DFN,NEG,scenario_religion_fatimah_bis,religion
49,Paul72,11:14:34,La géographie c'est pas ton fort,bully_support,OAG,victim,OTH,ATK,DFN,NEG,scenario_religion_fatimah_bis,religion
50,julie20,11:14:43,tu peux pas les monter,bully,CAG,victim,OTH,ATK,DFN,NEG,scenario_religion_fatimah_bis,religion
51,coralie,11:15:04,le niveau de vos blagues est eclaté les gars faite un effort,victim_support,CAG,bully/bully_support,OTH,DFN,NULL,NEG,scenario_religion_fatimah_bis,religion
52,leo77,11:15:17,"fatimah son vagin il sens le cochon,",bully_support,OAG,victim,DNG,ATK,DFN,NEG,scenario_religion_fatimah_bis,religion
53,Paul72,11:15:24,retourne te faire enculer par un singe,bully_support,OAG,victim,OTH,ATK,DFN,NEG,scenario_religion_fatimah_bis,religion
54,julie20,11:15:30,tu sais nager fat ?,bully,OAG,victim,DNG,ATK,DFN,NEG,scenario_religion_fatimah_bis,religion
55,@FatimahVictime,11:15:38,C'est pas toi qui vas le sentir Leo !,victim,NAG,NULL,NULL,DFN,ATK,NEG,scenario_religion_fatimah_bis,religion
56,leo77,11:16:14,"tkt y a des photos qui tournent , pas très rasé tout ca",bully_support,OAG,victim,DNG,ATK,DFN,NEG,scenario_religion_fatimah_bis,religion
57,Paul72,11:16:32,you born fat,bully_support,OAG,victim,DNG,ATK,DFN,NEG,scenario_religion_fatimah_bis,religion
58,coralie,11:16:34,t'en a jamais vu en vrai donc ta de la chance,victim_support,CAG,bully_support,OTH,DFN,ATK,NEG,scenario_religion_fatimah_bis,religion
59,@FatimahVictime,11:16:41,"Si tu fais ça, ... tu sais que je peux porter plainte?",victim,CAG,bully_support,OTH,DFN,ATK,NEG,scenario_religion_fatimah_bis,religion
60,leo77,11:16:48,j'ai vu le cul de ta soeur,bully_support,OAG,victim,OTH,ATK,DFN,NEG,scenario_religion_fatimah_bis,religion
61,coralie,11:16:57,t'en a pas vu non plus,victim_support,CAG,bully_support,OTH,DFN,ATK,NEG,scenario_religion_fatimah_bis,religion
62,julie20,11:17:01,ça va etre fait tkt,bully,CAG,victim,OTH,ATK,DFN,NEG,scenario_religion_fatimah_bis,religion
63,leo77,11:17:09,porte plainte grosse folle sa va te meler,bully_support,OAG,victim,OTH,ATK,DFN,NEG,scenario_religion_fatimah_bis,religion
64,coralie,11:17:12,ta jamais toucher personne,victim_support,OAG,bully_support,OTH,DFN,ATK,NEG,scenario_religion_fatimah_bis,religion
65,@FatimahVictime,11:17:14,"Et Leo, je vois pas comment tu pourrais avoir ce genre de photo..",victim,NAG,NULL,NULL,CNS,ATK,NEG,scenario_religion_fatimah_bis,religion
66,coralie,11:17:18,leo77,victim_support,NAG,NULL,NULL,OTH,NULL,NEU,scenario_religion_fatimah_bis,religion
67,leo77,11:17:29,tout le monde a vu ton cul,bully_support,OAG,victim,OTH,ATK,CNS,NEG,scenario_religion_fatimah_bis,religion
68,coralie,11:17:30,bolosse,victim_support,OAG,bully_support,OTH,DFN,ATK,NEG,scenario_religion_fatimah_bis,religion
69,leo77,11:17:42,en plus ta meme pas de forme mskn,bully_support,OAG,victim_support,OTH,ATK,DFN,NEG,scenario_religion_fatimah_bis,religion
70,Paul72,11:17:42,tu as pu venir en france donc tout est possible,bully_support,OAG,victim,OTH,ATK,CNS,NEG,scenario_religion_fatimah_bis,religion
71,coralie,11:17:57,avec ton 2cm tu peut pas parler,victim_support,OAG,bully_support,DNG,DFN,ATK,NEG,scenario_religion_fatimah_bis,religion
72,julie20,11:17:59,ça surcule avec tous les mecs qui ton dé glingué,bully,OAG,victim,DNG,ATK,CNS,NEG,scenario_religion_fatimah_bis,religion
73,@FatimahVictime,11:18:02,"Leo et Paul, on vous a pas causé .",victim,OAG,bully_support,OTH,DFN,ATK,NEG,scenario_religion_fatimah_bis,religion
74,coralie,11:18:03,leo77,victim_support,NAG,NULL,NULL,OTH,NULL,NEU,scenario_religion_fatimah_bis,religion
75,Paul72,11:18:30,sinon il recherche un acteur pour le prochain kirikou,bully_support,OAG,victim,OTH,ATK,DFN,NEG,scenario_religion_fatimah_bis,religion
76,leo77,11:18:32,fatimah on va t'enfoncer ton voile dans le cul,bully_support,OAG,victim,THR,ATK,DFN,NEG,scenario_religion_fatimah_bis,religion
77,@FatimahVictime,11:18:36,"Julie, tu as peur de moi ou quoi ? T'es moche Julie...",victim,OAG,bully,DNG,DFN,ATK,NEG,scenario_religion_fatimah_bis,religion
78,julie20,11:18:54,mais tg toi on est Fat igué,bully,OAG,victim,OTH,ATK,DFN,NEG,scenario_religion_fatimah_bis,religion
79,coralie,11:19:06,paul et leo vous etes vraiment fatiguant c'est aberrant avec vos tete de teub,victim_support,OAG,bully_support,OTH,DFN,ATK,NEG,scenario_religion_fatimah_bis,religion
80,@FatimahVictime,11:19:16,S'il te plaît Julie !,victim,NAG,NULL,NULL,DFN,ATK,NEU,scenario_religion_fatimah_bis,religion
81,leo77,11:19:18,toi dans la tete dans des teub,bully_support,OAG,victim_support,OTH,ATK,DFN,NEG,scenario_religion_fatimah_bis,religion
82,@FatimahVictime,11:19:22,Arrête tes blagues !,victim,NAG,NULL,NULL,DFN,ATK,NEG,scenario_religion_fatimah_bis,religion
83,leo77,11:19:24,ta la,bully_support,OAG,victim_support,OTH,ATK,DFN,NEG,scenario_religion_fatimah_bis,religion
84,@FatimahVictime,11:19:25,Je suis pas grosse,victim,NAG,NULL,NULL,DFN,ATK,NEG,scenario_religion_fatimah_bis,religion
85,leo77,11:19:30,t'es obese,bully_support,OAG,victim,DNG,ATK,DFN,NEG,scenario_religion_fatimah_bis,religion
86,@FatimahVictime,11:19:33,FAT = grosse,victim,NAG,NULL,NULL,OTH,ATK,NEG,scenario_religion_fatimah_bis,religion
87,julie20,11:19:36,tg avec ta tete d'immigré,bully,OAG,victim,OTH,ATK,OTH,NEG,scenario_religion_fatimah_bis,religion
88,leo77,11:19:40,ta manger trop de bite,bully_support,OAG,victim,DNG,ATK,OTH,NEG,scenario_religion_fatimah_bis,religion
89,Paul72,11:19:43,normal un singe ça bouffe des teub,bully_support,CAG,victim,DNG,AIN,ATK,NEG,scenario_religion_fatimah_bis,religion
90,coralie,11:19:54,c'est toi le singe,victim_support,OAG,bully_support,NCG,DFN,AIN,NEG,scenario_religion_fatimah_bis,religion
91,leo77,11:19:56,faut doser sur le couscous,bully_support,CAG,victim,OTH,ATK,OTH,NEG,scenario_religion_fatimah_bis,religion
92,coralie,11:20:03,t'es meme un chien,victim_support,OAG,bully_support,NCG,DFN,AIN,NEG,scenario_religion_fatimah_bis,religion
93,julie20,11:20:15,*retourne manger tes bananes,bully,OAG,victim,OTH,ATK,DFN,NEG,scenario_religion_fatimah_bis,religion
94,Paul72,11:20:38,les merguez t'en prends pas que dans la bouche,bully_support,CAG,victim,DNG,AIN,ATK,NEG,scenario_religion_fatimah_bis,religion
95,coralie,11:20:42,julie tu pu le seum parce qu'elle est belle,victim_support,OAG,bully,OTH,DFN,ATK,NEG,scenario_religion_fatimah_bis,religion
96,@FatimahVictime,11:20:56,"Julie, arrête maintenant",victim,NAG,NULL,NULL,DFN,ATK,NEG,scenario_religion_fatimah_bis,religion
97,coralie,11:21:03,julie20 ta trop la rage,victim_support,NAG,NULL,NULL,DFN,ATK,NEU,scenario_religion_fatimah_bis,religion
98,julie20,11:21:04,et toi tu pu...,bully,OAG,victim,DNG,ATK,DFN,NEG,scenario_religion_fatimah_bis,religion
99,@FatimahVictime,11:21:06,T'as pas besoin d'être jalouse,victim,NAG,NULL,NULL,DFN,ATK,NEG,scenario_religion_fatimah_bis,religion
100,leo77,11:21:11,salam,bully_support,NAG,NULL,NULL,OTH,NULL,NEU,scenario_religion_fatimah_bis,religion
101,@FatimahVictime,11:21:18,je ne vais pas te voler ton petit ami car t'en n'as pas!,victim,OAG,bully,OTH,DFN,ATK,NEG,scenario_religion_fatimah_bis,religion
106,coralie,11:22:12,ptdr ta aucune chance,victim_support,CAG,bully,OTH,EMP,DFN,NEG,scenario_religion_fatimah_bis,religion
108,Paul72,11:22:20,coralie porte parole de la boulémi,bully_support,OAG,victim,OTH,ATK,EMP,NEG,scenario_religion_fatimah_bis,religion
109,leo77,11:22:23,envoie ton snap,bully_support,NAG,NULL,NULL,OTH,DFN,NEG,scenario_religion_fatimah_bis,religion
110,coralie,11:22:35,tema c'est chien,victim_support,OAG,bully,NCG,DFN,ATK,NEG,scenario_religion_fatimah_bis,religion
112,coralie,11:23:21,julie elle pu le seum parce que fatima elle est 20 fois mieux qu'elle,victim_support,NAG,NULL,NULL,DFN,ATK,NEG,scenario_religion_fatimah_bis,religion
113,leo77,11:23:35,fatimah elle est 20fois plus grosse qu'elle,bully_support,OAG,victim,DNG,ATK,DFN,NEG,scenario_religion_fatimah_bis,religion
114,leo77,11:23:42,va la mosquée grosse folle,bully_support,OAG,victim,OTH,ATK,DFN,NEG,scenario_religion_fatimah_bis,religion
115,leo77,11:24:01,ta trop la rage,bully_support,NAG,NULL,NULL,OTH,DFN,NEG,scenario_religion_fatimah_bis,religion
116,@FatimahVictime,11:24:07,Julie c'est avec toi que ça se passe,victim,NAG,NULL,NULL,DFN,ATK,NEU,scenario_religion_fatimah_bis,religion
117,Paul72,11:24:21,Fatigras,bully_support,OAG,victim,DNG,ATK,DFN,NEG,scenario_religion_fatimah_bis,religion
118,coralie,11:24:28,leo toi t'es vraiment comme les autres,victim_support,NAG,NULL,NULL,DFN,ATK,NEU,scenario_religion_fatimah_bis,religion
119,julie20,11:24:28,va bouffer ton couscous,bully,OAG,victim,OTH,ATK,DFN,NEG,scenario_religion_fatimah_bis,religion
120,@FatimahVictime,11:24:31,maintenant promets moi que tu vas arrêter,victim,NAG,NULL,NULL,OTH,ATK,NEU,scenario_religion_fatimah_bis,religion
121,coralie,11:24:37,"mais developppe change tesz argume,ts",victim_support,NAG,NULL,NULL,OTH,OTH,NEG,scenario_religion_fatimah_bis,religion
122,julie20,11:24:42,non tg,bully,OAG,victim,OTH,ATK,OTH,NEG,scenario_religion_fatimah_bis,religion
123,coralie,11:24:48,grosse merde,victim_support,OAG,bully,NCG,DFN,ATK,NEG,scenario_religion_fatimah_bis,religion
124,leo77,11:24:51,on va pas arreter c que le debut on va t'harceler toute la vie on va venir devant chez toi on va te bz,bully_support,OAG,victim,THR,ATK,OTH,NEG,scenario_religion_fatimah_bis,religion
125,coralie,11:25:12,#une pensé pour paul le con,victim_support,OAG,bully_support,NCG,DFN,ATK,NEG,scenario_religion_fatimah_bis,religion
126,julie20,11:25:12,t'as cas crever,bully,OAG,victim,THR,AIN,ATK,NEG,scenario_religion_fatimah_bis,religion
127,coralie,11:25:22,biienn suuur,victim_support,NAG,NULL,NULL,OTH,AIN,NEG,scenario_religion_fatimah_bis,religion
128,Paul72,11:25:28,au pire tu veux pas rentrer chez toi et cassez les couilles a ta famille,bully_support,OAG,victim_support,DNG,ATK,OTH,NEG,scenario_religion_fatimah_bis,religion
129,@FatimahVictime,11:25:35,Je me sens pas bien quand vous faîtes ça..,victim,NAG,NULL,NULL,CNS,ATK,NEG,scenario_religion_fatimah_bis,religion
130,leo77,11:25:37,coralie sa se voit c un modo discord,bully_support,OAG,victim_support,DNG,ATK,OTH,NEG,scenario_religion_fatimah_bis,religion
131,coralie,11:25:47,leo77 t'es un squellette frerot tu vas rien faire c'est quoi ca ? modo ?,victim_support,OAG,bully_support,OTH,DFN,ATK,NEG,scenario_religion_fatimah_bis,religion
132,Paul72,11:26:10,si il te soulève il est fort,bully_support,OAG,victim_support,DNG,ATK,DFN,NEG,scenario_religion_fatimah_bis,religion
133,coralie,11:26:14,non,victim_support,NAG,NULL,NULL,DFN,ATK,NEG,scenario_religion_fatimah_bis,religion
134,leo77,11:26:18,bahaha va faire du sport,bully_support,OAG,victim_support,OTH,ATK,DFN,NEG,scenario_religion_fatimah_bis,religion
135,coralie,11:26:20,il touche personne,victim_support,NAG,NULL,NULL,CNS,ATK,NEG,scenario_religion_fatimah_bis,religion
136,leo77,11:26:32,coralie elle a le sida,bully_support,OAG,victim_support,OTH,ATK,CNS,NEG,scenario_religion_fatimah_bis,religion
137,julie20,11:26:33,fatima ça fait quoi de pas pouvoir rentrer chez soi ??,bully,OAG,victim,OTH,ATK,CNS,NEG,scenario_religion_fatimah_bis,religion
138,coralie,11:26:41,leo77 ?? c'est quoi ces argument aclater,victim_support,OAG,bully_support,DNG,DFN,ATK,NEG,scenario_religion_fatimah_bis,religion
139,@FatimahVictime,11:26:55,"STOP PAUL ! STOP LEO ! ET JULIE, on va régler ça en FACE2FACE j'en peux PLUS !",victim,OAG,bully/bully_support,OTH,DFN,NULL,NEG,scenario_religion_fatimah_bis,religion
140,leo77,11:27:04,viens en sorrt,bully_support,OAG,victim,THR,ATK,DFN,NEG,scenario_religion_fatimah_bis,religion
141,Paul72,11:27:14,Hitler il était pas si mauvais il s'est juste tromper de cible,bully_support,CAG,victim,OTH,ATK,DFN,NEG,scenario_religion_fatimah_bis,religion
142,@FatimahVictime,11:27:30,C'EST HORRIBLE C'QUE TU DIS PAUL!,victim,NAG,NULL,NULL,DFN,ATK,NEG,scenario_religion_fatimah_bis,religion
143,Paul72,11:27:34,les arabes,bully_support,OAG,victim,OTH,ATK,DFN,NEG,scenario_religion_fatimah_bis,religion
144,coralie,11:27:36,qu'est ce qui raconte lui,victim_support,NAG,NULL,NULL,OTH,ATK,NEG,scenario_religion_fatimah_bis,religion
145,julie20,11:27:36,non c'est fatima qui a le sida a force de se faire pin,bully,OAG,victim,DNG,AIN,ATK,NEG,scenario_religion_fatimah_bis,religion
146,leo77,11:27:41,nique les bougnoules,bully_support,OAG,victim,OTH,ATK,DFN,NEG,scenario_religion_fatimah_bis,religion
147,@FatimahVictime,11:27:44,IL AURAIT DU T'EXTERMINER !,victim,OAG,bully_support,OTH,DFN,ATK,NEG,scenario_religion_fatimah_bis,religion
148,Paul72,11:27:47,les boukak les melons,bully_support,OAG,victim,DNG,ATK,DFN,NEG,scenario_religion_fatimah_bis,religion
149,leo77,11:27:53,les singes,bully_support,OAG,victim/victim_support,NCG,ATK,NULL,NEG,scenario_religion_fatimah_bis,religion
150,Paul72,11:28:00,c'est ciao,bully_support,NAG,NULL,NULL,OTH,NULL,NEG,scenario_religion_fatimah_bis,religion
151,julie20,11:28:09,good by,bully,NAG,NULL,NULL,OTH,NULL,NEG,scenario_religion_fatimah_bis,religion
152,leo77,11:28:29,tu t'es suicidé,bully_support,OAG,victim,OTH,ATK,DFN,NEG,scenario_religion_fatimah_bis,religion
154,leo77,11:28:34,j'espere en tout cas,bully_support,OAG,victim,OTH,ATK,DFN,NEG,scenario_religion_fatimah_bis,religion
157,julie20,11:28:50,ça fera de la place,bully,OAG,victim,OTH,AIN,ATK,NEG,scenario_religion_fatimah_bis,religion
158,@FatimahVictime,11:28:54,"Sincèrement, je peux plus dormir la nuit avec vos horreurs !",victim,NAG,NULL,NULL,DFN,ATK,NEG,scenario_religion_fatimah_bis,religion
159,Paul72,11:29:02,tu sais ce qui separe les animaux des humains ? la mer méditerranné,bully_support,CAG,victim,OTH,ATK,DFN,NEG,scenario_religion_fatimah_bis,religion
160,@FatimahVictime,11:29:08,Vous n'avez aucune pitié ça m'affecte beaucoup,victim,NAG,NULL,NULL,DFN,ATK,NEG,scenario_religion_fatimah_bis,religion
161,julie20,11:29:19,ba rentre chez toi,bully,CAG,victim,OTH,ATK,DFN,NEG,scenario_religion_fatimah_bis,religion
163,julie20,11:29:24,a la nage,bully,OAG,victim,OTH,ATK,DFN,NEG,scenario_religion_fatimah_bis,religion
164,coralie,11:29:57,Paul72 tu fais trop de bruit on les entends moins les bolosses,victim_support,OAG,bully,NCG,DFN,ATK,NEG,scenario_religion_fatimah_bis,religion
165,@FatimahVictime,11:30:52,"Heureusement que je sais nager Julie, contrairement à toi....",victim,OAG,bully,OTH,DFN,ATK,NEG,scenario_religion_fatimah_bis,religion
166,coralie,11:30:58,et bim,victim_support,OAG,bully,NCG,DFN,ATK,NEG,scenario_religion_fatimah_bis,religion
167,leo77,11:31:07,ferme ta gueule jvais te faire bouffer ma bite,bully_support,OAG,victim,OTH,ATK,DFN,NEG,scenario_religion_fatimah_bis,religion
168,coralie,11:31:13,oui,victim_support,NAG,NULL,NULL,OTH,NULL,NEG,scenario_religion_fatimah_bis,religion
169,Paul72,11:31:15,ferme ton fiac on arrive pas a s'entendre,bully_support,OAG,victim_support,OTH,ATK,DFN,NEG,scenario_religion_fatimah_bis,religion
170,coralie,11:31:15,comme d'hab,victim_support,NAG,NULL,NULL,DFN,ATK,NEG,scenario_religion_fatimah_bis,religion
171,@FatimahVictime,11:31:24,C'était tellement drôle de voir dans l'eau au dernier cours de natation !,victim,CAG,bully,DNG,DFN,ATK,NEG,scenario_religion_fatimah_bis,religion
172,leo77,11:31:29,coralie c'est une obese qui baise,bully_support,OAG,victim_support,OTH,ATK,DFN,NEG,scenario_religion_fatimah_bis,religion
173,@FatimahVictime,11:31:31,Donc viens pas me chercher sur ce terrain !,victim,OAG,bully,OTH,DFN,ATK,NEG,scenario_religion_fatimah_bis,religion
174,julie20,11:31:32,ces les singes qui savent pas nager,bully,OAG,victim/victim_support,NCG,ATK,NULL,NEG,scenario_religion_fatimah_bis,religion
175,coralie,11:31:51, la merde ca sort par le cul et pas par la bouche leo77 et Paul72 ;P,victim_support,OAG,bully_support,OTH,DFN,ATK,NEG,scenario_religion_fatimah_bis,religion
176,Paul72,11:32:10,t'as déjà vu un noir d'en l'eau il coule,bully_support,OAG,victim,DNG,ATK,DFN,NEG,scenario_religion_fatimah_bis,religion
177,leo77,11:32:23,coralie j vais tellement t'neculer qu'on va retrouver du petrole dans ton cul enculer,bully_support,OAG,victim_support,OTH,ATK,DFN,NEG,scenario_religion_fatimah_bis,religion
178,@FatimahVictime,11:32:32,"Leo et Paul, vous n'êtes que des diarrhées verbales !",victim,OAG,bully_support,OTH,DFN,ATK,NEG,scenario_religion_fatimah_bis,religion
179,julie20,11:32:32,C fat quand elle nage,bully,OAG,victim,DNG,ATK,DFN,NEG,scenario_religion_fatimah_bis,religion
180,@FatimahVictime,11:32:48,Julie stp stop,victim,NAG,NULL,NULL,DFN,ATK,NEG,scenario_religion_fatimah_bis,religion
181,coralie,11:32:53,leo77 tu pourra pas me toucher avec ton chbrax de 2cm,victim_support,CAG,bully_support,DNG,DFN,ATK,NEG,scenario_religion_fatimah_bis,religion
182,leo77,11:32:54,tgg,bully_support,OAG,victim_support,OTH,ATK,DFN,NEG,scenario_religion_fatimah_bis,religion
183,julie20,11:33:01,et toi juste une diarrhé,bully,OAG,victim,DNG,ATK,DFN,NEG,scenario_religion_fatimah_bis,religion
184,leo77,11:33:12,"j ai une ak 47 dans le caleco,",bully_support,OAG,victim_support,OTH,ATK,DFN,NEG,scenario_religion_fatimah_bis,religion
185,coralie,11:33:15,aller c'est ciao les noobs jme tire,victim_support,OAG,bully/bully_support,OTH,DFN,NULL,NEG,scenario_religion_fatimah_bis,religion
186,@FatimahVictime,11:33:23,Julie stp arrête maintenant !,victim,NAG,NULL,NULL,DFN,ATK,NEU,scenario_religion_fatimah_bis,religion
187,julie20,11:33:37,bonsoir non,bully,OAG,victim,OTH,ATK,DFN,NEG,scenario_religion_fatimah_bis,religion
188,Paul72,11:33:39,ta natation c'est dans la mer noire,bully_support,OAG,victim,OTH,ATK,DFN,NEG,scenario_religion_fatimah_bis,religion
0,Pierre55,15:35:07,bonjour,victim_support,NAG,NULL,NULL,OTH,NULL,NEU,scenario_religion_fatimah_fourth,religion
1,Pierre55,15:35:59,Clap bonjour,victim_support,NAG,NULL,NULL,OTH,NULL,NEU,scenario_religion_fatimah_fourth,religion
2,Kate55,15:36:12,Salut,bully,NAG,NULL,NULL,OTH,OTH,NEU,scenario_religion_fatimah_fourth,religion
3,Fatimah,15:36:18,salut,victim,NAG,NULL,NULL,OTH,OTH,NEU,scenario_religion_fatimah_fourth,religion
4,Paul93,15:36:38,bonsoir,bully_support,NAG,NULL,NULL,OTH,OTH,NEU,scenario_religion_fatimah_fourth,religion
5,Fatimah,15:37:19,kate pourquoi tu te moque de moi comme ça ?,victim,NAG,NULL,NULL,OTH,NULL,NEU,scenario_religion_fatimah_fourth,religion
6,Kate55,15:37:40,Bah.. t’es moche,bully,OAG,victim,DNG,ATK,OTH,NEG,scenario_religion_fatimah_fourth,religion
7,Paul93,15:37:44,mdrrrrrr,bully_support,NAG,NULL,NULL,AIN,ATK,NEG,scenario_religion_fatimah_fourth,religion
8,Julie25,15:38:16,franchement tu fais grave la meuf mdrrr,bully,OAG,victim,OTH,ATK,OTH,NEG,scenario_religion_fatimah_fourth,religion
9,Fatimah,15:38:23,"on s'en fiche à quoi je ressemble, c'est vous qui m'attaquez",victim,OAG,bully,OTH,DFN,ATK,NEG,scenario_religion_fatimah_fourth,religion
10,Pierre55,15:38:43,ouaip,victim_support,NAG,NULL,NULL,EMP,DFN,NEU,scenario_religion_fatimah_fourth,religion
11,Pauline76,15:38:45,mais arretez de vous embrouillez et tt ça sert à r la vrt,conciliator,NAG,NULL,NULL,CR,NULL,NEU,scenario_religion_fatimah_fourth,religion
12,Julie25,15:38:48,meme paul et leo le disent tu veux tous les mecs pr toi tg pauline arrête de la defendre,bully,OAG,victim/conciliator,OTH,ATK,NULL,NEG,scenario_religion_fatimah_fourth,religion
13,Pierre55,15:39:14,he ho c pas gentil tt ca,victim_support,NAG,NULL,NULL,DFN,ATK,NEU,scenario_religion_fatimah_fourth,religion
14,Kate55,15:39:21,Oe tu voles les mecs de tt le monde la et tu te prends pour Chepa qui,bully,OAG,victim,DNG,ATK,DFN,NEG,scenario_religion_fatimah_fourth,religion
15,Paul93,15:39:25,de  ouf on t'as cramé chuis d'accord avec julie et Kate,bully_support,OAG,victim,DNG,AIN,ATK,NEG,scenario_religion_fatimah_fourth,religion
16,Fatimah,15:39:39,genre je veux sortir avec les gars moche de la classe bien sur,victim,OAG,bully/bully_support,DNG,DFN,NULL,NEG,scenario_religion_fatimah_fourth,religion
17,Pauline76,15:39:45,mais jla défends pas juste jessaye juste d'arranger les choses,conciliator,NAG,NULL,NULL,CR,ATK,NEU,scenario_religion_fatimah_fourth,religion
18,Julie25,15:39:50,MDRRR tu t’es vue,bully,CAG,victim,DNG,ATK,DFN,NEG,scenario_religion_fatimah_fourth,religion
19,Pierre55,15:40:00,culotter,victim_support,OAG,bully,DNG,DFN,ATK,NEG,scenario_religion_fatimah_fourth,religion
20,Julie25,15:40:09,ouais bah casse toi on a pas besoin de toi frr,bully,OAG,conciliator,OTH,ATK,CR,NEG,scenario_religion_fatimah_fourth,religion
21,Kate55,15:40:24,Tu fais chier tt le monde la,bully,OAG,victim,OTH,ATK,DFN,NEG,scenario_religion_fatimah_fourth,religion
22,Julie25,15:40:38,pierre s’agirait de se la fermer et de se regarder dans le miroir,bully,OAG,victim_support,OTH,ATK,DFN,NEG,scenario_religion_fatimah_fourth,religion
23,Pierre55,15:40:54,ah ok dacc,victim_support,NAG,NULL,NULL,OTH,ATK,NEU,scenario_religion_fatimah_fourth,religion
24,Paul93,15:40:57,tg pierre tu ressemble a rien laisse julie trkl,bully_support,OAG,victim_support,OTH,ATK,DFN,NEG,scenario_religion_fatimah_fourth,religion
25,Julie25,15:41:03,merci paul mdrrrr,bully,NAG,NULL,NULL,AIN,ATK,NEG,scenario_religion_fatimah_fourth,religion
26,Pierre55,15:41:04,mais fait le aussi on c jamais,victim_support,NAG,NULL,NULL,DFN,ATK,NEG,scenario_religion_fatimah_fourth,religion
27,Fatimah,15:41:04,mais laissez moi tranquille,victim,NAG,NULL,NULL,DFN,ATK,NEU,scenario_religion_fatimah_fourth,religion
28,Pierre55,15:41:15,ouais sa pompe par ici,victim_support,NAG,NULL,NULL,DFN,ATK,NEG,scenario_religion_fatimah_fourth,religion
29,Julie25,15:41:32,tg tu parles trop,bully,OAG,victim_support,OTH,ATK,DFN,NEG,scenario_religion_fatimah_fourth,religion
30,Pauline76,15:41:37,mais arretez ça sert à r de vous embrouiller,conciliator,NAG,NULL,NULL,CR,NULL,NEU,scenario_religion_fatimah_fourth,religion
31,Pierre55,15:41:48,ah bah nan,victim_support,NAG,NULL,NULL,DFN,ATK,NEG,scenario_religion_fatimah_fourth,religion
32,Pauline76,15:41:50,pk vs vs embrouillez mm?,conciliator,NAG,NULL,NULL,CR,NULL,NEU,scenario_religion_fatimah_fourth,religion
33,Paul93,15:42:01,Pierre reste en dehors de tout ca julie et kate sont drole,bully_support,CAG,victim_support,OTH,ATK,DFN,NEG,scenario_religion_fatimah_fourth,religion
34,Fatimah,15:42:09,"ils se moquent de moi, normal que je me laisse pas faire",victim,NAG,NULL,NULL,DFN,ATK,NEG,scenario_religion_fatimah_fourth,religion
35,Pierre55,15:42:10,tu vois pas que tu fait chier le monde juste pour une histoire de mec,victim_support,OAG,bully_support,OTH,DFN,ATK,NEG,scenario_religion_fatimah_fourth,religion
36,Julie25,15:42:12,la go elle vole nos mecs et tu crois on va la laisser trql cette algerienne la retourne dans ton pays,bully,OAG,victim,DNG,ATK,DFN,NEG,scenario_religion_fatimah_fourth,religion
37,Pierre55,15:42:22,t vrmt bizzare,victim_support,OAG,bully,OTH,DFN,ATK,NEG,scenario_religion_fatimah_fourth,religion
38,Paul93,15:42:23,réel,bully_support,NAG,NULL,NULL,AIN,ATK,NEG,scenario_religion_fatimah_fourth,religion
39,Pauline76,15:42:29,oui mais pk ils se moquent de toi?,conciliator,NAG,NULL,NULL,OTH,DFN,NEU,scenario_religion_fatimah_fourth,religion
40,Julie25,15:42:45,pierre jte conseille de la fermer,bully,OAG,victim_support,OTH,ATK,DFN,NEG,scenario_religion_fatimah_fourth,religion
41,Fatimah,15:42:46,mais je sais pas d'où je vais voler les mecs des autres j'ai rien fait,victim,NAG,NULL,NULL,DFN,ATK,NEU,scenario_religion_fatimah_fourth,religion
42,Pierre55,15:43:12,miroir miroir,victim_support,CAG,bully,OTH,DFN,ATK,NEG,scenario_religion_fatimah_fourth,religion
43,Kate55,15:43:22,"Prcq elle fait chier tt le monde, elle fait la gentille en face mais derrière elle voles les mecs de tt le monde la",bully,OAG,victim,DNG,ATK,DFN,NEG,scenario_religion_fatimah_fourth,religion
44,Julie25,15:43:24,tu roules du cul devant tt le monde mais tqt tu veux pas attirer les mecs🤣,bully,OAG,victim,DNG,ATK,DFN,NEG,scenario_religion_fatimah_fourth,religion
45,Pauline76,15:43:27,bon... fatimah elle a ptt pas volés vos mecsptt c eux qui sont allée la voir,conciliator,NAG,NULL,NULL,CNS,ATK,NEU,scenario_religion_fatimah_fourth,religion
46,Fatimah,15:43:46,je veux meme pas deux,victim,NAG,NULL,NULL,DFN,ATK,NEU,scenario_religion_fatimah_fourth,religion
47,Julie25,15:43:54,mskn,bully,CAG,victim,OTH,ATK,DFN,NEG,scenario_religion_fatimah_fourth,religion
48,Pauline76,15:44:00,prsk bon les mecs parfois ce sont de vrais charo,conciliator,NAG,NULL,NULL,CNS,ATK,NEU,scenario_religion_fatimah_fourth,religion
49,Paul93,15:44:07,fatima elle a rien a rouler..,bully_support,OAG,victim,DNG,AIN,ATK,NEG,scenario_religion_fatimah_fourth,religion
50,Kate55,15:44:18,Elle les allume aussi la,bully,OAG,victim,DNG,AIN,ATK,NEG,scenario_religion_fatimah_fourth,religion
51,Julie25,15:44:21,MDRRRRR grv kate a raison c’est abusé cmt elle ft trop la meuf,bully,OAG,victim,DNG,AIN,AIN,NEG,scenario_religion_fatimah_fourth,religion
52,Kate55,15:44:48,Chepa pour qui elle se prend vrm,bully,OAG,victim,DNG,ATK,AIN,NEG,scenario_religion_fatimah_fourth,religion
53,Pierre55,15:44:52,meuf tu fait la meme,victim_support,NAG,NULL,NULL,DFN,ATK,NEG,scenario_religion_fatimah_fourth,religion
54,Julie25,15:44:56,j’avoue mddrrr cette pute,bully,OAG,victim,NCG,AIN,ATK,NEG,scenario_religion_fatimah_fourth,religion
55,Pauline76,15:44:57,c vous qui faites les meufs,conciliator,OAG,bully,OTH,DFN,AIN,NEG,scenario_religion_fatimah_fourth,religion
56,Julie25,15:45:18,mdrrrr pauline degage tu vois pas on a raison,bully,OAG,conciliator,OTH,ATK,DFN,NEG,scenario_religion_fatimah_fourth,religion
57,Pierre55,15:45:27,tu te pointe et fait la meuf pour attirer les gars autour de toi elle ne fait rien de mal ils viennent a elle c tt,victim_support,OAG,bully,OTH,DFN,ATK,NEG,scenario_religion_fatimah_fourth,religion
58,Kate55,15:45:32,Pauline elle t’a payé cb pour la défendre mdr,bully,OAG,conciliator,DNG,ATK,DFN,NEG,scenario_religion_fatimah_fourth,religion
59,Paul93,15:45:34,j'avoue pauline t'es de la police  ????,bully_support,OAG,conciliator,OTH,AIN,ATK,NEG,scenario_religion_fatimah_fourth,religion
60,Pierre55,15:45:44,nn ta fumer la moquette .,victim_support,OAG,bully,OTH,DFN,ATK,NEG,scenario_religion_fatimah_fourth,religion
61,Julie25,15:45:54,pierre tu me fais bien rire mais ftg stp,bully,OAG,victim_support,OTH,ATK,DFN,NEG,scenario_religion_fatimah_fourth,religion
62,Pauline76,15:45:58,roh fermez là un peu nn?,conciliator,OAG,bully,OTH,DFN,ATK,NEG,scenario_religion_fatimah_fourth,religion
63,Fatimah,15:45:59,je veux sortir avec personne moi,victim,NAG,NULL,NULL,DFN,ATK,NEU,scenario_religion_fatimah_fourth,religion
64,Julie25,15:46:04,t’as rien à voir la dedans,bully,OAG,conciliator,OTH,ATK,DFN,NEG,scenario_religion_fatimah_fourth,religion
65,Pierre55,15:46:05,elle ne fait rien de mal c vous vous avez un probleme de jalousie,victim_support,OAG,bully,OTH,DFN,ATK,NEG,scenario_religion_fatimah_fourth,religion
66,Coralie,15:46:07,laisser la la pauvre,victim_support,OAG,bully,DNG,DFN,ATK,NEG,scenario_religion_fatimah_fourth,religion
67,Pauline76,15:46:14,grv pierre a raison,conciliator,NAG,NULL,NULL,EMP,DFN,NEG,scenario_religion_fatimah_fourth,religion
68,Julie25,15:46:24,elle a ramené ses toutous pour la defendre c mignon,bully,OAG,victim,DNG,ATK,DFN,NEG,scenario_religion_fatimah_fourth,religion
69,Paul93,15:46:33,mdr,bully_support,NAG,NULL,NULL,AIN,ATK,NEG,scenario_religion_fatimah_fourth,religion
70,Kate55,15:46:37,Elle sait pas se défendre seule Tu fais pitié meuf,bully,OAG,victim,DNG,ATK,DFN,NEG,scenario_religion_fatimah_fourth,religion
71,Fatimah,15:46:50,julie et kate pourquoi vous provoquez comme ça,victim,NAG,NULL,NULL,DFN,NULL,NEU,scenario_religion_fatimah_fourth,religion
72,Pauline76,15:46:56,ptdrrr jla défends pas wsh,conciliator,NAG,NULL,NULL,OTH,ATK,NEG,scenario_religion_fatimah_fourth,religion
73,Paul93,15:46:58,tu vas faire quoi fatima ?? exploser de colère ?,bully_support,OAG,victim,DNG,ATK,DFN,NEG,scenario_religion_fatimah_fourth,religion
74,Coralie,15:47:06,vous etes tous mechant elle fait rien et vous dites sa,victim_support,OAG,bully/bully_support,OTH,DFN,NULL,NEG,scenario_religion_fatimah_fourth,religion
75,Pierre55,15:47:08,tu fait la meme t a ta pote qui vien et qui te renifle le cul,victim_support,OAG,bully,OTH,DFN,ATK,NEG,scenario_religion_fatimah_fourth,religion
76,Julie25,15:47:35,qu’elle degage l’algérienne de mes couilles la,bully,OAG,victim,DNG,ATK,DFN,NEG,scenario_religion_fatimah_fourth,religion
77,Fatimah,15:47:37,vous avez pas d'éducation ça craint,victim,OAG,bully_support,DNG,DFN,ATK,NEG,scenario_religion_fatimah_fourth,religion
78,Kate55,15:47:53,J’avoue Julie,bully,NAG,NULL,NULL,AIN,ATK,NEG,scenario_religion_fatimah_fourth,religion
79,Coralie,15:48:01,ouais c est vrai fatimah a rasion,victim_support,NAG,NULL,NULL,EMP,DFN,NEG,scenario_religion_fatimah_fourth,religion
80,Pierre55,15:48:04,kate tu fait la meme,victim_support,OAG,bully,DNG,DFN,AIN,NEG,scenario_religion_fatimah_fourth,religion
81,Kate55,15:48:06,Retourne dans ton pays fatimah Avec ta vieille tête la,bully,OAG,victim,DNG,ATK,DFN,NEG,scenario_religion_fatimah_fourth,religion
82,Fatimah,15:48:17,Ca vous fait quoi que je sois algérienne,victim,NAG,NULL,NULL,CNS,ATK,NEU,scenario_religion_fatimah_fourth,religion
83,Pauline76,15:48:22,mais arretez de vous embrouillez pr r,conciliator,NAG,NULL,NULL,OTH,NULL,NEU,scenario_religion_fatimah_fourth,religion
84,Pierre55,15:48:27,tu arrive et tu lui saute dessus c pas unb morceau de viande laisse la,victim_support,OAG,bully,OTH,DFN,ATK,NEG,scenario_religion_fatimah_fourth,religion
85,Paul93,15:48:35,on est pas trop fan d'epices par ici,bully_support,OAG,victim,DNG,ATK,DFN,NEG,scenario_religion_fatimah_fourth,religion
86,Julie25,15:48:36,casse toi va manger du couscous,bully,OAG,victim,DNG,ATK,DFN,NEG,scenario_religion_fatimah_fourth,religion
87,Pauline76,15:48:38,fatimah a déjà dit qu'elle a r fait donc cbvn arretez,conciliator,NAG,NULL,NULL,DFN,ATK,NEU,scenario_religion_fatimah_fourth,religion
88,Pierre55,15:48:44,meuf ta redoubler 3 fois parle pas,victim_support,OAG,bully,DNG,DFN,ATK,NEG,scenario_religion_fatimah_fourth,religion
89,Fatimah,15:48:53,mais voila laissez moi tranquille,victim,NAG,NULL,NULL,DFN,ATK,NEU,scenario_religion_fatimah_fourth,religion
90,Kate55,15:49:12,Bah laisse les mecs trkl alors,bully,NAG,NULL,NULL,OTH,DFN,NEU,scenario_religion_fatimah_fourth,religion
91,Pierre55,15:49:16,et toi va manger autre chose que la queue de ta pote,victim_support,OAG,bully,DNG,DFN,ATK,NEG,scenario_religion_fatimah_fourth,religion
92,Julie25,15:49:18,pauline jte jure ferme la avant que jten colle une,bully,OAG,conciliator,THR,ATK,DFN,NEG,scenario_religion_fatimah_fourth,religion
93,Fatimah,15:49:25,je veux pas de mec c'est toi qui crois trop,victim,OAG,bully/bully_support,OTH,DFN,NULL,NEG,scenario_religion_fatimah_fourth,religion
94,Pierre55,15:49:28,oulala octogone,victim_support,CAG,bully,OTH,DFN,ATK,NEG,scenario_religion_fatimah_fourth,religion
95,Julie25,15:49:39,dis celui qui lui gobe les boules pr avoir son cul 🤣🤣,bully,OAG,victim,DNG,ATK,DFN,NEG,scenario_religion_fatimah_fourth,religion
96,Coralie,15:49:47,elle a rien fais laisser la tranquille,victim_support,NAG,NULL,NULL,DFN,ATK,NEU,scenario_religion_fatimah_fourth,religion
97,Kate55,15:49:48,😂,bully,NAG,NULL,NULL,OTH,NULL,NEU,scenario_religion_fatimah_fourth,religion
98,Paul93,15:49:50,Pierre tu me fait le policier la t'essaie de gratter un vol air algérie ???,bully_support,OAG,victim_support,OTH,ATK,DFN,NEG,scenario_religion_fatimah_fourth,religion
99,Pauline76,15:49:55,beh vasy g pas peur de toi,conciliator,NAG,NULL,NULL,DFN,ATK,NEG,scenario_religion_fatimah_fourth,religion
100,Julie25,15:49:58,MDRRRR,bully,NAG,NULL,NULL,AIN,ATK,NEG,scenario_religion_fatimah_fourth,religion
101,Pauline76,15:50:05,tu veux prouver koi sale folle,conciliator,OAG,bully,NCG,DFN,AIN,NEG,scenario_religion_fatimah_fourth,religion
102,Julie25,15:50:07,dis leur paul,bully,NAG,NULL,NULL,AIN,ATK,NEG,scenario_religion_fatimah_fourth,religion
103,Paul93,15:50:17,tjr julie,bully_support,NAG,NULL,NULL,AIN,AIN,NEG,scenario_religion_fatimah_fourth,religion
104,Julie25,15:50:34,viens irl jte fais manger le goudron,bully,OAG,conciliator,THR,ATK,DFN,NEG,scenario_religion_fatimah_fourth,religion
105,Paul93,15:50:40,mdrrrr,bully_support,NAG,NULL,NULL,AIN,ATK,NEG,scenario_religion_fatimah_fourth,religion
106,Pierre55,15:50:42,vous etes tellement des merdes a vous en prendre a elle tu fume un trop,victim_support,OAG,bully/bully_support,NCG,DFN,NULL,NEG,scenario_religion_fatimah_fourth,religion
107,Kate55,15:50:49,Tg toi Tu la veux dans ton lit ou quoi,bully,OAG,victim_support,OTH,ATK,DFN,NEG,scenario_religion_fatimah_fourth,religion
108,Paul93,15:50:58,tu vas ramener tes 30 cousins les DZ,bully_support,OAG,victim,DNG,ATK,DFN,NEG,scenario_religion_fatimah_fourth,religion
109,Pierre55,15:51:06,toi tu es jalouse d elle juste parce que t rincer,victim_support,OAG,bully_support,OTH,DFN,ATK,NEG,scenario_religion_fatimah_fourth,religion
110,Paul93,15:51:14,-_-,bully_support,NAG,NULL,NULL,OTH,NULL,NEU,scenario_religion_fatimah_fourth,religion
111,Julie25,15:51:22,t’as vu ta gueule🤣🤣🤣🤣,bully,OAG,victim_support,DNG,ATK,DFN,NEG,scenario_religion_fatimah_fourth,religion
112,Pauline76,15:51:29,va manger de la boue ça te fera du bien,conciliator,OAG,bully,OTH,DFN,ATK,NEG,scenario_religion_fatimah_fourth,religion
113,Pierre55,15:51:37,meuf ton daron c shrek parle pas,victim_support,OAG,bully,DNG,DFN,ATK,NEG,scenario_religion_fatimah_fourth,religion
114,Julie25,15:51:44,bref ça y est elle clc qu’elle arrête de faire la go devant nos mecs cette pute,bully,OAG,victim,NCG,ATK,DFN,NEG,scenario_religion_fatimah_fourth,religion
115,Coralie,15:51:44,mais vous avez pas mieux a faire,victim_support,CAG,bully,OTH,DFN,ATK,NEG,scenario_religion_fatimah_fourth,religion
116,Fatimah,15:51:49,mais franchement si vous savez pas vous faire des mecs m'engrainez pas,victim,OAG,bully/bully_support,OTH,DFN,NULL,NEG,scenario_religion_fatimah_fourth,religion
117,Pauline76,15:51:50,et cbn arretez avc vos vieilles histoires ça sert a r,conciliator,NAG,NULL,NULL,DFN,ATK,NEG,scenario_religion_fatimah_fourth,religion
118,Coralie,15:52:15,mais oui ca sert a rien,victim_support,NAG,NULL,NULL,EMP,DFN,NEG,scenario_religion_fatimah_fourth,religion
119,Julie25,15:52:16,tg sale chienne on t’a rien demandé,bully,OAG,victim,OTH,ATK,DFN,NEG,scenario_religion_fatimah_fourth,religion
120,Pierre55,15:52:22,owow elle s enerve l autre folle,victim_support,OAG,bully/bully_support,OTH,DFN,NULL,NEG,scenario_religion_fatimah_fourth,religion
121,Paul93,15:52:43,tg fatima tu vient a poil pour attirer les daleux julie et kate te mettent une vitesse en beauté,bully_support,OAG,victim,OTH,ATK,DFN,NEG,scenario_religion_fatimah_fourth,religion
122,Fatimah,15:52:43,julie elle m'agresse elle est salée,victim,OAG,bully,OTH,DFN,ATK,NEG,scenario_religion_fatimah_fourth,religion
123,Julie25,15:52:44,c ça pierre continue de lui gober les boules,bully,OAG,victim_support,DNG,ATK,DFN,NEG,scenario_religion_fatimah_fourth,religion
124,Kate55,15:52:47,"Mais y’a pas à la défendre comme ça, elle vous a promis de partager les mecs en échange ou quoi",bully,OAG,victim_support,OTH,ATK,DFN,NEG,scenario_religion_fatimah_fourth,religion
125,Pierre55,15:52:56,tu t en prend a tt le monde car soit disant t connue,victim_support,CAG,bully,OTH,DFN,ATK,NEG,scenario_religion_fatimah_fourth,religion
126,Pauline76,15:53:03,"mais arretez, fatimah a deja ditt quelle a r fait et quelle veut pas de vos vieux mecs",conciliator,CAG,bully,OTH,DFN,ATK,NEG,scenario_religion_fatimah_fourth,religion
127,Coralie,15:53:07,c est vous vous enerver pour r,victim_support,OAG,bully,OTH,DFN,ATK,NEG,scenario_religion_fatimah_fourth,religion
128,Kate55,15:53:32,Mais tg toi vrm,bully,OAG,victim_support,OTH,ATK,DFN,NEG,scenario_religion_fatimah_fourth,religion
129,Julie25,15:53:36,vs êtes pas dans l’histoire vs vs mêlez de tt cassez vous,bully,OAG,victim,OTH,ATK,DFN,NEG,scenario_religion_fatimah_fourth,religion
130,Fatimah,15:53:41,franchement vous êtes des gamins pourquoi vous vous énervez pour des mecs à la con ?,victim,OAG,bully/bully_support,DNG,DFN,NULL,NEG,scenario_religion_fatimah_fourth,religion
131,Pauline76,15:53:43,ptdrrr ta trop cru quon veut tes vieux mecs JPPPPP,conciliator,OAG,bully,OTH,DFN,ATK,NEG,scenario_religion_fatimah_fourth,religion
132,Pierre55,15:53:50,et vous vous y etes ?,victim_support,OAG,bully,OTH,DFN,ATK,NEG,scenario_religion_fatimah_fourth,religion
133,Julie25,15:53:52,j’ai juré fatimah regarde bien si tu continues,bully,OAG,victim,THR,ATK,DFN,NEG,scenario_religion_fatimah_fourth,religion
134,Paul93,15:53:55,coralie t'arrive encore a parler avec tout ca dans la bouche,bully_support,CAG,victim_support,OTH,ATK,DFN,NEG,scenario_religion_fatimah_fourth,religion
135,Julie25,15:54:01,AHAHHAHAHA,bully,NAG,NULL,NULL,AIN,ATK,NEG,scenario_religion_fatimah_fourth,religion
136,Kate55,15:54:05,MDRR,bully,NAG,NULL,NULL,AIN,ATK,NEG,scenario_religion_fatimah_fourth,religion
137,Pierre55,15:54:07,vous rentrez dans le tas et l insulter,victim_support,OAG,bully,OTH,DFN,ATK,NEG,scenario_religion_fatimah_fourth,religion
138,Kate55,15:54:23,Tu fous quoi la toi deja,bully,OAG,victim_support,OTH,ATK,DFN,NEG,scenario_religion_fatimah_fourth,religion
139,Pierre55,15:54:26,\O/,victim_support,NAG,NULL,NULL,OTH,NULL,NEU,scenario_religion_fatimah_fourth,religion
140,Pierre55,15:54:32,et toi ? ta pas d bite a pomper ?,victim_support,OAG,bully,DNG,DFN,ATK,NEG,scenario_religion_fatimah_fourth,religion
0,Pierre47,10:22:31,wsh wsh canne a peche,victim_support,NAG,NULL,NULL,OTH,NULL,NEU,scenario_religion_fatimah_third,religion
1,Pierre47,10:23:18,ça smart ?,victim_support,NAG,NULL,NULL,OTH,NULL,NEU,scenario_religion_fatimah_third,religion
2,Coralie,10:24:40,bonjù,victim_support,NAG,NULL,NULL,OTH,NULL,NEU,scenario_religion_fatimah_third,religion
3,julie,10:24:44,salutttt,bully,NAG,NULL,NULL,OTH,OTH,NEU,scenario_religion_fatimah_third,religion
4,Fatimah-victime,10:24:54,Hey !,victim,NAG,NULL,NULL,OTH,OTH,NEU,scenario_religion_fatimah_third,religion
5,Pierre47,10:25:14,Mademoiselle vous m'avais l'air très charmante moyen d'avoir un 06 petite Coralie,victim_support,NAG,NULL,NULL,OTH,OTH,POS,scenario_religion_fatimah_third,religion
6,Leo68,10:26:12,bahahah tu veux le num d'une immigrée ?,bully_support,CAG,victim,DNG,AIN,OTH,NEG,scenario_religion_fatimah_third,religion
7,julie,10:26:27,j'avoue mdr,bully,NAG,NULL,NULL,AIN,AIN,NEG,scenario_religion_fatimah_third,religion
10,Leo68,10:26:58,bahaha faut l'envoyer dans l'avion oe avec sa boue sur les doigts là,bully_support,OAG,victim,DNG,ATK,AIN,NEG,scenario_religion_fatimah_third,religion
11,Pierre47,10:27:34,wow ça c'est limite fréro calme le jeux,victim_support,CAG,bully_support,THR,DFN,ATK,NEU,scenario_religion_fatimah_third,religion
12,julie,10:27:46,nan chuis d'accord avec lui,bully,NAG,NULL,NULL,AIN,ATK,NEG,scenario_religion_fatimah_third,religion
13,Pierre47,10:28:00,sinon je devrais t'envoyer te délecter de t'es ancetres,victim_support,CAG,bully_support,THR,DFN,ATK,NEG,scenario_religion_fatimah_third,religion
14,Leo68,10:28:17,faut être honnête dans la vie mon reuf,bully_support,CAG,victim_support,OTH,ATK,DFN,NEG,scenario_religion_fatimah_third,religion
15,Coralie,10:28:22,wow calmez vous,victim_support,NAG,NULL,NULL,CR,NULL,NEU,scenario_religion_fatimah_third,religion
16,Leo68,10:28:46,ouuuh mais c'est que on protège la petite immigrée,bully_support,CAG,victim,DNG,ATK,CR,NEG,scenario_religion_fatimah_third,religion
17,Leo68,10:28:54,on se calme pas ici personne veut d'elle frr,bully_support,OAG,victim,OTH,ATK,CR,NEG,scenario_religion_fatimah_third,religion
18,Fatimah-victime,10:29:14,C'est quoi ces commentaires raciste la ?? vous etes serieux ?,victim,NAG,NULL,NULL,DFN,ATK,NEG,scenario_religion_fatimah_third,religion
19,Pierre47,10:29:23,pas gentil,victim_support,NAG,NULL,NULL,DFN,ATK,NEG,scenario_religion_fatimah_third,religion
20,Coralie,10:29:29,pk vous dites des trucs racistes,victim_support,NAG,NULL,NULL,DFN,ATK,NEU,scenario_religion_fatimah_third,religion
21,Pierre47,10:29:33,calme toi Leo,victim_support,NAG,NULL,NULL,CR,ATK,NEU,scenario_religion_fatimah_third,religion
22,Leo68,10:29:47,"toi la djiadiste on t,as pas parlé donc ta geule",bully_support,OAG,victim,OTH,ATK,DFN,NEG,scenario_religion_fatimah_third,religion
23,Leo68,10:30:00,avec tes doigts sale là,bully_support,OAG,victim,OTH,ATK,DFN,NEG,scenario_religion_fatimah_third,religion
24,kate93,10:30:01,vous etes tous des merdes,bully,OAG,victim/victim_support,DNG,ATK,NULL,NEG,scenario_religion_fatimah_third,religion
25,julie,10:30:02,j'avoue qu'elle retourne dans son pays qu'elle nous fasse pas chier,bully,OAG,victim,OTH,AIN,ATK,NEG,scenario_religion_fatimah_third,religion
26,Pierre47,10:30:26,elle vas faire pt t'es mort tu vas voir remake des tours jumelles dans ton bat,victim_support,OAG,bully_support,THR,DFN,ATK,NEG,scenario_religion_fatimah_third,religion
27,Fatimah-victime,10:30:35,"aller c'est partie, pour toi tous les musulman sont des djiadiste ? le niveau quoi",victim,OAG,bully_support,OTH,DFN,ATK,NEG,scenario_religion_fatimah_third,religion
28,Sandrine12,10:30:42,Oh calme toi la,conciliator,NAG,NULL,NULL,CR,NULL,NEU,scenario_religion_fatimah_third,religion
29,Leo68,10:30:46,grave mdrr elle est tellement sale que même les algériens ils veulent pas d'elle,bully_support,OAG,victim,DNG,AIN,ATK,NEG,scenario_religion_fatimah_third,religion
30,julie,10:31:02,et fatimah arrete de trainer avec les gars qu'est qui trouve de beau chez toi serieux,bully,OAG,victim,DNG,ATK,DFN,NEG,scenario_religion_fatimah_third,religion
31,Leo68,10:31:13,bah oui t'es une bombe à retardement :'),bully_support,OAG,victim,OTH,ATK,DFN,NEG,scenario_religion_fatimah_third,religion
32,Fatimah-victime,10:31:20,julie tu est juste jalouse ! tu pas mieux a faire dans ta vie ?,victim,OAG,bully,OTH,DFN,ATK,NEG,scenario_religion_fatimah_third,religion
33,Pierre47,10:31:26,tg c'est toi qui pue leo tu joue a lol frère me parle pas de douche,victim_support,OAG,bully_support,OTH,DFN,ATK,NEG,scenario_religion_fatimah_third,religion
34,Leo68,10:31:28,j'avoue elle est cheum,bully_support,OAG,victim,OTH,AIN,ATK,NEG,scenario_religion_fatimah_third,religion
35,Sandrine12,10:31:47,leo taimerai quon parle de ta mere comme sa,conciliator,NAG,NULL,NULL,DFN,ATK,NEG,scenario_religion_fatimah_third,religion
36,julie,10:32:04,nan mais fatimah t juste une conne et une voleuse de petits amis,bully,OAG,victim,OTH,ATK,DFN,NEG,scenario_religion_fatimah_third,religion
37,paul83,10:32:08,julie elle est pas jalouse frr tu met de la merde sur t doit tu crois elle vas te jalousé,bully_support,OAG,victim,OTH,ATK,DFN,NEG,scenario_religion_fatimah_third,religion
38,julie,10:32:10,tout le monde le sais,bully,OAG,victim,OTH,ATK,DFN,NEG,scenario_religion_fatimah_third,religion
39,Leo68,10:32:12,j'aimerai que tu la fermes,bully_support,OAG,victim_support,OTH,ATK,DFN,NEG,scenario_religion_fatimah_third,religion
40,Pierre47,10:32:13,ta la coupe a Many dans l'age de glace parle pas,victim_support,OAG,bully,DNG,DFN,ATK,NEG,scenario_religion_fatimah_third,religion
41,Fatimah-victime,10:32:23,Leo68 c'est un compliment MDR ?,victim,CAG,bully_support,OTH,DFN,ATK,NEG,scenario_religion_fatimah_third,religion
42,Pierre47,10:32:34,étouffe toi avec mes boules Leo68,victim_support,OAG,bully_support,OTH,DFN,ATK,NEG,scenario_religion_fatimah_third,religion
43,kate93,10:32:47,oh fermez vos gueule bande de fdp vous parlez trop,bully,OAG,victim_support,OTH,ATK,DFN,NEG,scenario_religion_fatimah_third,religion
44,Leo68,10:32:56,tg pierre,bully_support,OAG,victim_support,OTH,ATK,DFN,NEG,scenario_religion_fatimah_third,religion
45,kate93,10:32:59,pour rien dire,bully,OAG,victim_support,OTH,ATK,DFN,NEG,scenario_religion_fatimah_third,religion
46,Sandrine12,10:33:09,vous aimez les fraises ?,conciliator,NAG,NULL,NULL,OTH,NULL,NEU,scenario_religion_fatimah_third,religion
47,paul83,10:33:10,tes parent immigres la retourne dans ton pays,bully_support,OAG,victim,OTH,ATK,DFN,NEG,scenario_religion_fatimah_third,religion
48,Leo68,10:33:17,va te faire exploser avec ton gros porc et casse toi,bully_support,OAG,victim,OTH,ATK,DFN,NEG,scenario_religion_fatimah_third,religion
49,Pierre47,10:33:27,kate93 vas te sucider,victim_support,OAG,bully,OTH,DFN,ATK,NEG,scenario_religion_fatimah_third,religion
50,Leo68,10:33:36,grv mdrr paul il a trop raison,bully_support,NAG,NULL,NULL,AIN,ATK,NEG,scenario_religion_fatimah_third,religion
51,Coralie,10:33:36,Oe c super bon les fraises Sandrine12,victim_support,NAG,NULL,NULL,OTH,DFN,NEU,scenario_religion_fatimah_third,religion
52,Fatimah-victime,10:33:36,C'est surtoutvous kate93 et julie !! cous etes des rasiste j'ai vue la conv sur Watsapp,victim,OAG,bully,NCG,DFN,ATK,NEG,scenario_religion_fatimah_third,religion
53,kate93,10:33:47,comment ca va te sucider tu veux jte ntm ou quoi,bully,OAG,victim,DNG,ATK,DFN,NEG,scenario_religion_fatimah_third,religion
54,Fatimah-victime,10:34:02,pourquoi tu fait ça ? tu veut quoi ?,victim,NAG,NULL,NULL,DFN,ATK,NEU,scenario_religion_fatimah_third,religion
55,julie,10:34:22,et toi pk tu voles les petits amis et tu fais chier tout le monde,bully,OAG,victim,OTH,ATK,DFN,NEG,scenario_religion_fatimah_third,religion
56,Pierre47,10:34:22,Leo68 kate93 je pisse sur vos daronnes elle a rien fait fatimah,victim_support,OAG,bully/bully_support,OTH,DFN,NULL,NEG,scenario_religion_fatimah_third,religion
57,paul83,10:34:22,pierre et coralie art de sucer,bully_support,OAG,victim_support,DNG,ATK,DFN,NEG,scenario_religion_fatimah_third,religion
58,Pierre47,10:34:30,</3,victim_support,NAG,NULL,NULL,OTH,NULL,NEU,scenario_religion_fatimah_third,religion
59,Leo68,10:34:36,nan elles sont honnête frr  puis tg arrête de parler une langue qui ne vient pas de ton pays d'immigrés fatima la sale,bully_support,OAG,victim,OTH,ATK,DFN,NEG,scenario_religion_fatimah_third,religion
60,julie,10:34:38,tu comprends pas que personne veux de toiiii,bully,OAG,victim,DNG,ATK,DFN,NEG,scenario_religion_fatimah_third,religion
61,kate93,10:34:39,pourquoi tu t'appelle fatimah la honte quoi,bully,OAG,victim,DNG,ATK,DFN,NEG,scenario_religion_fatimah_third,religion
62,Coralie,10:34:41,arretez les propos racistes ça sert à rien,victim_support,OAG,bully_support,OTH,DFN,ATK,NEG,scenario_religion_fatimah_third,religion
63,Leo68,10:34:55,fatima la grosse rat,bully_support,OAG,victim,NCG,ATK,DFN,NEG,scenario_religion_fatimah_third,religion
64,Fatimah-victime,10:34:56,Je ne vois pas en quoi je vole amis ?? je suis comme tous le monde j'ai le droit de faire ce que je veut ?? Si tu en as pas c'est ton soucis pas le mien,victim,NAG,NULL,NULL,CNS,ATK,NEG,scenario_religion_fatimah_third,religion
65,kate93,10:35:11,fatimah la grosse pute,bully,OAG,victim,NCG,ATK,CNS,NEG,scenario_religion_fatimah_third,religion
66,Sandrine12,10:35:24,vous voulez pas quon organise une sortit pour vous calmer,conciliator,NAG,NULL,NULL,OTH,CNS,NEG,scenario_religion_fatimah_third,religion
67,Pierre47,10:35:24,je suis obliger de pepon ton père car ta salope de mère est pas capable de le faire paul83,victim_support,OAG,bully_support,DNG,DFN,ATK,NEG,scenario_religion_fatimah_third,religion
68,julie,10:35:27,nana mais fatimah t laide tu plaies a personne,bully,OAG,victim,DNG,ATK,CNS,NEG,scenario_religion_fatimah_third,religion
69,Leo68,10:35:38,mais arrête de toucher les mecs avec tes doigts crades wsh,bully_support,OAG,victim,DNG,ATK,CNS,NEG,scenario_religion_fatimah_third,religion
70,Fatimah-victime,10:35:45,"ça te pose un soucis, par ce que Kate c'est mieux peut etre ? fatimah c'est trés jolie et je suis fiere de porté ce prénom",victim,OAG,bully,OTH,DFN,ATK,NEG,scenario_religion_fatimah_third,religion
71,Pierre47,10:35:51,ftg julie retourne en schimio,victim_support,OAG,bully,OTH,DFN,ATK,NEG,scenario_religion_fatimah_third,religion
72,kate93,10:36:03,bah kate c'est deja plus francais quoi ptdrrr,bully,CAG,victim,OTH,ATK,DFN,NEG,scenario_religion_fatimah_third,religion
73,Leo68,10:36:08,pierre va avec ton immigré et tais toi bnande de crades,bully_support,OAG,victim/victim_support,OTH,ATK,NULL,NEG,scenario_religion_fatimah_third,religion
74,Fatimah-victime,10:36:20,julie Pourquoi tu as si peut alors ?,victim,NAG,NULL,NULL,DFN,ATK,NEG,scenario_religion_fatimah_third,religion
75,Coralie,10:36:30,ça va tu va bien paul83,victim_support,CAG,bully_support,OTH,OTH,NULL,NEG,scenario_religion_fatimah_third,religion
76,paul83,10:36:36,bsahtek on ta pas demander si t'etait fier de porter ton prenom ont s'en blc,bully_support,OAG,victim,OTH,ATK,DFN,NEG,scenario_religion_fatimah_third,religion
77,Fatimah-victime,10:36:44,julie Pourquoi tu as si peure alors ?,victim,NAG,NULL,NULL,CNS,ATK,NEG,scenario_religion_fatimah_third,religion
78,Leo68,10:36:48,grvvv mdr tg l'immigré,bully_support,OAG,victim,OTH,ATK,DFN,NEG,scenario_religion_fatimah_third,religion
79,Pierre47,10:37:02,go back to the kicthen kate83,victim_support,OAG,bully,OTH,DFN,ATK,NEG,scenario_religion_fatimah_third,religion
80,julie,10:37:06,vraiment fatimah tu casses les couilles a tout  le monde,bully,OAG,victim,DNG,ATK,DFN,NEG,scenario_religion_fatimah_third,religion
81,Coralie,10:37:15,non,victim_support,NAG,NULL,NULL,CNS,ATK,NEG,scenario_religion_fatimah_third,religion
82,Leo68,10:37:16,retourne manger du cochon,bully_support,OAG,victim_support,OTH,ATK,DFN,NEG,scenario_religion_fatimah_third,religion
83,Sandrine12,10:37:17,fatimah ils sont beaux tes doigts jadore,conciliator,NAG,NULL,NULL,EMP,DFN,NEU,scenario_religion_fatimah_third,religion
84,julie,10:37:27,comment des gens peuvent te defendre,bully,OAG,victim,OTH,ATK,EMP,NEG,scenario_religion_fatimah_third,religion
85,Coralie,10:37:27,me too,victim_support,NAG,NULL,NULL,OTH,EMP,NEU,scenario_religion_fatimah_third,religion
86,Fatimah-victime,10:37:30,paul83 arrete d'etre le chienchien de Kate et Julie et réfléchie par toi meme un peu,victim,OAG,bully_support,OTH,DFN,ATK,NEG,scenario_religion_fatimah_third,religion
87,paul83,10:37:35,sandrine suceuse,bully_support,OAG,conciliator,DNG,ATK,EMP,NEG,scenario_religion_fatimah_third,religion
88,Leo68,10:37:37,ptdrr pierre est sexiste mais il nous traite de rasciste,bully_support,OAG,victim_support,NCG,ATK,DFN,NEG,scenario_religion_fatimah_third,religion
89,Pierre47,10:37:49,mais tg toi,victim_support,OAG,bully_support,OTH,DFN,ATK,NEG,scenario_religion_fatimah_third,religion
90,Sandrine12,10:37:51,paul comment tu peux me dire sa,conciliator,NAG,NULL,NULL,CNS,ATK,NEG,scenario_religion_fatimah_third,religion
91,kate93,10:37:52,bah nan paul je laime trop,bully,CAG,victim,OTH,AIN,ATK,NEG,scenario_religion_fatimah_third,religion
92,Leo68,10:38:02,grv paul elle aime en manger hein,bully_support,CAG,conciliator,DNG,AIN,ATK,NEG,scenario_religion_fatimah_third,religion
93,Fatimah-victime,10:38:10,julie Les gens logique ! ceux qui ne sont pas rasiste et qui ne vivent pas dans des peures inventé,victim,NAG,NULL,NULL,CNS,AIN,NEG,scenario_religion_fatimah_third,religion
94,kate93,10:38:24,oue jadore manger paul,bully,CAG,victim,OTH,OTH,ATK,NEG,scenario_religion_fatimah_third,religion
95,Pierre47,10:38:24,(y)  tu vois je met mon pouce dans ton cul Leo68,victim_support,OAG,bully_support,THR,DFN,ATK,NEG,scenario_religion_fatimah_third,religion
96,paul83,10:38:39,paul c un prenom sale chien pk tu dit elle aime en manger,bully_support,CAG,victim,OTH,AIN,AIN,NEG,scenario_religion_fatimah_third,religion
97,Sandrine12,10:38:41,D:,conciliator,NAG,NULL,NULL,OTH,NULL,NEU,scenario_religion_fatimah_third,religion
98,Pauline,10:38:54,-_-,conciliator,NAG,NULL,NULL,OTH,NULL,NEU,scenario_religion_fatimah_third,religion
99,Leo68,10:38:56,fatimah va bouffer du cochon avec tes doigts remplie de caca,bully_support,OAG,victim,DNG,ATK,CNS,NEG,scenario_religion_fatimah_third,religion
100,julie,10:39:01,c'est pas des gens logique c'est juste des gens qui ont pitié de toi,bully,OAG,victim,OTH,ATK,CNS,NEG,scenario_religion_fatimah_third,religion
101,kate93,10:39:17,tu nous fauis de la peine,bully,OAG,victim,OTH,ATK,CNS,NEG,scenario_religion_fatimah_third,religion
102,Leo68,10:39:17,faute de frappe mon reuf,bully_support,NAG,NULL,NULL,OTH,OTH,NEU,scenario_religion_fatimah_third,religion
103,Fatimah-victime,10:39:36,Ah oui le niveau ! tu as jamais vue de l'henné de ta vie ou quoi ?,victim,CAG,bully_support,OTH,DFN,ATK,NEG,scenario_religion_fatimah_third,religion
104,paul83,10:39:46,Fatimah tgl stp,bully_support,OAG,victim,OTH,ATK,DFN,NEG,scenario_religion_fatimah_third,religion
105,Pierre47,10:39:59,j'ai baisé la mère de la soeur de vos cousine kate93 julie Leo68 \O/  chien tete en haut,victim_support,OAG,bully/bully_support,OTH,DFN,NULL,NEG,scenario_religion_fatimah_third,religion
106,Leo68,10:40:15,pierre chui pas gay donc garde ton doigts pour toi,bully_support,OAG,victim_support,OTH,ATK,DFN,NEG,scenario_religion_fatimah_third,religion
107,paul83,10:40:15,c pas du henne c de la merde sale chienne sale arabe,bully_support,OAG,victim,OTH,ATK,DFN,NEG,scenario_religion_fatimah_third,religion
108,kate93,10:40:16,et moi jbz ta grand mere la pute,bully,OAG,victim_support,OTH,ATK,DFN,NEG,scenario_religion_fatimah_third,religion
109,Leo68,10:40:36,oeeee paul il a tarpin raison,bully_support,NAG,NULL,NULL,AIN,ATK,NEG,scenario_religion_fatimah_third,religion
110,julie,10:40:39,t'a pas trouvé mieux pierre,bully,CAG,victim_support,OTH,ATK,DFN,NEG,scenario_religion_fatimah_third,religion
111,Coralie,10:40:46,Pierre47 t vraiment bizarre hein...,victim_support,NAG,NULL,NULL,OTH,DFN,NEG,scenario_religion_fatimah_third,religion
112,Fatimah-victime,10:40:47,Ne te préoccupe pas de ce que je mange ou pas stp !  en quoi ça te concerne que je mange du cochon ?,victim,OAG,bully_support,OTH,DFN,ATK,NEG,scenario_religion_fatimah_third,religion
113,Leo68,10:40:47,tg coralie,bully_support,OAG,victim_support,OTH,ATK,OTH,NEG,scenario_religion_fatimah_third,religion
114,Pierre47,10:41:07,Leo68 tu vois pas ta bite quand tu parle pisse excuse,victim_support,OAG,bully_support,DNG,DFN,ATK,NEG,scenario_religion_fatimah_third,religion
115,Sandrine12,10:41:23,pk leo tu insulte elle ta fais quoi et tout les autres,conciliator,NAG,NULL,NULL,CNS,ATK,NEG,scenario_religion_fatimah_third,religion
116,Pierre47,10:41:43,vas y Sandrine encule le,victim_support,OAG,bully_support,OTH,OTH,CNS,NEG,scenario_religion_fatimah_third,religion
117,paul83,10:41:45,sandrine tgl,bully_support,OAG,conciliator,OTH,ATK,CNS,NEG,scenario_religion_fatimah_third,religion
118,Leo68,10:41:47,"j,ai pas fait expres",bully_support,NAG,NULL,NULL,OTH,CNS,NEU,scenario_religion_fatimah_third,religion
119,Pierre47,10:41:52,je crois en toi,victim_support,NAG,NULL,NULL,OTH,DFN,NEU,scenario_religion_fatimah_third,religion
121,Coralie,10:42:09,pas fait exprès d'insulter paul83?,victim_support,NAG,NULL,NULL,OTH,NULL,NEU,scenario_religion_fatimah_third,religion
122,Leo68,10:42:10,tg pierre,bully_support,OAG,victim_support,OTH,ATK,OTH,NEG,scenario_religion_fatimah_third,religion
123,julie,10:42:18,sinon fatimah on dirait elle a fermé sa gueule,bully,OAG,victim,OTH,AIN,ATK,NEG,scenario_religion_fatimah_third,religion
124,Pierre47,10:42:22,non par contre le cochon c'est trop bon mais chacun fait comme il veut après,victim_support,OAG,bully_support,DNG,DFN,ATK,NEG,scenario_religion_fatimah_third,religion
125,Leo68,10:42:29,et fatimah ell e est repartie en algérie pour plus repondre,bully_support,OAG,victim,OTH,AIN,ATK,NEG,scenario_religion_fatimah_third,religion
126,paul83,10:42:31,qui ma insulté ?,bully_support,NAG,NULL,NULL,OTH,OTH,NEU,scenario_religion_fatimah_third,religion
127,Fatimah-victime,10:42:41,justement ça en fait plus pour les autres MDR,victim,CAG,bully,OTH,DFN,ATK,NEG,scenario_religion_fatimah_third,religion
128,paul83,10:42:48,sa capte pas en algérie c normal hahaha,bully_support,OAG,victim,DNG,ATK,AIN,NEG,scenario_religion_fatimah_third,religion
129,Leo68,10:42:57,bahahh,bully_support,NAG,NULL,NULL,AIN,ATK,NEG,scenario_religion_fatimah_third,religion
130,julie,10:43:04,bahh,bully,NAG,NULL,NULL,AIN,ATK,NEG,scenario_religion_fatimah_third,religion
131,Fatimah-victime,10:43:04,julie Tu ne t’arrête donc jamais  haha,victim,OAG,bully,OTH,DFN,ATK,NEG,scenario_religion_fatimah_third,religion
132,Leo68,10:43:14,c'est pas drole c'est nuuuuuul,bully_support,CAG,victim,OTH,ATK,DFN,NEG,scenario_religion_fatimah_third,religion
133,julie,10:43:36,et toi julie t'a toujours pas fermé ta gueule,bully,CAG,victim,OTH,ATK,DFN,NEG,scenario_religion_fatimah_third,religion
134,Pierre47,10:43:38,vous habitez dans des poubelles bande clodo Leo68 julie paul83,victim_support,OAG,bully/bully_support,OTH,DFN,NULL,NEG,scenario_religion_fatimah_third,religion
135,paul83,10:43:40,fatimah t genante,bully_support,OAG,victim,OTH,ATK,DFN,NEG,scenario_religion_fatimah_third,religion
136,Pierre47,10:43:50,;(,victim_support,NAG,NULL,NULL,OTH,NULL,NEU,scenario_religion_fatimah_third,religion
137,paul83,10:44:06,pierre doucement ta pas trop mal a la gorge,bully_support,CAG,victim_support,DNG,ATK,DFN,NEG,scenario_religion_fatimah_third,religion
138,julie,10:44:08,pierre comment tu peux la soutenir vraiment elle ne vaut rien,bully,OAG,victim,DNG,ATK,DFN,NEG,scenario_religion_fatimah_third,religion
139,Sandrine12,10:44:18,paul calme toi va bz une meuf pour te calmer cest mieux,conciliator,NAG,NULL,NULL,CR,ATK,NEU,scenario_religion_fatimah_third,religion
140,Fatimah-victime,10:44:28,"Bon  ça suffit le racisme de base la ! je suis née en France, j'ai la nationalité Française ! comme vous",victim,OAG,bully,OTH,DFN,ATK,NEG,scenario_religion_fatimah_third,religion
141,Leo68,10:44:30,pierre arrete bouffer la teuch sale de fatima wshh nan mon reuf,bully_support,OAG,victim_support,OTH,ATK,DFN,NEG,scenario_religion_fatimah_third,religion
142,Fatimah-victime,10:44:40,et meme si ce n»était pas le cas ce n'est pas une raison !,victim,NAG,NULL,NULL,DFN,ATK,NEG,scenario_religion_fatimah_third,religion
143,Pierre47,10:44:48,il baise des lapins le bougre de paul83,victim_support,OAG,bully_support,OTH,DFN,ATK,NEG,scenario_religion_fatimah_third,religion
144,Leo68,10:45:00,lers francais ils ont pas du caca sur les doigts,bully_support,OAG,victim,DNG,ATK,DFN,NEG,scenario_religion_fatimah_third,religion
145,julie,10:45:05,j'avoue,bully,NAG,NULL,NULL,AIN,ATK,NEG,scenario_religion_fatimah_third,religion
146,Coralie,10:45:13,tkt Fatimah-victime ils sont bêtes ils comprennent rien,victim_support,OAG,bully/bully_support,NCG,DFN,NULL,NEG,scenario_religion_fatimah_third,religion
147,paul83,10:45:20,pierre jvoit t cho sur moi il ya quoi fr,bully_support,CAG,victim_support,DNG,ATK,DFN,NEG,scenario_religion_fatimah_third,religion
148,Pierre47,10:45:21,j'avoue mais ta daronne en a plein la bouche on est  passé a plusieurs,victim_support,OAG,bully_support,DNG,DFN,ATK,NEG,scenario_religion_fatimah_third,religion
149,Fatimah-victime,10:45:35,Tu sais que l'héné ça sert pour coloré les cheveux aussi ? Ah non déso tu connais rien,victim,CAG,bully_support,OTH,DFN,ATK,NEG,scenario_religion_fatimah_third,religion
150,julie,10:45:43,c'ets toi coralie qui est bete de la proteger,bully,OAG,victim_support,NCG,ATK,DFN,NEG,scenario_religion_fatimah_third,religion
151,Leo68,10:45:50,coralie ? qui te cala meme ? t'es aussi invisible que la teub de pierre,bully_support,OAG,victim_support,DNG,ATK,DFN,NEG,scenario_religion_fatimah_third,religion
152,Pierre47,10:46:17,je te pisse dessus julie ce que tu peut pas faire toi,victim_support,OAG,bully,OTH,DFN,ATK,NEG,scenario_religion_fatimah_third,religion
153,Fatimah-victime,10:46:34,Merci Coralie :D,victim,NAG,NULL,NULL,OTH,DFN,NEU,scenario_religion_fatimah_third,religion
154,kate93,10:46:35,parle mieux a julie deja,bully,NAG,NULL,NULL,OTH,NULL,NEU,scenario_religion_fatimah_third,religion
155,Leo68,10:46:41,ooh mon reuf t'es sexiste enft,bully_support,CAG,victim_support,OTH,ATK,DFN,NEG,scenario_religion_fatimah_third,religion
156,julie,10:46:51,waw incroyable ton message pierre,bully,CAG,victim_support,OTH,ATK,DFN,NEG,scenario_religion_fatimah_third,religion
157,Pierre47,10:46:53,normale tu la vois frère ta peur elle est trop grosse,victim_support,OAG,bully_support,DNG,DFN,ATK,NEG,scenario_religion_fatimah_third,religion
158,Coralie,10:46:54,julie parce que c intelligent d'insulter les gens ? Fatimah-victime de rien c normal ils on pas à dire ça,victim_support,NAG,NULL,NULL,CNS,ATK,NEG,scenario_religion_fatimah_third,religion
159,paul83,10:47:18,fatimah retourne en algerie avec t parent les immigres,bully_support,OAG,victim,DNG,ATK,OTH,NEG,scenario_religion_fatimah_third,religion
160,kate93,10:47:32,c'est pas intelligent mais elle merite que ca elle merite de mourrir carrement,bully,OAG,victim,DNG,AIN,ATK,NEG,scenario_religion_fatimah_third,religion
161,Pierre47,10:47:47,je chie sur t'es ancetre julie sache tu descend surement des chiennes Leo68 a du t'ouvrir ton gros cul,victim_support,OAG,bully/bully_support,OTH,DFN,NULL,NEG,scenario_religion_fatimah_third,religion
162,kate93,10:47:55,cette grosse arabe de mort c marine le pen ici,bully,OAG,victim,DNG,ATK,NULL,NEG,scenario_religion_fatimah_third,religion
163,Fatimah-victime,10:48:05,paul83 tous le monde as des ancêtre immigrés,victim,NAG,NULL,NULL,DFN,ATK,NEU,scenario_religion_fatimah_third,religion
164,paul83,10:48:14,tgl,bully_support,OAG,victim,OTH,ATK,DFN,NEG,scenario_religion_fatimah_third,religion
165,Leo68,10:48:17,cette bombe a retardement,bully_support,OAG,victim,NCG,ATK,DFN,NEG,scenario_religion_fatimah_third,religion
166,julie,10:48:22,je l'insulterai pas si elle ne voler pas les petits copains des autres,bully,NAG,NULL,NULL,OTH,ATK,NEG,scenario_religion_fatimah_third,religion
167,paul83,10:48:27,pierre doucement sur les chibre,bully_support,CAG,victim_support,DNG,ATK,DFN,NEG,scenario_religion_fatimah_third,religion
168,Fatimah-victime,10:48:47,Tous ce que je fait pour toi c'est du vol de toute façon julie,victim,NAG,NULL,NULL,CNS,ATK,NEG,scenario_religion_fatimah_third,religion
169,julie,10:48:47,pierre waw de mieux en mieux,bully,CAG,victim_support,OTH,ATK,DFN,NEG,scenario_religion_fatimah_third,religion
170,Leo68,10:48:56,fatimah tu comprend pas que tu dois creuver ?????  tu salie le sol fr avec tes doigts sale,bully_support,OAG,victim,DNG,ATK,CNS,NEG,scenario_religion_fatimah_third,religion
171,Pierre47,10:49:01,dit ça a ta mère,victim_support,OAG,bully_support,OTH,DFN,ATK,NEG,scenario_religion_fatimah_third,religion
172,paul83,10:49:06,elle est moche frr qui la gere elle je la touche meme pas avec un javelot,bully_support,OAG,victim,DNG,AIN,ATK,NEG,scenario_religion_fatimah_third,religion
173,Leo68,10:49:09,pierre tg,bully_support,OAG,victim_support,OTH,ATK,DFN,NEG,scenario_religion_fatimah_third,religion
174,kate93,10:49:09,leo t'as raison,bully,OAG,victim,DNG,AIN,ATK,NEG,scenario_religion_fatimah_third,religion
175,paul83,10:49:28,craseuse,bully_support,OAG,victim,DNG,AIN,ATK,NEG,scenario_religion_fatimah_third,religion
176,Leo68,10:49:31,bahahha t'es trop drole mon reuf,bully_support,NAG,NULL,NULL,AIN,AIN,NEG,scenario_religion_fatimah_third,religion
177,kate93,10:49:32,elle restera celibataire toute sa vie la pauvre,bully,OAG,victim,DNG,AIN,ATK,NEG,scenario_religion_fatimah_third,religion
178,Leo68,10:49:52,meskinaaaa,bully_support,OAG,victim,DNG,AIN,AIN,NEG,scenario_religion_fatimah_third,religion
179,Pierre47,10:49:53,comme ta pute de soeur,victim_support,OAG,bully_support,OTH,DFN,AIN,NEG,scenario_religion_fatimah_third,religion
180,paul83,10:49:53,pierre t'aime bien les gorge profonde a se que je voit,bully_support,OAG,victim_support,DNG,ATK,DFN,NEG,scenario_religion_fatimah_third,religion
181,Fatimah-victime,10:50:06,Attention Julie je respire aussi ! je te vole ton O2 MDR,victim,OAG,bully,DNG,DFN,ATK,NEG,scenario_religion_fatimah_third,religion
182,Pierre47,10:50:07,surtout celle de tamère,victim_support,OAG,bully_support,OTH,DFN,ATK,NEG,scenario_religion_fatimah_third,religion
183,Coralie,10:50:07,Leo68 surveille un peu ce que tu dis...,victim_support,NAG,NULL,NULL,DFN,ATK,NEU,scenario_religion_fatimah_third,religion
184,paul83,10:50:23,ne compare pas une sale arabe a ma soeur pd suceur,bully_support,OAG,victim,OTH,ATK,DFN,NEG,scenario_religion_fatimah_third,religion
185,Leo68,10:50:39,coralie l'invisible tg.,bully_support,OAG,victim_support,OTH,ATK,DFN,NEG,scenario_religion_fatimah_third,religion
186,Fatimah-victime,10:50:41,kate93 ça y est tu ramène Le pen ta référente Facho ?,victim,OAG,bully,OTH,DFN,ATK,NEG,scenario_religion_fatimah_third,religion
187,julie,10:50:56,t'a pas trouvé mieux fatimah vraiment,bully,OAG,victim,OTH,ATK,DFN,NEG,scenario_religion_fatimah_third,religion
188,Leo68,10:50:59,fatimah les cochons ils parlent pas donc tg,bully_support,OAG,victim,OTH,ATK,DFN,NEG,scenario_religion_fatimah_third,religion
189,Pierre47,10:51:11,obliger de mettre un sac poubelle sur sa sale geule tellement elle est scheum quand elle suce,victim_support,OAG,bully_support,DNG,DFN,ATK,NEG,scenario_religion_fatimah_third,religion
190,kate93,10:51:15,elle a juste raison les arabes dans leur pays on veut pas de vous,bully,OAG,victim,DNG,ATK,DFN,NEG,scenario_religion_fatimah_third,religion
191,julie,10:51:22,sincere ferme la leo a raison,bully,OAG,victim_support,OTH,AIN,ATK,NEG,scenario_religion_fatimah_third,religion
192,Sandrine12,10:51:32,arreter les insultes envers ces origines qui n'ont rien avoir avec sa personnalité,conciliator,NAG,NULL,NULL,CNS,ATK,NEG,scenario_religion_fatimah_third,religion
193,paul83,10:51:41,pierre ntm sayer frr t cho sur moi,bully_support,OAG,victim_support,OTH,ATK,DFN,NEG,scenario_religion_fatimah_third,religion
194,kate93,10:51:47,oue fatimah ferme ta gueule tu pollues l'air,bully,OAG,victim,OTH,ATK,DFN,NEG,scenario_religion_fatimah_third,religion
195,Pierre47,10:51:51,elle me paye pour la soulever tellement ton daron il c'est rien faire Leo68,victim_support,OAG,bully_support,DNG,DFN,ATK,NEG,scenario_religion_fatimah_third,religion
196,Fatimah-victime,10:52:11,Quelle est le raport ? tu vas dire cochon as chaque phrase,victim,NAG,NULL,NULL,DFN,ATK,NEG,scenario_religion_fatimah_third,religion
197,Leo68,10:52:20,fatimah et pierre azllez vous faire enculer par un gros cochon,bully_support,OAG,victim/victim_support,DNG,ATK,NULL,NEG,scenario_religion_fatimah_third,religion
198,Pierre47,10:52:26,miam,victim_support,NAG,NULL,NULL,OTH,NULL,NEU,scenario_religion_fatimah_third,religion
199,Leo68,10:52:27,oui.,bully_support,NAG,NULL,NULL,OTH,DFN,NEG,scenario_religion_fatimah_third,religion
200,julie,10:52:34,ouiii,bully,NAG,NULL,NULL,OTH,DFN,NEG,scenario_religion_fatimah_third,religion
201,paul83,10:52:35,fatimah vas manger du halouf,bully_support,OAG,victim,DNG,ATK,DFN,NEG,scenario_religion_fatimah_third,religion
202,Pierre47,10:52:37,j'aime quand tu parles mal,victim_support,CAG,bully_support,OTH,DFN,ATK,NEG,scenario_religion_fatimah_third,religion
203,kate93,10:52:41,c'est pour te faire comprendre que tu sers a rien dans la vie fatimah,bully,OAG,victim,DNG,ATK,DFN,NEG,scenario_religion_fatimah_third,religion
204,Fatimah-victime,10:52:43,Sandrine12 tu as raison,victim,NAG,NULL,NULL,EMP,CNS,NEU,scenario_religion_fatimah_third,religion
205,Pierre47,10:52:44,X-P,victim_support,NAG,NULL,NULL,OTH,NULL,NEU,scenario_religion_fatimah_third,religion
206,Pauline,10:52:57,juste pourquoi vous l'insulter su rce qu'elle mange ou autre,conciliator,NAG,NULL,NULL,DFN,ATK,NEU,scenario_religion_fatimah_third,religion
207,Leo68,10:53:13,elle est aussi utile que mes poils de uc fatimah,bully_support,OAG,victim,DNG,ATK,DFN,NEG,scenario_religion_fatimah_third,religion
208,kate93,10:53:15,pauline ftg arrete de la defendre t'es une grosse' merde,bully,OAG,conciliator,OTH,ATK,DFN,NEG,scenario_religion_fatimah_third,religion
209,Pierre47,10:53:18,ils sont pd c'est pour çca,victim_support,OAG,bully/bully_support,NCG,DFN,NULL,NEG,scenario_religion_fatimah_third,religion
210,Fatimah-victime,10:53:24,Qu'es ce que ça change as votre vie ? rien !,victim,NAG,NULL,NULL,DFN,ATK,NEU,scenario_religion_fatimah_third,religion
211,Leo68,10:53:46,si. on verra plus ta geule sale fatimata,bully_support,OAG,victim,DNG,ATK,DFN,NEG,scenario_religion_fatimah_third,religion
212,kate93,10:53:55,fatimah t'es une grosse salope donc bouge et yaura plus de prbl,bully,OAG,victim,OTH,ATK,DFN,NEG,scenario_religion_fatimah_third,religion
213,Coralie,10:54:04,bah si vous l'aimez pas ne pensez plus à elle,victim_support,NAG,NULL,NULL,CNS,ATK,NEG,scenario_religion_fatimah_third,religion
214,julie,10:54:05,c'est quand que tu pars de nos vies vraiment,bully,OAG,victim,OTH,ATK,DFN,NEG,scenario_religion_fatimah_third,religion
215,kate93,10:54:13,oue sucide toi,bully,OAG,victim,OTH,ATK,DFN,NEG,scenario_religion_fatimah_third,religion
216,Leo68,10:54:16,pierre il souleve un gros porc meur,bully_support,OAG,victim_support,DNG,ATK,DFN,NEG,scenario_religion_fatimah_third,religion
217,Pierre47,10:54:53,vos daronne elles on toute le sida a force de sucé des pangolin,victim_support,OAG,bully/bully_support,DNG,DFN,NULL,NEG,scenario_religion_fatimah_third,religion
218,kate93,10:55:06,euh pierre t'es genant,bully,OAG,victim_support,OTH,ATK,DFN,NEG,scenario_religion_fatimah_third,religion
219,Pierre47,10:55:11,Retourner vous chiez dessus en ephad,victim_support,OAG,bully,OTH,DFN,ATK,NEG,scenario_religion_fatimah_third,religion
220,Leo68,10:55:20,fatima vu tes ancetres je pense que tu devrai copuler avec des porcs et mourir après,bully_support,OAG,victim,OTH,ATK,DFN,NEG,scenario_religion_fatimah_third,religion
221,Leo68,10:55:28,pierre tg,bully_support,OAG,victim_support,OTH,ATK,DFN,NEG,scenario_religion_fatimah_third,religion
222,Pierre47,10:55:31,ou en schimio selon préferance,victim_support,OAG,bully,OTH,DFN,ATK,NEG,scenario_religion_fatimah_third,religion
223,Sandrine12,10:55:36,Kate t'es pas obliger d'insulter parceque tu te sens mal d'être moins belle,conciliator,CAG,bully,DNG,DFN,ATK,NEG,scenario_religion_fatimah_third,religion
224,Fatimah-victime,10:55:44,Se suis importante pour toi ˘julie pour que tu te fixe autant sur moi ??,victim,NAG,NULL,NULL,CNS,ATK,NEU,scenario_religion_fatimah_third,religion
225,Pierre47,10:55:49,Je pisse sur tout vos ancetres bande de fdp,victim_support,OAG,bully/bully_support,OTH,DFN,NULL,NEG,scenario_religion_fatimah_third,religion
226,paul83,10:55:55,pierre tu parle toi ta la gorge tellement profonde mon frr a force de sucer tout ton quartier,bully_support,OAG,victim_support,OTH,ATK,DFN,NEG,scenario_religion_fatimah_third,religion
227,Pauline,10:55:57,tu as grv raison Sandrine,conciliator,NAG,NULL,NULL,EMP,DFN,NEU,scenario_religion_fatimah_third,religion
228,kate93,10:56:00,sandrine ta un prenom de pute me parle pas merci,bully,OAG,conciliator,NCG,ATK,DFN,NEG,scenario_religion_fatimah_third,religion
229,paul83,10:56:04,nique t mort,bully_support,OAG,conciliator,OTH,ATK,DFN,NEG,scenario_religion_fatimah_third,religion
230,Fatimah-victime,10:56:07,"Oui Sandrine12 a raison, vie ta vie et laisse moi tranquille",victim,NAG,NULL,NULL,DFN,ATK,NEU,scenario_religion_fatimah_third,religion
232,Fatimah-victime,10:56:19,arette d'etre jalouse un peu @julie,victim,OAG,bully,OTH,DFN,ATK,NEG,scenario_religion_fatimah_third,religion
233,Leo68,10:56:23,nan t'es juste moche fatima c'est tellement rare de l'etre qu'on peut que te fixer ciao les porcs,bully_support,OAG,victim,OTH,ATK,DFN,NEG,scenario_religion_fatimah_third,religion
